"last_name, first_name","player_id","year","player_age","pa","home_run","k_percent","bb_percent","batting_avg","slg_percent","on_base_percent","isolated_power","woba","xwoba","sweet_spot_percent","barrel_batted_rate","hard_hit_percent","avg_best_speed","avg_hyper_speed","whiff_percent","swing_percent"
"Hunter, Torii",116338,2015,39,567,22,18.5,6.2,".240",".409",".293","0.169",".304",".290",28.5,5.6,34.9,"98.563404126","93.39348",23.1,53.4
"Ortiz, David",120074,2015,39,614,37,15.5,12.5,".273",".553",".360","0.280",".379",".421",34.8,14.6,49.1,"102.85113274","96.053057671",23.2,44.7
"Rodriguez, Alex",121347,2015,39,620,33,23.4,13.5,".250",".486",".356","0.236",".361",".366",31.4,11.8,43.9,"101.381141361","95.014380393",32,43.9
"Ramirez, Aramis",133380,2015,37,516,17,13.2,6,".246",".423",".297","0.177",".309",".302",33.5,6.1,34.5,"97.851255714","92.944762734",17.9,52.9
"Beltré, Adrian",134181,2015,36,619,18,10.5,6.6,".287",".453",".334","0.166",".337",".361",35.7,5.8,40.4,"99.25269668","93.842412257",16.8,48.1
"Beltrán, Carlos",136860,2015,38,531,19,16,8.5,".276",".471",".337","0.195",".346",".345",34.1,6.6,41.9,"100.406684388","94.465737033",18.1,45.4
"Werth, Jayson",150029,2015,36,378,12,22.2,10.1,".221",".384",".302","0.163",".300",".331",35.2,9,40.7,"100.894025317","94.619068367",24.2,37.9
"Cuddyer, Michael",150212,2015,36,408,10,21.6,5.9,".259",".391",".309","0.132",".306",".298",31.2,5.1,30.8,"97.924347092","92.979832527",24.4,51.4
"Pierzynski, A.J.",150229,2015,38,436,9,8.5,4.4,".300",".430",".339","0.130",".333",".319",34.9,3.9,25.7,"96.027045815","92.030875761",14.2,54.8
"Rollins, Jimmy",276519,2015,36,563,13,15.3,7.8,".224",".358",".285","0.134",".283",".285",32.1,2.9,23.1,"94.846070976","91.436044694",18.2,45
"Uribe, Juan",346874,2015,36,396,14,19.9,8.6,".253",".418",".321","0.165",".320",".305",28.5,6.6,35.6,"99.324270725","93.728514891",23.7,51.5
"Suzuki, Ichiro",400085,2015,41,438,1,11.6,7.1,".229",".279",".282","0.050",".250",".256",27.2,0.6,13.8,"92.721811503","90.489552514",10.1,43.4
"Martinez, Victor",400121,2015,36,485,11,10.7,6.4,".245",".366",".301","0.121",".286",".330",33.7,4.5,33.2,"97.467268615","92.787522005",13.7,47.5
"Utley, Chase",400284,2015,36,423,8,15.1,7.6,".212",".343",".286","0.131",".274",".308",32.5,3.1,34.4,"97.735362532","92.98717759",14.5,40.8
"Pujols, Albert",405395,2015,35,661,40,10.9,7.6,".244",".480",".307","0.236",".333",".346",29.5,8.7,38.3,"100.504659847","94.487584551",16.3,45.4
"Byrd, Marlon",407781,2015,37,544,23,26.7,5.3,".247",".453",".290","0.206",".317",".313",33.9,9.5,31.1,"97.831679429","92.932033009",31.2,60.2
"Holliday, Matt",407812,2015,35,277,4,17.7,14.1,".279",".410",".394","0.131",".351",".341",28.4,5.8,39.9,"101.432345222","94.845528833",22.5,48.6
"Teixeira, Mark",407893,2015,35,462,31,18.4,12.8,".255",".548",".357","0.293",".381",".372",31.1,10.3,41.3,"100.140494902","94.402501836",22.5,42.8
"Mauer, Joe",408045,2015,32,666,10,16.8,10.1,".265",".380",".338","0.115",".311",".337",33.3,4,39.9,"99.035012259","93.792457552",16.9,40.7
"Cabrera, Miguel",408234,2015,32,511,18,16,15.1,".338",".534",".440","0.196",".413",".434",35.8,11.4,53.3,"104.226000936","97.024709123",23.1,44.9
"González, Adrián",408236,2015,33,642,28,16.7,9.7,".275",".480",".350","0.205",".354",".368",40.7,9.4,36.8,"98.744358772","93.442550154",21.6,49.7
"Phillips, Brandon",408252,2015,34,623,12,10.9,4.3,".294",".395",".328","0.101",".315",".315",32.6,2.6,26,"95.811326601","91.918819386",18.9,54.2
"Infante, Omar",408299,2015,33,455,2,15.2,2,".220",".318",".234","0.098",".238",".252",29.7,0.9,20.4,"93.880026257","91.000043994",19.9,47.7
"Reyes, José",408314,2015,32,519,7,11.9,5,".274",".378",".310","0.104",".300",".259",28.1,0.3,18.6,"93.914872935","91.119830448",16.4,50.3
"Peralta, Jhonny",425509,2015,33,640,17,17.3,7.8,".275",".411",".334","0.136",".323",".333",35.2,4.9,34,"98.062979471","93.145918612",23.1,49.9
"Barmes, Clint",425549,2015,36,224,3,24.6,4.5,".232",".353",".281","0.121",".275",".236",36.8,2.9,15.5,"93.611094795","90.927793151",23.6,54.8
"LaRoche, Adam",425560,2015,35,484,12,27.5,10.1,".207",".340",".293","0.133",".283",".300",31.5,9,35.9,"98.62118469","93.47448263",26.1,43.3
"Rios, Alex",425567,2015,34,411,4,16.3,3.6,".255",".353",".287","0.098",".279",".289",33,2.7,31.8,"97.741006582","92.923334444",18.1,47.3
"Victorino, Shane",425664,2015,34,204,1,15.7,7.8,".230",".292",".308","0.062",".271",".274",27.2,0,17.9,"92.468784583","90.763645315",18.2,40.4
"Loney, James",425766,2015,31,388,4,8.8,5.9,".280",".357",".322","0.077",".294",".294",34.8,1.3,21.5,"94.602456485","91.356470912",13.1,48.1
"Choo, Shin-Soo",425783,2015,32,653,22,22.5,11.6,".276",".463",".375","0.187",".365",".360",33.5,9.4,44.1,"100.512095792","94.585823515",27,41.9
"Rivera, René",425784,2015,31,319,5,27,3.4,".178",".275",".213","0.097",".215",".248",29.2,7.7,28.3,"96.555486476","92.358899665",31.9,56.3
"Francoeur, Jeff",425796,2015,31,343,13,22.4,3.8,".258",".433",".286","0.175",".308",".290",35.7,5.4,33.3,"98.12019376","93.06155448",25.2,56.3
"Upton, B.J.",425834,2015,30,228,5,27.2,9.2,".259",".429",".327","0.170",".326",".323",31,7.4,37.2,"100.15215194","94.168195821",32.1,49.4
"Molina, Yadier",425877,2015,32,530,4,11.1,6,".270",".350",".310","0.080",".287",".271",32.6,2.5,25.3,"95.490076558","91.769427529",16.9,54.1
"Fielder, Prince",425902,2015,31,693,23,12.7,9.2,".305",".463",".378","0.158",".360",".351",29.4,7,44.5,"101.496553053","95.058382691",20.7,47.9
"Canó, Robinson",429664,2015,32,674,21,15.9,6.4,".287",".446",".334","0.159",".335",".356",32.4,8.1,45.7,"102.302889373","95.449848118",19.1,49.8
"Encarnación, Edwin",429665,2015,32,624,39,15.7,12.3,".277",".557",".372","0.280",".392",".380",31.1,11.5,43.9,"101.759241789","95.067321839",23.1,43.1
"Hardy, J.J.",429666,2015,32,437,8,20.1,4.6,".219",".311",".253","0.092",".248",".245",26.4,1.8,30.7,"97.279273125","92.689329498",17.7,39.8
"Howard, Ryan",429667,2015,35,502,23,27.5,5.4,".229",".443",".277","0.214",".308",".359",42.5,12.5,45.2,"101.021573988","94.888513877",31.9,54.6
"Sizemore, Grady",429713,2015,32,296,6,20.3,6.8,".253",".381",".307","0.128",".302",".315",34.1,4.5,36.4,"97.843921792","93.129617583",21,49.3
"DeJesus, David",430203,2015,35,317,5,16.4,6.6,".233",".330",".297","0.097",".278",".293",31.9,2.3,27.3,"96.000367458","92.018624851",13.9,45.2
"Gomes, Jonny",430404,2015,34,262,7,30.9,11.8,".213",".347",".313","0.134",".294",".260",30.6,4.8,33.3,"98.069873973","93.068490685",29,34.4
"Raburn, Ryan",430605,2015,34,201,8,21.9,11.4,".301",".543",".393","0.242",".397",".368",33.1,10.3,47.7,"101.371322","95.115609535",24.7,42.7
"Johnson, Kelly",430637,2015,33,335,14,24.2,6.9,".265",".435",".314","0.170",".323",".301",33.9,9.5,33.9,"98.143077946","93.075506964",24.8,46.4
"Bourgeois, Jason",430652,2015,33,212,3,15.6,6.6,".240",".332",".294","0.092",".278",".257",25,1.4,22,"93.740956709","91.035465032",15,45.9
"Bautista, José",430832,2015,34,666,40,15.9,16.5,".250",".536",".377","0.286",".389",".391",29.9,14.7,45.6,"102.503981","95.539945444",20.4,39.3
"Swisher, Nick",430897,2015,34,260,6,20.8,13.5,".196",".320",".312","0.124",".285",".282",28.6,3.3,29.8,"96.384297108","92.217775843",26.2,42
"Peña, Brayan",430910,2015,33,367,0,9.3,7.9,".273",".324",".334","0.051",".295",".274",24.8,0.4,17.2,"93.740756573","90.880211189",10.4,43.5
"Jones, Adam",430945,2015,29,581,27,17.6,4.1,".269",".474",".308","0.205",".334",".338",27.5,10.5,34.5,"98.745910091","93.398517016",24.1,60.4
"Aybar, Erick",430947,2015,31,638,3,11.4,3.9,".270",".338",".301","0.068",".280",".295",31.3,1.1,19.4,"94.647213387","91.323779254",13.3,52.6
"Callaspo, Alberto",430948,2015,32,261,1,13,10.7,".235",".278",".315","0.043",".270",".286",33.2,0.6,17.6,"92.085466082","90.308770984",10.8,37.7
"Hill, Aaron",431094,2015,33,353,6,15.3,8.8,".230",".345",".295","0.115",".281",".297",36.3,2.7,29.6,"96.543131","92.313677577",16.7,43.7
"Martin, Russell",431145,2015,32,507,23,20.9,10.5,".240",".458",".329","0.218",".340",".334",26.8,9.6,40,"100.091759217","94.124560242",23.5,41
"McGehee, Casey",431171,2015,32,258,2,19.4,8.1,".198",".274",".264","0.076",".243",".274",28.3,4.2,34.2,"98.173763478","93.137369076",22.4,45.7
"Blanco, Andrés",433217,2015,31,261,7,16.9,8,".292",".502",".360","0.210",".372",".330",31.3,6.2,26.6,"96.264858043","92.137269457",22,48.3
"Granderson, Curtis",434158,2015,34,682,26,22.1,13.3,".259",".457",".364","0.198",".357",".362",40.9,9,40,"98.865756495","93.651697921",20.8,37.5
"Ruiz, Carlos",434563,2015,36,320,2,13.4,8.8,".211",".285",".290","0.074",".259",".291",31,1.9,18,"93.981344083","91.035178619",12.6,41.2
"Soto, Geovany",434567,2015,32,210,9,30,10,".219",".406",".301","0.187",".311",".324",32,8.3,42.4,"100.292664667","94.430823613",29,38.2
"Morse, Michael",434604,2015,33,256,5,29.7,9,".231",".336",".313","0.105",".291",".324",33.3,11.4,39.2,"101.773927333","94.903605267",31.4,49.1
"Pagán, Ángel",434636,2015,33,550,3,16.7,5.8,".262",".333",".304","0.071",".281",".283",32.9,0.8,22.8,"95.158353632","91.60478199",12.4,41.5
"Davis, Rajai",434658,2015,34,370,8,20.5,5.9,".258",".440",".306","0.182",".320",".284",30.9,3.7,28.3,"96.826444567","92.433051462",20.2,49.7
"Ramirez, Hanley",434670,2015,31,430,19,16.5,4.9,".249",".426",".291","0.177",".308",".315",28.4,8.6,41.6,"102.957371098","95.618986177",19.7,49.8
"Morales, Kendrys",434778,2015,32,639,22,16.1,9.1,".290",".485",".362","0.195",".364",".375",34.3,10,47.7,"101.923007948","95.446017834",22.9,47.9
"Kendrick, Howie",435062,2015,31,495,9,16.6,5.5,".295",".409",".336","0.114",".325",".327",31.3,4.3,41.4,"100.059972421","94.315597526",19.7,51.2
"Napoli, Mike",435063,2015,33,469,18,25.2,12.2,".224",".410",".324","0.186",".321",".310",29,9.6,38.3,"99.806282587","93.97777479",26,42.1
"Kinsler, Ian",435079,2015,33,675,11,11.9,6.4,".296",".428",".342","0.132",".335",".311",36.6,3.1,26.6,"95.232079663","91.628863659",12.3,47.1
"McCann, Brian",435263,2015,31,535,26,18.1,9.7,".232",".437",".320","0.205",".327",".308",29.1,5.9,36.5,"98.444416778","93.388572278",17.3,42.1
"Schumaker, Skip",435401,2015,35,268,1,19,8.6,".242",".336",".306","0.094",".282",".295",33.5,1.3,22.7,"95.243224086","91.644651946",19.9,48.2
"Walker, Neil",435522,2015,29,603,16,18.2,7.3,".269",".427",".328","0.158",".325",".315",33.3,5.1,37.6,"98.365567397","93.313297009",19.5,49.7
"Suzuki, Kurt",435559,2015,31,479,5,12.3,6.1,".240",".314",".296","0.074",".269",".286",31,1.2,29.9,"96.424856129","92.277887089",14.2,45.6
"Desmond, Ian",435622,2015,29,641,19,29.2,7,".233",".384",".290","0.151",".294",".287",25.9,8,41.1,"101.605778974","94.99907141",29,49.9
"Cruz, Nelson",443558,2015,34,655,44,25,9,".302",".566",".369","0.264",".396",".386",35.4,16.1,47.8,"104.801318125","96.787248293",30.8,48.1
"Jaso, John",444379,2015,31,216,5,18.1,13,".286",".459",".380","0.173",".364",".395",33.1,11,38.5,"99.168008219","93.909066027",23.7,44.7
"Trumbo, Mark",444432,2015,29,545,22,24.2,6.6,".262",".449",".310","0.187",".327",".328",31,11.5,43,"103.250637892","95.84658252",30.9,51.5
"Peralta, David",444482,2015,27,517,17,20.7,8.5,".312",".522",".371","0.210",".380",".355",35.4,9.2,43.4,"102.180038418","95.352553116",24.5,47.6
"Ethier, Andre",444843,2015,33,445,14,16.9,9.7,".294",".486",".366","0.192",".366",".365",37.5,6.7,32.5,"97.613503526","92.809172083",19.9,47.9
"Escobar, Alcides",444876,2015,28,662,3,11.3,3.9,".257",".320",".293","0.063",".271",".281",30.4,1,16.5,"93.173673636","90.678851935",18.5,52
"Jay, Jon",445055,2015,30,245,1,14.7,7.8,".210",".257",".306","0.047",".253",".287",26.8,1.9,29.1,"96.599436322","92.360657919",14.7,48.1
"Prado, Martín",445988,2015,31,551,9,12.3,6.7,".288",".394",".338","0.106",".318",".313",33.8,2.5,33.6,"97.538678618","92.859026106",11.6,39.5
"Duda, Lucas",446263,2015,29,554,27,24.9,11.9,".244",".486",".352","0.242",".359",".373",40.2,13,42.3,"101.332638","94.972465319",24.9,41.8
"Wieters, Matt",446308,2015,29,282,8,23.8,7.4,".267",".422",".319","0.155",".321",".319",37.1,6.8,32.5,"96.865808021","92.43835349",25.5,46.8
"Longoria, Evan",446334,2015,29,670,21,19.7,7.6,".270",".435",".328","0.165",".327",".340",33.5,9.6,39.7,"99.904231429","94.097663789",23.7,46.8
"Cozart, Zack",446359,2015,29,214,9,13.6,6.5,".258",".459",".310","0.201",".328",".296",35.5,3.5,22.5,"95.040044231","91.536543846",14.8,47.8
"Guyer, Brandon",446386,2015,29,385,8,15.8,6.5,".265",".413",".359","0.148",".342",".316",31.3,3.9,29.1,"96.50647","92.270240868",22.8,53
"Rodríguez, Sean",446481,2015,30,240,4,26.3,2.1,".246",".362",".281","0.116",".281",".267",30.7,8.3,25.9,"96.985758961","92.522711699",29,54.5
"Reynolds, Mark",448602,2015,31,432,13,28,10.2,".230",".398",".315","0.168",".311",".289",29.3,9.8,33.1,"98.998322248","93.525398833",31.8,46.3
"Davis, Chris",448801,2015,29,670,47,31,12.5,".262",".562",".361","0.300",".390",".404",39.7,18.4,45.9,"102.292316778","95.621133417",35.6,47.3
"Aviles, Mike",449107,2015,34,317,5,12,6.3,".231",".317",".282","0.086",".266",".281",26.4,0.9,30.6,"97.059924793","92.529962397",14.3,45
"Orlando, Paulo",449181,2015,29,251,7,21.1,2,".249",".444",".269","0.195",".303",".302",30.9,6.4,37.7,"99.434993111","93.723307389",23.9,53.8
"Zobrist, Ben",450314,2015,34,535,13,10.5,11.6,".276",".450",".359","0.174",".349",".324",29.3,4.1,34.9,"97.625725245","92.940798084",12.6,36.8
"Peterson, Shane",451089,2015,27,225,2,24.4,8.9,".259",".353",".324","0.094",".299",".309",30.7,3.3,40,"99.115294722","93.712553147",25.4,45.9
"Fowler, Dexter",451594,2015,29,690,17,22.3,12.2,".250",".411",".346","0.161",".333",".308",32,5,30.2,"97.222402523","92.630480115",22,41.6
"Flowers, Tyler",452095,2015,29,361,9,28.8,5.8,".239",".356",".295","0.117",".288",".269",27.8,5.4,39.6,"101.449304595","94.88511536",30.6,50.1
"Headley, Chase",452104,2015,31,642,11,21,7.9,".259",".369",".324","0.110",".307",".325",36.7,5.6,32.5,"97.832743516","92.940152123",21.3,42.9
"Drew, Stephen",452220,2015,32,428,17,16.6,8.6,".201",".381",".271","0.180",".284",".267",27.9,3.7,25.7,"95.690413922","91.858626852",15.7,41.4
"Smith, Seth",452234,2015,32,452,12,21.9,10.4,".248",".443",".330","0.195",".331",".339",32.8,8.5,42.4,"100.136169732","94.365425286",27,40
"Maxwell, Justin",452239,2015,31,274,7,27.7,7.3,".209",".341",".275","0.132",".271",".287",30.3,6.2,32.6,"98.822637195","93.460978659",32.3,49.9
"Lind, Adam",452252,2015,31,572,20,17.5,11.5,".277",".460",".360","0.183",".351",".328",31.4,8,36,"99.239098955","93.694054015",21.2,44.4
"Pence, Hunter",452254,2015,32,223,9,21.5,7.2,".275",".478",".327","0.203",".347",".363",30.8,15.2,39,"101.8495844","95.192982081",29.5,45.5
"Span, Denard",452655,2015,31,275,5,9.5,9.1,".301",".431",".365","0.130",".348",".360",33.2,3.2,32.7,"97.663034907","92.872810372",10.9,41.8
"Hanigan, Ryan",452672,2015,34,200,2,19.5,10,".247",".328",".337","0.081",".301",".277",30.7,0.8,22.6,"94.732089104","91.367212388",17,42.4
"Cabrera, Asdrúbal",452678,2015,29,551,15,19.4,6.5,".265",".430",".315","0.165",".319",".292",32.1,6,32.3,"96.997058223","92.551497386",22.9,54
"Ellsbury, Jacoby",453056,2015,31,499,7,17.2,7,".257",".345",".318","0.088",".294",".297",33.2,3.4,28.4,"96.363237735","92.195682216",17.3,48.3
"Tulowitzki, Troy",453064,2015,30,534,17,21.3,7.1,".280",".440",".337","0.160",".335",".320",31.6,6,40.4,"100.349359399","94.443323973",23,44.9
"Johnson, Chris",453400,2015,30,255,3,29,3.9,".255",".337",".286","0.082",".274",".299",32.9,5.7,37.1,"99.508581429","93.85943988",32.4,49.7
"Fuld, Sam",453539,2015,33,325,2,16.9,9.2,".197",".293",".276","0.096",".255",".266",23.1,1.5,21.8,"94.620307143","91.317020893",15.8,36.8
"Blackmon, Charlie",453568,2015,28,682,17,16.4,6.7,".287",".450",".347","0.163",".345",".317",35.4,4.3,29,"96.784355356","92.402563648",16,42.8
"Blanco, Grégor",453923,2015,31,372,5,15.9,10.8,".291",".413",".368","0.122",".337",".322",31.4,2.8,31.7,"97.695282033","92.867950407",17.9,44.5
"Frazier, Todd",453943,2015,29,678,35,20.2,6.5,".255",".498",".309","0.243",".342",".332",32.7,10.6,38.8,"100.175287966","94.201525487",24.9,52.9
"Ellis, A.J.",454560,2015,34,217,7,17.5,14.7,".238",".403",".355","0.165",".336",".340",34.2,7.8,32.2,"97.327850563","92.715670638",16.7,35.4
"Iannetta, Chris",455104,2015,32,317,10,26.2,12.9,".188",".335",".293","0.147",".281",".287",23.4,8,35.4,"100.045328065","94.173564247",31.7,42.8
"Maldonado, Martín",455117,2015,28,256,4,25.4,9,".210",".293",".282","0.083",".254",".242",24.6,2.8,30.5,"97.602268148","92.837051491",25.4,40
"Chirinos, Robinson",455139,2015,31,273,10,22.7,10.3,".232",".438",".325","0.206",".332",".326",36,9.5,33.7,"98.089776667","93.079098503",21.8,43.1
"Young, Chris",455759,2015,31,356,14,20.5,8.4,".252",".453",".320","0.201",".332",".294",33.6,5.6,26,"95.892771736","92.031614025",21.6,45.8
"Markakis, Nick",455976,2015,31,686,3,12.1,10.2,".296",".376",".370","0.080",".327",".305",30.6,0.9,33.6,"97.823168238","92.998083551",11.6,41.6
"Pedroia, Dustin",456030,2015,31,425,12,12,8.9,".291",".441",".356","0.150",".347",".302",26.3,3.5,25.4,"95.443405305","91.79078844",13,43.2
"Castillo, Welington",456078,2015,28,378,19,24.3,6.6,".237",".453",".296","0.216",".321",".344",37.6,11.9,36.5,"99.604867063","93.830170556",25.3,43.8
"Denorfia, Chris",456121,2015,34,231,3,24.2,6.5,".269",".373",".319","0.104",".302",".308",36.5,4.1,37.1,"99.146144231","93.698723484",27.4,47.4
"Bourn, Michael",456422,2015,32,482,0,22.2,9.5,".238",".282",".310","0.044",".269",".280",33.1,2.1,18.5,"94.175428013","91.11473404",25.5,42.1
"Núñez, Eduardo",456488,2015,28,204,4,14.2,5.9,".282",".431",".327","0.149",".328",".280",22.8,3,31.5,"99.218548571","93.610800325",15.4,49.5
"Pearce, Steve",456665,2015,32,325,15,21.2,7.1,".218",".422",".289","0.204",".308",".287",30.5,6.1,31.9,"96.911259643","92.495094439",22.4,47.4
"Butler, Billy",456714,2015,29,601,15,16.8,8.7,".251",".390",".323","0.139",".311",".334",30.8,8.4,40.6,"99.857258558","94.077021585",18.8,44.7
"Cain, Lorenzo",456715,2015,29,604,16,16.2,6.1,".307",".477",".361","0.170",".360",".368",35.4,6.3,38.1,"100.538744215","94.492575708",19,49.4
"Saltalamacchia, Jarrod",457454,2015,30,227,9,30.4,10.1,".225",".435",".310","0.210",".324",".348",34.6,16.5,42.1,"100.400108906","94.411876641",33.4,45.6
"De Aza, Alejandro",457477,2015,31,365,7,23,8.5,".262",".422",".333","0.160",".326",".297",36.7,3.2,23.3,"95.931349386","91.971739561",22.6,48.1
"McCutchen, Andrew",457705,2015,28,685,23,19.4,14.3,".292",".488",".401","0.196",".380",".397",41,9.8,44.6,"100.222109318","94.543010159",26.1,43.3
"Jackson, Austin",457706,2015,28,527,9,23.9,5.5,".267",".385",".311","0.118",".305",".305",34.4,4.3,39.8,"99.140160971","93.730833811",22.2,44.3
"Upton, Justin",457708,2015,27,619,26,25.7,11,".251",".454",".336","0.203",".340",".332",28.9,11.4,39.2,"100.612936","94.512007079",31.8,44.4
"Maybin, Cameron",457727,2015,28,555,10,18.4,8.1,".267",".370",".327","0.103",".307",".311",26.8,3.2,35.9,"98.775083737","93.417937899",20.5,43.6
"Turner, Justin",457759,2015,30,439,16,16.2,8.2,".294",".491",".370","0.197",".371",".372",40.8,7.8,37.9,"99.077065541","93.735564888",17.8,46.3
"Posey, Buster",457763,2015,28,623,19,8.3,9,".318",".470",".379","0.152",".363",".376",33.4,6.9,37.7,"99.01682902","93.696897571",13.3,47.2
"Espinosa, Danny",457787,2015,28,412,13,25.7,8,".240",".409",".311","0.169",".310",".271",28.5,8,28.5,"97.679221901","92.864389419",28,54.5
"Bruce, Jay",457803,2015,28,649,26,22.3,8.9,".226",".434",".294","0.208",".309",".327",34.2,9,37.6,"99.74158108","94.037484108",25.1,48.2
"Votto, Joey",458015,2015,31,695,29,19.4,20.6,".314",".541",".459","0.227",".427",".423",42.7,12.1,42.2,"100.0119881","94.32793995",24,36.7
"Coghlan, Chris",458085,2015,30,503,16,18.7,11.5,".250",".443",".341","0.193",".337",".326",32.8,6.1,33.3,"97.564280647","92.868263982",19.8,43.8
"Rasmus, Colby",458675,2015,28,485,25,31.8,9.7,".238",".475",".314","0.237",".339",".310",36.2,10.9,35.5,"98.996330292","93.737577263",32.1,46.3
"Gardner, Brett",458731,2015,31,656,16,20.6,10.4,".259",".399",".343","0.140",".327",".330",32,4.6,34.9,"98.0788911","93.139408732",21.4,37.4
"Joyce, Matt",459964,2015,30,284,5,23.6,10.6,".174",".291",".272","0.117",".255",".271",29.5,3.6,27.9,"96.218969222","92.135794693",27.3,46.6
"Hundley, Nick",460026,2015,31,389,10,19.5,5.4,".301",".467",".339","0.166",".348",".291",34.4,4.5,35.4,"98.60630558","93.440554638",22.3,50.7
"Pennington, Cliff",460060,2015,31,249,3,19.7,10.8,".210",".281",".298","0.071",".260",".286",30.2,3.6,26.2,"95.958201053","92.014233224",23.1,43.6
"Braun, Ryan",460075,2015,31,567,25,20.3,9.5,".285",".498",".356","0.213",".366",".375",31.7,12.7,45.4,"102.451967436","95.645331568",23,50.3
"Gordon, Alex",460086,2015,31,422,13,21.8,11.6,".271",".432",".377","0.161",".351",".330",33.7,6.1,34.1,"98.809864961","93.447542403",23.9,41.8
"Gómez, Carlos",460576,2015,29,477,12,21.2,6.5,".255",".409",".314","0.154",".315",".311",29,5.9,33.1,"98.932964969","93.522983146",26.2,56
"Moss, Brandon",461235,2015,31,526,19,28.1,9.3,".226",".407",".304","0.181",".308",".338",34.9,13.7,39.5,"100.855427338","94.607305682",29.6,49.3
"Kemp, Matt",461314,2015,30,648,23,22.7,6,".265",".443",".312","0.178",".325",".337",34.4,9,40.5,"99.434988125","94.002033557",26.3,50.9
"Venable, Will",461416,2015,32,390,6,24.1,9.5,".244",".350",".320","0.106",".296",".280",26.8,2.6,33.5,"98.809820403","93.408028185",24.9,44.9
"Murphy, David",461815,2015,33,388,10,12.6,5.2,".283",".421",".318","0.138",".318",".293",28.6,3.8,35.2,"98.288580903","93.18939229",15.4,46.2
"Plouffe, Trevor",461858,2015,29,632,22,19.6,7.9,".244",".435",".307","0.191",".321",".330",33.5,8.9,39.4,"99.770838744","94.070649305",21,44.9
"Romine, Andrew",461865,2015,29,203,2,22.7,5.4,".255",".315",".307","0.060",".276",".239",28.7,0,22.4,"94.627922609","91.339578175",21.9,50.9
"Andrus, Elvis",462101,2015,26,661,7,11.8,7,".258",".357",".309","0.099",".292",".289",28,1.7,27.1,"96.71924004","92.364700359",14.8,43.1
"Cervelli, Francisco",465041,2015,29,510,7,18.4,9,".295",".401",".370","0.106",".341",".325",33.4,4.6,35.6,"98.245588146","93.233819466",19.1,41.3
"Cabrera, Melky",466320,2015,30,683,12,12.9,5.9,".273",".394",".314","0.121",".307",".307",30.9,2.8,36.2,"99.156851015","93.703486598",13.5,47
"Sandoval, Pablo",467055,2015,28,505,10,14.5,5,".245",".366",".292","0.121",".288",".279",28.7,5.6,33.5,"98.173751684","93.137433146",19.1,58.8
"Herrera, Elian",467070,2015,30,277,7,26,6.5,".242",".395",".290","0.153",".296",".283",37.4,2.9,25.7,"95.679359121","91.878728398",24.7,52.4
"Ramos, Wilson",467092,2015,27,504,15,20,4.2,".229",".358",".258","0.129",".265",".300",30.1,7,44.5,"101.887378191","95.193514787",24.3,53.6
"Santana, Carlos",467793,2015,29,666,19,18.3,16.2,".231",".395",".357","0.164",".331",".345",27.9,8.2,39.7,"100.380489577","94.255167488",19.4,36.6
"Parra, Gerardo",467827,2015,28,589,14,15.6,4.8,".291",".452",".328","0.161",".334",".305",32.8,3.8,30,"97.181814459","92.647995711",18.4,54.8
"Montero, Miguel",471083,2015,31,403,15,25.6,12.2,".248",".409",".345","0.161",".328",".332",39.3,9.5,35.2,"97.871165447","93.016623061",31.4,48.6
"González, Carlos",471865,2015,29,608,40,21.9,7.6,".271",".540",".325","0.269",".364",".340",30.6,12.3,38.6,"102.528334335","95.310136173",30.6,53.7
"Valbuena, Luis",472528,2015,29,493,25,21.5,10.1,".224",".438",".310","0.214",".325",".336",38.4,9.6,39.3,"98.836743537","93.573563456",25.3,46.8
"Conger, Hank",474233,2015,27,229,11,27.5,10,".229",".448",".311","0.219",".329",".288",32.6,8.7,34.8,"98.220603913","93.144218478",27.9,45.2
"De Jesús Jr., Iván",474443,2015,28,222,4,24.8,8.6,".244",".373",".311","0.129",".301",".301",38.8,2.9,28.6,"95.681122222","91.868442587",23.7,42.8
"Mercer, Jordy",474568,2015,28,430,3,17,6.3,".244",".320",".293","0.076",".265",".294",32.6,2.4,29.3,"96.892151063","92.469544906",16.9,43.9
"Belt, Brandon",474832,2015,27,556,18,26.4,10.1,".280",".478",".356","0.198",".359",".376",46.4,11.2,41.8,"100.109191928","94.416939063",28.2,49.8
"Carter, Chris",474892,2015,28,459,24,32.9,12.4,".199",".427",".307","0.228",".319",".331",32.7,17.6,46.9,"102.824412893","95.676290372",37.3,45.9
"Van Slyke, Scott",475100,2015,28,253,6,24.5,9.1,".239",".383",".317","0.144",".305",".286",32.3,6.9,31.7,"97.675537654","92.888153889",28.4,46.7
"Alonso, Yonder",475174,2015,28,402,5,11.9,10.4,".282",".381",".361","0.099",".327",".324",32.7,3.5,33.7,"97.895679804","93.031243902",15.8,45.4
"Flaherty, Ryan",475247,2015,28,301,9,26.9,8.6,".202",".356",".281","0.154",".279",".272",26.3,7.2,32.1,"97.988773696","93.207824481",25.1,45.4
"Smoak, Justin",475253,2015,28,328,18,26.2,8.8,".226",".470",".299","0.244",".331",".346",34.6,14,46.4,"101.571741698","95.184687109",29.4,42.6
"Zimmerman, Ryan",475582,2015,30,390,16,20.3,8.5,".249",".465",".308","0.216",".329",".370",32.1,10.3,48.4,"102.879654599","95.998118791",21.5,41.2
"Lowrie, Jed",476704,2015,31,263,9,16.3,10.6,".222",".400",".312","0.178",".305",".312",39.7,2.9,34.9,"96.94255734","92.663731925",17,44.5
"Álvarez, Pedro",476883,2015,28,491,27,26.7,9.8,".243",".469",".318","0.226",".333",".345",28.4,13.3,47.1,"103.907817338","96.242032825",31,46.2
"Davis, Ike",477195,2015,28,239,3,18.4,9.6,".229",".350",".301","0.121",".288",".308",28.5,5.6,39.5,"99.077354706","93.576549059",18.2,43.5
"Avila, Alex",488671,2015,28,219,4,30.1,18.3,".191",".287",".339","0.096",".294",".360",35.4,11.5,48.7,"100.686226607","94.871952342",35.4,40.3
"Barnes, Brandon",488681,2015,29,281,2,23.8,7.5,".251",".341",".314","0.090",".287",".269",33.7,1.3,25.3,"96.147181778","92.114182402",31.3,52.5
"Bourjos, Peter",488721,2015,28,225,4,26.2,8.4,".200",".333",".290","0.133",".271",".274",26.2,4.3,24.8,"95.45810597","91.89033218",28.9,48.9
"Brantley, Michael",488726,2015,28,596,15,8.6,10.1,".310",".480",".379","0.170",".368",".346",36,4.4,36.2,"98.738259072","93.479789979",8.7,42.3
"Castro, Jason",488771,2015,28,375,11,30.7,8.8,".211",".365",".283","0.154",".284",".280",35.6,6.3,30.7,"97.813642793","92.968049005",33.1,47.3
"Escobar, Yunel",488862,2015,32,591,9,11.8,7.6,".314",".415",".375","0.101",".348",".335",29.9,3.4,36.3,"98.747718114","93.570374276",17.8,49.9
"Moore, Tyler",489138,2015,28,200,6,22.5,5.5,".203",".364",".250","0.161",".263",".280",33.6,7.1,35,"98.382440986","93.237668014",25.3,50.1
"Morrison, Logan",489149,2015,27,511,17,15.9,9.2,".225",".383",".302","0.158",".298",".338",29,7.8,37.7,"100.455092473","94.373840577",18.5,47.9
"Aoki, Norichika",493114,2015,33,392,5,6.4,7.7,".287",".380",".353","0.093",".326",".286",24.8,1.2,19.6,"93.553299748","90.833109906",9.5,45.2
"Cespedes, Yoenis",493316,2015,29,676,35,20.9,4.9,".291",".542",".328","0.251",".367",".381",32.4,12.6,44.8,"103.085078601","95.983210103",23.6,48.9
"Ramirez, Alexei",493351,2015,33,622,10,10.9,5,".249",".357",".285","0.108",".279",".268",32.2,1.1,22.2,"94.535576969","91.313183176",15.6,48.6
"Campbell, Eric",493472,2015,28,207,3,18.4,12.6,".195",".293",".311","0.098",".276",".353",38.1,4.6,36,"98.403901765","93.330762647",21.6,40.7
"Beckham, Gordon",493596,2015,28,237,6,18.1,8,".209",".332",".275","0.123",".267",".252",28.9,1.4,23.1,"94.509389643","91.483523772",18,47.9
"Colabello, Chris",499624,2015,31,360,15,26.7,6.1,".321",".520",".367","0.199",".381",".337",34.7,10.1,43.9,"100.824420588","94.680452405",31.2,50.2
"Solarte, Yangervis",500208,2015,27,571,14,9.8,6,".270",".428",".320","0.158",".324",".299",29.1,2.5,31.4,"97.296716537","92.733719416",13.3,48.4
"Escobar, Eduardo",500871,2015,26,446,12,19.3,6.3,".262",".445",".309","0.183",".323",".304",34.2,6.6,23.9,"95.804184383","91.928365697",21.7,48.4
"Lagares, Juan",501571,2015,26,465,6,18.7,3.4,".259",".358",".289","0.099",".280",".276",25.1,1.9,40.2,"100.553692586","94.483632328",20.4,50.8
"Rosario, Wilin",501647,2015,26,242,6,23.1,3.3,".268",".416",".295","0.148",".303",".270",26,5.3,33.9,"99.55871186","93.829730702",26.6,53.8
"Almonte, Abraham",501659,2015,26,258,5,20.2,8.1,".250",".409",".310","0.159",".312",".326",28.6,7.1,34.1,"100.07853881","94.125076429",24.6,47.2
"Freese, David",501896,2015,32,470,14,22.8,6.6,".257",".420",".323","0.163",".325",".328",29.7,7.7,38.4,"100.034317261","94.17963901",23.5,45.3
"Davis, Khris",501981,2015,27,440,27,27.7,10,".247",".505",".323","0.258",".353",".344",31.9,16.8,42.9,"100.807894148","94.508474349",33.1,48.3
"Snider, Travis",501983,2015,27,265,4,24.9,9.8,".232",".350",".313","0.118",".293",".291",33.3,4.2,38,"99.868657262","93.97340509",26.3,47.4
"Chisenhall, Lonnie",502082,2015,26,362,7,19.1,6.4,".246",".372",".294","0.126",".288",".292",31.2,4,30.5,"96.55680771","92.320636628",19.5,53.1
"Martinez, J.D.",502110,2015,27,657,38,27.1,8.1,".282",".535",".344","0.253",".372",".399",39.9,18.7,48.5,"102.630364348","95.786734396",30.8,52.7
"Brown, Domonic",502126,2015,27,204,5,17.6,6.9,".228",".349",".284","0.121",".280",".274",28.1,5.3,28.1,"96.405736133","92.223277533",21.6,50.3
"Valencia, Danny",502143,2015,30,378,18,21.2,7.7,".290",".519",".345","0.229",".367",".355",33.6,11.3,46.6,"102.06492626","95.526674368",26.6,46.3
"Reddick, Josh",502210,2015,28,579,20,11.2,8.5,".272",".449",".333","0.177",".338",".328",32.1,5.7,32.8,"97.986171894","93.042643062",16,43.4
"Dyson, Jarrod",502481,2015,30,225,2,16.4,6.2,".250",".380",".311","0.130",".302",".275",24.1,0.7,20,"94.330458267","91.237655503",16.8,46.3
"Murphy, Daniel",502517,2015,30,538,14,7.1,5.8,".281",".449",".322","0.168",".325",".335",32.3,5.3,37.9,"99.198471783","93.791789325",9,48.4
"Goldschmidt, Paul",502671,2015,27,694,33,21.8,17,".321",".570",".435","0.249",".418",".405",39.2,14.2,46.3,"102.005582609","95.508273792",25.2,38.1
"Gonzalez, Marwin",503556,2015,26,370,12,20,4.3,".279",".442",".317","0.163",".329",".290",31.4,4.2,34.3,"98.472744015","93.348911369",23.5,51.4
"Amarista, Alexi",506560,2015,26,357,3,15.4,6.7,".204",".287",".257","0.083",".236",".250",29.2,1.3,16.2,"93.418430229","90.741791609",15,47
"Altuve, Jose",514888,2015,25,689,15,9.7,4.8,".313",".459",".353","0.146",".347",".301",31.2,3.4,28.6,"96.184716937","92.100077743",11.3,51.7
"Tejada, Rubén",514913,2015,25,407,3,17.2,9.3,".261",".350",".338","0.089",".303",".322",40.5,2.6,23.8,"94.677724406","91.358047825",21,50.4
"Hernández, César",514917,2015,25,452,1,19,8.8,".272",".348",".339","0.076",".306",".295",27.5,1.4,26.9,"96.257337315","92.142743535",21.7,47
"Segura, Jean",516416,2015,25,584,6,15.9,2.2,".257",".336",".281","0.079",".268",".256",25.4,1.5,27.1,"96.366808217","92.194029063",17.6,53.7
"Castro, Starlin",516770,2015,25,578,11,15.7,3.6,".265",".375",".296","0.110",".288",".280",28.2,4.9,28,"97.023970176","92.535522119",19.7,48.7
"Marte, Starling",516782,2015,26,633,19,19.4,4.3,".287",".444",".337","0.157",".337",".341",32.8,7.6,35.1,"99.496750225","93.811685282",26.1,57.1
"Paredes, Jimmy",517370,2015,26,384,10,28.9,4.9,".275",".416",".310","0.141",".315",".289",31.9,6.3,42.9,"101.05694056","94.68219436",36.3,58.3
"d'Arnaud, Travis",518595,2015,26,268,12,18.3,8.6,".268",".485",".340","0.217",".355",".323",33.9,7.7,35.4,"98.536831368","93.335078624",23.7,46.6
"Descalso, Daniel",518614,2015,28,209,5,21.5,9.6,".205",".324",".283","0.119",".259",".242",25,3.5,25.7,"96.279674412","92.181675037",22.4,48.6
"Dietrich, Derek",518618,2015,25,289,10,22.5,8,".256",".456",".346","0.200",".346",".333",38.8,10.3,35.6,"98.618214301","93.329964516",23.2,46.1
"Donaldson, Josh",518626,2015,29,711,41,18.7,10.3,".297",".568",".371","0.271",".398",".392",31.1,13.6,46.5,"103.112725082","96.028966988",25.3,45.8
"Freeman, Freddie",518692,2015,25,481,18,20.4,11.6,".276",".471",".370","0.195",".364",".416",43.4,12.2,44.7,"100.237943038","94.60770581",24.6,49.2
"Grandal, Yasmani",518735,2015,26,426,16,21.6,15.3,".234",".403",".353","0.169",".335",".345",27,10.7,42.3,"101.020624077","94.698513861",22.9,39.1
"Heyward, Jason",518792,2015,25,608,13,14.8,9.2,".293",".439",".359","0.146",".346",".317",23.9,3.7,34.6,"99.497214525","93.775945204",16.2,41.1
"LeMahieu, DJ",518934,2015,26,620,6,17.3,8.1,".301",".388",".358","0.087",".327",".320",32.9,2.3,40,"99.552697248","94.078603678",16.5,43.5
"Lucroy, Jonathan",518960,2015,29,415,7,15.4,8.7,".264",".391",".326","0.127",".313",".332",36,4.9,33.8,"98.119112368","93.144737204",15.3,43.3
"Middlebrooks, Will",519025,2015,26,270,9,22.2,4.1,".212",".361",".241","0.149",".259",".302",29.1,8.5,36.2,"99.519545833","93.813576875",28.3,46.4
"Moreland, Mitch",519048,2015,29,515,23,21.7,6.2,".278",".482",".330","0.204",".348",".365",35.4,11.5,45.9,"101.774299392","95.279958615",25.7,47
"Moustakas, Mike",519058,2015,26,614,22,12.4,7,".284",".470",".348","0.186",".353",".339",30.3,7.7,36.5,"99.636445022","93.899501627",16.7,47.3
"Norris, Derek",519083,2015,26,557,14,23.5,6.3,".250",".404",".305","0.154",".309",".270",31.4,2.7,35.1,"98.764430741","93.385736111",21.5,44.9
"Revere, Ben",519184,2015,27,634,2,10.1,5,".306",".377",".342","0.071",".316",".297",34.9,0,14.6,"92.591946342","90.358172296",10.8,42.5
"Rizzo, Anthony",519203,2015,25,701,31,15,11.1,".278",".512",".387","0.234",".384",".383",35.7,8.9,38.3,"99.906731037","93.98838711",19.2,45.9
"Robinson, Clint",519208,2015,30,352,10,14.8,10.5,".272",".424",".358","0.152",".340",".361",33.7,5.8,35.7,"100.09149936","94.112091847",18.4,44.5
"Rupp, Cameron",519237,2015,26,299,9,23.7,8,".233",".374",".301","0.141",".291",".305",37.3,8.7,34.8,"99.334948776","93.775799286",26.3,48.5
"Sogard, Eric",519299,2015,29,401,1,12.5,5.7,".247",".304",".294","0.057",".266",".278",32.2,0.4,18.7,"93.836749935","90.929071851",11,41.2
"Souza Jr., Steven",519306,2015,26,426,16,33.8,10.8,".225",".399",".318","0.174",".316",".297",27.7,11,39,"101.468744464","94.926391435",32.9,46.4
"Stanton, Giancarlo",519317,2015,25,318,27,29.9,10.7,".265",".606",".346","0.341",".394",".411",28.9,28.7,52.9,"108.881094239","99.086664674",36.2,44.3
"Vogt, Stephen",519390,2015,30,511,18,19,11,".261",".443",".341","0.182",".335",".323",33.7,6,30.1,"97.093405429","92.568393811",18.5,41.2
"Galvis, Freddy",520471,2015,25,603,7,17.1,5,".263",".343",".302","0.080",".283",".272",33.2,2.5,22.1,"94.695452091","91.357112938",19.2,51.2
"Perez, Salvador",521692,2015,25,553,21,14.8,2.4,".260",".426",".280","0.166",".300",".298",32.8,6.3,32.6,"98.159469954","93.100742654",18.1,53.9
"Forsythe, Logan",523253,2015,28,615,17,18,8.9,".281",".444",".359","0.163",".350",".323",33.6,4.1,32.2,"97.443170047","92.812743395",18.6,40.3
"Flores, Wilmer",527038,2015,23,510,16,12.4,3.7,".263",".408",".295","0.145",".304",".270",32.1,2.1,25.7,"95.819043043","91.913370193",14.3,48.8
"García, Avisaíl",541645,2015,24,601,13,23.5,6,".257",".365",".309","0.108",".295",".324",34.1,5.4,37.5,"100.218207612","94.171980025",31.1,58.8
"Pérez, Hernán",541650,2015,24,272,1,21.7,1.8,".243",".327",".257","0.084",".251",".263",34.1,2.7,28.8,"96.6027675","92.30531675",26.4,57.9
"Pérez, Carlos",542208,2015,24,283,4,17.3,6.7,".250",".346",".299","0.096",".284",".272",34.4,1.1,23.7,"95.533843113","91.786052133",16.7,45.7
"Inciarte, Ender",542255,2015,24,561,6,10.3,4.6,".303",".408",".338","0.105",".325",".285",28.8,1.6,19.9,"94.226997059","91.130268235",12,48.7
"Ozuna, Marcell",542303,2015,24,494,10,22.3,6.1,".259",".383",".308","0.124",".302",".322",29.3,6.7,45,"102.789161734","95.795620232",26.2,47.7
"Santana, Danny",542454,2015,24,277,0,24.5,2.2,".215",".291",".241","0.076",".231",".214",22.5,0.6,23.5,"96.129559333","92.087487933",26.6,57.2
"Beckham, Tim",542921,2015,25,223,9,30.9,5.8,".222",".429",".274","0.207",".300",".282",33.3,6.3,37.7,"99.36128","93.68064",33.5,49.8
"Burns, Billy",542993,2015,25,555,5,14.6,4.7,".294",".392",".334","0.098",".317",".260",26.9,0.6,14.7,"92.105101148","90.378655108",16.3,58.5
"Butler, Joey",542994,2015,29,276,8,29.7,5.8,".276",".416",".326","0.140",".325",".302",32.6,6.9,39.4,"100.580152644","94.526512529",35.2,52.1
"Crawford, Brandon",543063,2015,28,561,21,21.2,7,".256",".462",".321","0.206",".332",".352",34.2,10.1,42.9,"100.215945815","94.495666658",28,51.8
"Cron, C.J.",543068,2015,25,403,16,20.3,4.2,".262",".439",".300","0.177",".318",".325",32.1,10.2,35.8,"99.782909932","93.913530546",22.1,50.7
"Giavotella, Johnny",543213,2015,27,502,4,11.8,6.4,".272",".375",".318","0.103",".303",".292",30.1,1.2,19.6,"94.579461692","91.291923462",14.8,45.6
"Gillaspie, Conor",543216,2015,27,253,4,18.6,5.1,".228",".359",".269","0.131",".269",".259",34.9,1.8,26.6,"96.434094457","92.220828315",23.8,50.9
"Gomes, Yan",543228,2015,27,389,12,26.7,3.3,".231",".391",".267","0.160",".283",".305",41.9,7.2,32.8,"97.427475985","92.74056057",23.8,52
"Gose, Anthony",543238,2015,24,535,5,27.1,8.4,".254",".367",".321","0.113",".304",".276",30.4,2.9,30.7,"98.131964813","93.084668281",26.9,50
"Harrison, Josh",543281,2015,27,449,4,15.8,4.2,".287",".390",".327","0.103",".313",".285",35.8,1.6,24.4,"95.365308129","91.696294399",20.1,54.2
"Hicks, Aaron",543305,2015,25,390,11,16.9,8.7,".256",".398",".323","0.142",".314",".330",34,3.6,33.3,"97.789552174","93.053850582",20.4,44.9
"Hosmer, Eric",543333,2015,25,667,18,16.2,9.1,".297",".459",".363","0.162",".355",".364",30.1,8.4,40.8,"101.558532092","94.941129182",20.6,45.5
"Joseph, Caleb",543376,2015,29,354,11,20.3,7.6,".234",".394",".299","0.160",".301",".319",40.5,6.1,31.7,"97.154262258","92.605038219",23.5,47.9
"Kipnis, Jason",543401,2015,28,641,9,16.7,8.9,".303",".451",".372","0.148",".355",".349",35.9,3.1,38.5,"98.754656711","93.53848539",16.8,43.3
"Lawrie, Brett",543434,2015,25,602,16,23.9,4.7,".260",".407",".299","0.147",".306",".304",30.6,5.3,39.1,"100.327308447","94.380264696",26.3,48.7
"McCann, James",543510,2015,25,425,7,21.2,3.8,".264",".387",".297","0.123",".297",".286",30.1,3.9,37.3,"98.631825364","93.321238278",24.9,52.4
"Miller, Brad",543543,2015,25,497,11,20.3,9.5,".258",".402",".329","0.144",".319",".324",27.7,5,40.1,"100.775929036","94.572906828",25,48.7
"Rendon, Anthony",543685,2015,25,355,5,19.7,10.1,".264",".363",".344","0.099",".315",".328",33.5,5.4,35.5,"98.463361074","93.427155768",16.1,37.5
"Semien, Marcus",543760,2015,24,601,15,22,7,".257",".405",".310","0.148",".311",".301",37.1,5,28.9,"96.820899279","92.433096346",22.4,43.8
"Shaw, Travis",543768,2015,25,248,13,23,7.3,".270",".487",".327","0.217",".348",".331",38,8.4,36.8,"99.650082824","93.859015353",21.5,46.5
"Springer, George",543807,2015,25,451,16,24.2,11.1,".276",".459",".367","0.183",".360",".363",35.9,10.5,41.5,"102.133684429","95.249956821",32.7,45.6
"Strange-Gordon, Dee",543829,2015,27,653,4,13.9,3.8,".333",".418",".359","0.085",".337",".282",28.6,1.3,17,"93.574659795","90.838043504",14,51.9
"Wong, Kolten",543939,2015,24,613,11,15.5,5.9,".262",".386",".321","0.124",".310",".308",31.9,3.5,33.8,"98.193268744","93.119913011",19.6,50.4
"Gregorius, Didi",544369,2015,25,578,9,14.7,5.7,".265",".370",".318","0.105",".303",".292",33.4,1.8,24.5,"95.50167129","91.775831617",22.8,51.8
"Grichuk, Randal",545341,2015,23,350,17,31.4,6.3,".276",".548",".329","0.272",".370",".341",34.1,19.8,46.3,"102.940881078","96.047539363",31.6,51.5
"Marisnick, Jake",545350,2015,24,372,9,28.2,4.8,".236",".383",".281","0.147",".288",".267",32,6.2,26.2,"96.563483333","92.365249163",29,52
"Trout, Mike",545361,2015,23,682,41,23.2,13.5,".299",".590",".402","0.291",".415",".425",38.9,17.7,48.6,"104.322363541","96.689220935",22,37.4
"Herrera, Odúbel",546318,2015,23,537,8,24,5.2,".297",".418",".344","0.121",".333",".291",33.1,3.8,33.9,"99.082478136","93.601329122",25.5,50
"Harper, Bryce",547180,2015,22,654,42,20,19,".330",".649",".460","0.319",".461",".417",37.1,13.9,47.5,"102.728474588","95.847158243",26.9,44.2
"Pérez, Roberto",547379,2015,26,226,7,28.3,14.6,".228",".402",".348","0.174",".331",".330",31.5,10.1,39.4,"101.382307049","94.886898033",27.1,37.3
"Martin, Leonys",547982,2015,27,310,5,22.3,5.2,".219",".313",".264","0.094",".254",".251",21.5,2.9,30,"98.273434563","93.164644683",26.6,47.7
"Abreu, José",547989,2015,28,668,30,21,5.8,".290",".502",".347","0.212",".361",".339",30.4,10.6,41.8,"102.420020087","95.40629902",24.9,48.7
"Suárez, Eugenio",553993,2015,23,398,13,23.6,4.3,".280",".446",".315","0.166",".328",".279",31.3,5.8,33.5,"97.558059044","92.87081886",25.3,45.5
"Ackley, Dustin",554429,2015,27,264,10,17,6.8,".231",".429",".284","0.198",".305",".323",32.5,7.3,42.5,"100.237440206","94.478944249",16.3,41.3
"Polanco, Gregory",570256,2015,23,652,9,18.6,8.4,".256",".381",".320","0.125",".304",".312",30.5,5,39.8,"100.779030043","94.513144401",19.9,44.8
"Urshela, Gio",570482,2015,23,288,6,20.1,6.3,".225",".330",".279","0.105",".270",".297",33.8,4.8,33.8,"97.839528365","92.92144149",21,57.4
"Sánchez, Yolmer",570560,2015,23,420,5,19.3,4.5,".224",".326",".268","0.102",".262",".265",30.2,1.5,20.6,"94.862306908","91.457898487",20.6,49.3
"Schoop, Jonathan",570731,2015,23,321,15,24.6,2.8,".279",".482",".306","0.203",".338",".328",35.4,10.2,40.6,"101.042919123","94.652752952",31,60.9
"Arenado, Nolan",571448,2015,24,665,42,16.5,5.1,".287",".575",".323","0.288",".371",".336",33.7,9.7,40.2,"100.206577918","94.441647592",21.2,53.1
"Barnhart, Tucker",571466,2015,24,274,3,16.4,9.1,".252",".326",".324","0.074",".284",".282",32.2,0.6,19.3,"94.186322366","91.109419731",17.3,49.6
"Bour, Justin",571506,2015,27,446,23,22.6,7.6,".262",".479",".321","0.217",".343",".317",25.6,10.1,43,"102.172846667","95.248380425",27.6,45.4
"Gennett, Scooter",571697,2015,25,391,6,17.4,3.1,".264",".381",".294","0.117",".289",".251",33.9,1.2,22.5,"94.221850676","91.154395946",18.3,56.3
"Hamilton, Billy",571740,2015,24,454,4,16.5,6.2,".226",".289",".274","0.063",".251",".254",27.4,0.7,8.9,"91.580031946","89.968116431",18.2,46.8
"Hernández, Enrique",571771,2015,23,218,7,21.1,5,".307",".490",".346","0.183",".359",".324",32.1,5.7,43.4,"100.738383205","94.667719548",26.5,47.6
"Holt, Brock",571788,2015,27,509,2,19.1,9,".280",".379",".349","0.099",".322",".294",31.7,0.6,24.2,"95.443424229","91.7332198",15.1,40.6
"Lamb, Jake",571875,2015,24,390,6,24.9,9.2,".263",".386",".331","0.123",".312",".317",32,7.3,37.9,"99.724778651","93.966962231",25.5,42.1
"Myers, Wil",571976,2015,24,253,8,21.7,10.7,".253",".427",".336","0.174",".334",".336",28.2,8.1,40,"100.456440633","94.440286646",24.4,41.9
"Owings, Chris",572008,2015,23,552,4,26.1,4.7,".227",".322",".264","0.095",".255",".263",32.8,3.2,24.9,"95.964633295","91.994393191",26.1,53.6
"Paulsen, Ben",572019,2015,27,354,11,26,6.5,".277",".462",".326","0.185",".339",".314",34.6,6.9,34.2,"99.14401625","93.572076027",32,56.7
"Phegley, Josh",572033,2015,27,243,9,21,5.8,".249",".449",".300","0.200",".323",".287",37.7,4.6,27.4,"96.533232824","92.282261176",23.2,52.5
"Piscotty, Stephen",572039,2015,24,256,7,21.9,7.8,".305",".494",".359","0.189",".364",".363",35.2,10.7,41.3,"100.287895176","94.430488118",23.6,49.9
"Pollock, AJ",572041,2015,27,673,20,13.2,7.9,".315",".498",".367","0.183",".371",".347",31.2,6.6,39.1,"99.71304376","93.946765136",17.1,46.3
"Seager, Kyle",572122,2015,27,686,26,14.3,7.9,".266",".451",".328","0.185",".335",".352",36.1,7.6,34.6,"98.570178482","93.434971381",17.6,45.4
"Taylor, Michael A.",572191,2015,24,511,14,30.9,6.8,".229",".358",".282","0.129",".274",".291",32.8,7.4,35.6,"99.60454698","93.854731409",33.3,52.2
"Zunino, Mike",572287,2015,24,386,11,34.2,5.4,".174",".300",".230","0.126",".235",".262",28.9,10.5,33.8,"99.224936262","93.68218831",34.5,50.2
"Goins, Ryan",572365,2015,27,428,5,19.4,9.1,".250",".354",".318","0.104",".297",".287",26.9,3,32.1,"97.454131575","92.745506507",18.5,43.5
"Carpenter, Matt",572761,2015,29,665,28,22.7,12.2,".272",".505",".365","0.233",".372",".391",42.4,10.2,35.8,"99.020981881","93.621808342",21.5,38.9
"Dickerson, Corey",572816,2015,26,234,10,23.9,4.3,".304",".536",".333","0.232",".371",".352",36.3,12.6,38.1,"100.30906","94.40093546",24.9,56.8
"Dozier, Brian",572821,2015,28,704,28,21,8.7,".236",".444",".307","0.208",".323",".300",34.2,7,31.1,"96.886231967","92.484104519",22.3,45.2
"Ruf, Darin",573131,2015,28,297,12,23.2,7.1,".235",".414",".300","0.179",".311",".327",29.7,8.5,42.1,"100.761265149","94.6233599",26.5,48.2
"Saladino, Tyler",573135,2015,25,254,4,20.1,4.7,".225",".335",".267","0.110",".264",".284",26.5,2.5,34.4,"97.741477473","92.874289231",18.7,45.4
"Gyorko, Jedd",576397,2015,26,458,16,23.4,5.9,".247",".397",".297","0.150",".301",".301",30.7,6.9,35.4,"98.510467532","93.388393799",25.4,48.7
"Iglesias, Jose",578428,2015,25,454,2,9.7,5.5,".300",".370",".347","0.070",".315",".272",26.1,0,18.7,"93.398263333","90.969764067",10.3,46
"Travis, Devon",581527,2015,24,239,8,18,7.5,".304",".498",".361","0.194",".369",".372",38.6,9,36.9,"98.690821724","93.534093699",17.4,45.6
"Hechavarría, Adeiny",588751,2015,26,499,5,15.6,4.6,".281",".374",".315","0.093",".298",".281",31.3,1.1,31.3,"97.332540211","92.716847526",18.6,52.5
"Bryant, Kris",592178,2015,23,650,26,30.6,11.8,".275",".488",".369","0.213",".371",".356",33.7,12.5,43.8,"101.012069116","94.798555983",35.6,48.9
"Canha, Mark",592192,2015,26,485,16,19.8,6.8,".254",".426",".315","0.172",".323",".318",30.2,9.3,36.2,"99.254878012","93.671189649",22.6,47
"Castellanos, Nick",592206,2015,23,595,15,25.5,6.6,".255",".419",".303","0.164",".311",".324",37.5,8.2,34.5,"97.738445628","92.919924962",29.7,49.7
"DeShields, Delino",592261,2015,22,492,2,20.5,10.8,".261",".374",".344","0.113",".317",".286",26.9,1.5,22.4,"95.514202848","91.769810132",22.6,38.9
"Machado, Manny",592518,2015,22,713,35,15.6,9.8,".286",".502",".359","0.216",".370",".345",29.7,8.9,41.7,"101.713928171","95.062350934",17.6,43.2
"Pederson, Joc",592626,2015,23,585,26,29.1,15.7,".210",".417",".346","0.207",".335",".344",28.3,13.8,45.2,"102.070124803","95.343527796",35.9,42.5
"Realmuto, J.T.",592663,2015,24,467,10,15,4.1,".259",".406",".290","0.147",".298",".314",31.9,4.8,34.3,"98.315310753","93.272441375",16.3,49.9
"Rosario, Eddie",592696,2015,23,474,13,24.9,3.2,".267",".459",".289","0.192",".316",".271",30.8,7,30.8,"96.688483012","92.418146405",26.8,59
"Simmons, Andrelton",592743,2015,25,583,4,8.2,6.7,".265",".338",".321","0.073",".290",".306",27.8,1.2,29,"96.646254958","92.330440996",11.9,45.9
"Yelich, Christian",592885,2015,23,525,7,19.2,9,".300",".416",".366","0.116",".343",".352",30.1,5.1,45.1,"101.95363038","95.456582989",22.4,43.2
"Bogaerts, Xander",593428,2015,22,654,7,15.4,4.9,".320",".421",".355","0.101",".338",".300",28,2.8,33.8,"98.391584263","93.278410239",20.5,49.1
"Sanó, Miguel",593934,2015,22,335,18,35.5,15.8,".269",".530",".385","0.261",".392",".389",40.1,21.9,54.9,"104.349083457","97.148152795",41.1,40.1
"Calhoun, Kole",594777,2015,27,686,26,23.9,6.6,".256",".422",".308","0.166",".317",".318",35.6,7.5,32.2,"97.541136121","92.770704009",28,49
"Eaton, Adam",594809,2015,26,689,14,19,8.4,".287",".431",".361","0.144",".346",".307",26.7,3.7,30.9,"97.621097412","92.82333833",18.6,44.1
"Gattis, Evan",594828,2015,28,604,27,19.7,5,".246",".463",".285","0.217",".317",".306",29.6,7.9,39.2,"99.877000313","94.008730402",25,50.5
"Kiermaier, Kevin",595281,2015,25,535,10,17.8,4.5,".263",".420",".298","0.157",".309",".304",29.7,2.8,30.9,"98.091658408","93.064332045",21.1,51.4
"Lindor, Francisco",596019,2015,21,438,12,15.8,6.2,".313",".482",".353","0.169",".358",".322",27.3,4,36.7,"99.49811525","93.97675768",18.5,51.1
"Odor, Rougned",596059,2015,21,470,16,16.8,4.9,".261",".465",".316","0.204",".334",".299",26.8,6.4,32.8,"98.719356647","93.447854882",18.7,48.1
"Swihart, Blake",596119,2015,23,309,5,24.9,5.8,".274",".392",".319","0.118",".312",".293",35.2,3.2,27.2,"96.9377275","92.468902885",22.3,47.1
"Franco, Maikel",596748,2015,22,335,14,15.5,7.8,".280",".497",".343","0.217",".360",".334",33.2,6.8,37.2,"99.836415887","93.953648831",24,47.7
"Bradley Jr., Jackie",598265,2015,25,255,10,27.1,10.6,".249",".498",".335","0.249",".355",".291",29.5,7.2,39.1,"98.884965714","93.656405752",30.5,43.7
"Ahmed, Nick",605113,2015,25,459,9,17.6,6.3,".226",".359",".275","0.133",".276",".258",26.4,2.2,22.4,"95.342055535","91.692039403",22.4,47.8
"Asche, Cody",605125,2015,25,456,12,24.3,5.7,".245",".395",".294","0.150",".298",".295",33,6.9,33,"97.724040467","92.8704776",24.8,48.5
"Betts, Mookie",605141,2015,22,654,18,12.5,7,".291",".479",".341","0.188",".351",".342",33.4,6.4,37.5,"99.412633162","93.922887905",14.7,40.2
"Panik, Joe",605412,2015,24,432,8,9.7,8.8,".312",".455",".378","0.143",".363",".336",30,2.7,29.4,"96.652938272","92.340890586",11.5,42.8
"Spangenberg, Cory",605486,2015,24,344,4,21.8,8.1,".271",".399",".333","0.128",".319",".299",30.5,1.5,32.2,"98.479211887","93.275752075",23,47.5
"Tucker, Preston",605512,2015,24,323,13,21.1,6.2,".243",".437",".297","0.194",".318",".311",26.7,6.4,38.8,"100.991426957","94.577299739",26.4,50.2
"Marte, Ketel",606466,2015,21,247,2,17.4,9.7,".283",".402",".351","0.119",".330",".287",25,1.9,27.8,"97.295714941","92.649962588",19.4,43.8
"Peterson, Jace",607054,2015,25,597,6,20.1,9.4,".239",".335",".314","0.096",".287",".300",33,3.9,26.3,"96.526168402","92.264230026",22.9,43.5
"Collins, Tyler",607385,2015,25,207,4,20.8,6.3,".266",".417",".316","0.151",".318",".303",34.7,6,31.3,"97.882468108","92.999957279",23.2,52.8
"Pillar, Kevin",607680,2015,26,628,12,13.5,4.5,".278",".399",".314","0.121",".310",".290",28.4,2.1,26.5,"96.445338008","92.255471017",18.2,51.2
"Ramírez, José",608070,2015,22,355,6,11,9,".219",".340",".291","0.121",".280",".291",27.9,2.1,24,"95.225044627","91.661459139",11.5,41.2
"Russell, Addison",608365,2015,21,523,13,28.5,8,".242",".389",".307","0.147",".304",".269",34.3,5.9,29.2,"96.288762963","92.165076192",31.2,48
"Plawecki, Kevin",608700,2015,24,258,3,23.3,6.6,".219",".296",".280","0.077",".252",".266",33.9,3.7,32.2,"98.010111136","93.156071771",23.1,44.9
"Correa, Carlos",621043,2015,20,432,22,18.1,9.3,".279",".512",".345","0.233",".365",".356",31.3,10,40.6,"101.795368247","95.073818994",20.5,44.8
"Duffy, Matt",622110,2015,24,612,12,15.7,4.9,".295",".428",".334","0.133",".331",".330",32.4,4.4,32,"97.296590044","92.695375607",18.1,46
"Puig, Yasiel",624577,2015,24,311,11,21.2,8.4,".255",".436",".322","0.181",".328",".328",30,10.1,36.9,"100.934493396","94.522725024",27.7,53
"Soler, Jorge",624585,2015,23,404,10,30,7.9,".262",".399",".324","0.137",".312",".323",37.5,11.4,43.1,"103.239684553","95.778705976",33.8,47.6
"Castillo, Rusney",628329,2015,27,289,5,18.7,4.5,".253",".359",".288","0.106",".283",".260",22.2,3.2,32.1,"97.536979725","92.800830734",23.7,51.8
"Kang, Jung Ho",628356,2015,28,467,15,21.2,6,".287",".461",".355","0.174",".356",".362",33.1,10.4,46.4,"102.181439441","95.391038598",25,42.3
"Tomás, Yasmany",630111,2015,24,426,9,25.8,4,".273",".401",".305","0.128",".307",".280",30.3,4.8,38,"99.86807089","94.011674007",27.6,56.9
"Guerrero, Alex",648717,2015,28,230,11,24.8,3,".233",".434",".261","0.201",".297",".287",34.1,8.9,32.9,"97.897987654","92.972077963",25.9,59.2
"Schwarber, Kyle",656941,2015,22,273,16,28.2,13.2,".246",".487",".355","0.241",".364",".364",32.1,14.3,42.3,"101.271060649","94.891513896",34,44.8
"Ortiz, David",120074,2016,40,625,38,13.6,12.8,".315",".621",".402","0.306",".420",".431",39.3,18.1,47.2,"103.045533739","96.143183874",19.3,43.5
"Rodriguez, Alex",121347,2016,40,243,9,27.6,5.8,".200",".351",".247","0.151",".258",".287",25.5,8.4,38.5,"100.783814125","94.587311938",29.6,49.1
"Beltré, Adrian",134181,2016,37,640,32,10.3,7.5,".300",".521",".358","0.221",".371",".366",34.2,9.3,40.4,"99.676160388","94.135210872",15.2,48.7
"Beltrán, Carlos",136860,2016,39,593,29,17,5.9,".295",".513",".337","0.218",".358",".321",32.5,7.4,38.5,"100.288108","94.247053333",19.6,45.6
"Werth, Jayson",150029,2016,37,606,21,22.9,11.7,".244",".417",".335","0.173",".327",".338",31.9,8.3,44.6,"101.514039895","95.15487147",20.9,38.1
"Pierzynski, A.J.",150229,2016,39,259,2,11.2,2.3,".219",".304",".243","0.085",".236",".269",31.2,2,33.9,"97.258158899","92.682177143",18.3,59
"Uribe, Juan",346874,2016,37,259,7,18.9,5.8,".206",".332",".259","0.126",".256",".324",30.2,8.2,37.5,"99.586699063","93.803070469",21.1,52.8
"Suzuki, Ichiro",400085,2016,42,365,1,11.5,8.2,".291",".376",".354","0.085",".320",".297",36.2,0.8,20,"93.712066761","90.971439859",16,44
"Martinez, Victor",400121,2016,37,610,27,14.8,8.2,".289",".476",".351","0.187",".351",".364",37.8,9.1,42.1,"99.515406052","94.050070323",17.2,46.4
"Utley, Chase",400284,2016,37,565,14,20.4,7.1,".252",".396",".319","0.144",".312",".313",35.6,4.7,33.8,"97.089810462","92.614725578",18.9,40.2
"Pujols, Albert",405395,2016,36,650,31,11.5,7.5,".268",".457",".323","0.189",".331",".369",31.5,10.4,44.1,"101.520633672","95.107410489",15.7,45.8
"Holliday, Matt",407812,2016,36,426,20,16.7,8.2,".246",".461",".322","0.215",".335",".351",27.9,9.4,47.8,"103.627355097","96.375905858",20.8,48.3
"Teixeira, Mark",407893,2016,36,438,15,24,10.7,".204",".362",".292","0.158",".287",".310",33.1,8.1,37.3,"98.622615214","93.369596",23.2,42.6
"Mauer, Joe",408045,2016,33,576,11,16.1,13.7,".261",".389",".363","0.128",".327",".358",36.5,6.4,42.9,"99.073111465","93.903650684",15.3,35.5
"Morneau, Justin",408047,2016,35,218,6,23.9,5.5,".261",".429",".303","0.168",".311",".280",37.3,4.3,35.9,"98.790897895","93.69168125",24.9,55.2
"Cabrera, Miguel",408234,2016,33,679,38,17.1,11,".316",".563",".393","0.247",".399",".450",40.1,17.5,50.6,"104.209910539","96.808753326",22.5,48.7
"González, Adrián",408236,2016,34,633,18,18.5,8.7,".285",".435",".349","0.150",".334",".327",38.9,5,33.9,"97.49832385","92.844400863",22.9,48.1
"Phillips, Brandon",408252,2016,35,584,11,11.6,3.1,".291",".416",".320","0.125",".315",".289",35.1,3,25.5,"95.874930249","91.938637593",19,57.6
"Reyes, José",408314,2016,33,279,8,17.6,8.2,".267",".443",".326","0.176",".329",".297",33.8,5.1,26.1,"95.366818447","91.837999024",20,45.4
"Ross, David",424325,2016,39,205,10,26.3,14.6,".229",".446",".338","0.217",".326",".339",41.3,11.5,32.2,"97.447824035","92.750668947",31.1,46.5
"Crisp, Coco",424825,2016,36,498,13,15.7,9.2,".231",".397",".302","0.166",".301",".294",36.1,2.7,23.3,"94.6724375","91.371091167",18.3,42.8
"Peralta, Jhonny",425509,2016,34,313,8,17.9,6.4,".260",".408",".307","0.148",".308",".320",38.1,6.8,33.9,"97.74970178","92.983789617",20.4,46.2
"Loney, James",425766,2016,32,366,9,10.1,4.4,".265",".397",".307","0.132",".302",".303",34.1,1.8,31.5,"97.044112876","92.570420525",11.7,50.6
"Choo, Shin-Soo",425783,2016,33,210,7,21.9,11.9,".242",".399",".357","0.157",".334",".382",38.6,8.1,47,"101.0338075","95.170106328",22.6,38.7
"Rivera, René",425784,2016,32,207,6,26.1,7.7,".222",".341",".291","0.119",".273",".283",32.8,5,29.9,"96.696435152","92.383027348",28.3,52
"Francoeur, Jeff",425796,2016,32,331,7,27.2,6,".254",".378",".297","0.124",".290",".282",32.1,5.9,32.6,"98.218469444","93.130204167",31.9,56.4
"Upton, B.J.",425834,2016,31,538,20,28.8,6.9,".238",".402",".291","0.164",".297",".295",31.4,6.3,36.6,"98.525363353","93.336834147",34.7,50.2
"Molina, Yadier",425877,2016,33,581,8,10.8,6.7,".307",".427",".360","0.120",".342",".330",35.5,4.1,28.1,"96.332986111","92.235852393",15.3,53.3
"Navarro, Dioner",425900,2016,32,334,6,21.3,6.9,".207",".322",".265","0.115",".258",".245",32.8,1.9,22.3,"94.258947043","91.170656",23.3,45.1
"Fielder, Prince",425902,2016,32,370,8,17,8.6,".212",".334",".292","0.122",".276",".319",32.1,6.7,31.7,"99.37252626","93.689133282",24.9,44.7
"Canó, Robinson",429664,2016,33,715,39,14,6.6,".298",".533",".350","0.235",".370",".348",32.7,8.1,42.8,"101.243038116","94.873902464",17.3,50.8
"Encarnación, Edwin",429665,2016,33,701,42,19.7,12.4,".263",".529",".357","0.266",".373",".380",35.9,13.6,40.8,"100.992646966","94.7357806",23.6,42.4
"Hardy, J.J.",429666,2016,33,438,9,15.5,5.9,".269",".407",".309","0.138",".307",".300",29.4,4.2,39.2,"99.484281111","93.965136334",15.1,36.3
"Howard, Ryan",429667,2016,36,362,25,31.5,7.5,".196",".453",".257","0.257",".298",".354",37.7,16.4,47.7,"100.667309817","94.989750505",34.3,55
"Gutierrez, Franklin",429711,2016,33,283,14,30,10.2,".246",".452",".329","0.206",".336",".361",31.3,12.4,47.6,"102.833719875","96.076288938",32.8,41.9
"Weeks Jr., Rickie",430001,2016,33,205,9,26.3,9.8,".239",".450",".327","0.211",".335",".378",29.9,17,44.1,"102.502256833","95.419093697",30.9,41.5
"Raburn, Ryan",430605,2016,35,256,9,31.3,10.9,".220",".404",".309","0.184",".309",".278",27.4,7.2,43.2,"100.142775556","94.395891538",32.2,45.9
"Johnson, Kelly",430637,2016,34,333,10,19.5,7.5,".247",".391",".306","0.144",".301",".314",32,6.2,33.6,"98.457962521","93.238134832",21.7,47.4
"Bautista, José",430832,2016,35,517,22,19.9,16.8,".234",".452",".366","0.218",".355",".360",30.6,9.4,45.7,"102.85874764","95.78624941",21.2,36.7
"Jones, Adam",430945,2016,30,672,29,17.1,5.8,".265",".436",".310","0.171",".319",".331",31.8,9.2,34.7,"99.066221633","93.612539581",26.2,60.4
"Aybar, Erick",430947,2016,32,459,3,15.3,6.8,".243",".320",".303","0.077",".271",".255",26.7,0.7,15.1,"93.160192","90.680500606",16.1,50.3
"Hill, Aaron",431094,2016,34,427,10,13.8,9.6,".262",".378",".336","0.116",".313",".311",35.3,1.4,26.6,"95.793055031","91.925488679",16.7,42.3
"Martin, Russell",431145,2016,33,535,20,27.7,12,".231",".398",".335","0.167",".322",".326",29.4,10.2,40.3,"99.735703529","94.022415882",29.9,39
"Blanco, Andrés",433217,2016,32,209,4,19.6,5.3,".253",".405",".316","0.152",".313",".288",30.7,2.3,35.3,"97.837663108","93.170133878",26.6,53.1
"Granderson, Curtis",434158,2016,35,633,30,20.5,11.7,".237",".464",".335","0.227",".339",".333",33.8,7.6,33.1,"97.844558841","93.013354879",22,36.5
"Ruiz, Carlos",434563,2016,37,233,3,14.2,11.6,".264",".348",".365","0.084",".321",".338",31,3.9,36.9,"98.204953976","93.200383675",13.2,36.6
"Pagán, Ángel",434636,2016,34,541,12,12.2,7.8,".277",".418",".331","0.141",".324",".320",36.1,3.4,21.8,"94.517204211","91.274645933",11.6,40.7
"Davis, Rajai",434658,2016,35,495,12,21.4,6.7,".249",".388",".306","0.139",".302",".285",29.9,3.8,29.9,"96.624117251","92.325843684",24.1,52.1
"Ramirez, Hanley",434670,2016,32,620,30,19.4,9.7,".286",".505",".361","0.219",".367",".349",29.6,12.2,42,"102.60270654","95.461057488",23.9,46.4
"Morales, Kendrys",434778,2016,33,618,30,19.4,7.8,".263",".468",".327","0.205",".339",".389",34.5,12.1,49.9,"102.729617945","95.980574224",24,48
"Kendrick, Howie",435062,2016,32,543,8,17.7,9.2,".255",".366",".326","0.111",".303",".332",26.9,6.5,42.1,"100.905633472","94.674374404",20.8,47.9
"Napoli, Mike",435063,2016,34,645,34,30.1,12.1,".239",".465",".335","0.226",".343",".340",33.2,15,39.4,"100.694645355","94.626004575",30.5,43.8
"Wilson, Bobby",435064,2016,33,251,7,25.5,4.4,".237",".355",".270","0.118",".270",".255",35.4,3.9,26.3,"95.770032289","91.941271928",29.9,54.6
"Kinsler, Ian",435079,2016,34,679,28,16.9,6.6,".288",".484",".348","0.196",".356",".325",37.4,4.1,30.8,"96.809080402","92.439064779",15.9,44.9
"McCann, Brian",435263,2016,32,492,20,20.1,11,".242",".413",".335","0.171",".326",".331",31.9,6.4,35.8,"98.173086829","93.218895076",19.7,43
"Walker, Neil",435522,2016,30,458,23,18.3,9.2,".282",".476",".347","0.194",".351",".355",36.6,7.7,37.5,"98.645218598","93.511959969",19.9,46.7
"Suzuki, Kurt",435559,2016,32,373,8,12.9,4.8,".258",".403",".301","0.145",".303",".285",31.5,3,30.5,"96.686014726","92.38313945",16.2,48.2
"Desmond, Ian",435622,2016,30,677,22,23.6,6.5,".285",".446",".335","0.161",".336",".320",28.4,8.4,43.6,"101.481379741","94.914392441",27.7,46.5
"Cruz, Nelson",443558,2016,35,667,43,23.8,9.3,".287",".555",".360","0.268",".383",".397",34.8,18.5,52.4,"105.455090607","97.540246628",29.1,47.4
"Jaso, John",444379,2016,32,432,8,17.1,10.4,".268",".413",".353","0.145",".335",".335",32.8,5.5,32.1,"97.253424898","92.646669488",17.2,40.7
"Trumbo, Mark",444432,2016,30,667,47,25.5,7.6,".256",".533",".316","0.277",".358",".372",31.8,17.9,44.7,"104.542707696","96.586320716",29.3,49.3
"Escobar, Alcides",444876,2016,29,682,7,14.1,4,".261",".350",".292","0.089",".278",".262",31.7,1.7,17.6,"93.292750522","90.768535541",20.6,53.7
"Jay, Jon",445055,2016,31,374,2,20.9,5.1,".291",".389",".339","0.098",".318",".288",34.3,1.2,23.2,"95.269865338","91.649630755",21.7,52.1
"Prado, Martín",445988,2016,32,658,8,10.5,7.4,".305",".417",".359","0.112",".335",".313",31.2,1.4,30.8,"96.716693916","92.438265029",10.4,39.6
"Wieters, Matt",446308,2016,30,464,17,18.3,6.9,".243",".409",".302","0.166",".307",".325",34.5,8.1,33,"97.647514132","92.901723363",23.6,51.1
"Longoria, Evan",446334,2016,30,685,36,21,6.1,".273",".521",".318","0.248",".350",".361",38.1,13.4,41.5,"100.450586423","94.476940468",26.1,48.5
"Cozart, Zack",446359,2016,30,508,16,16.5,7.3,".252",".425",".308","0.173",".312",".287",31.4,2.6,27.5,"96.082829628","92.042175027",18.7,46.8
"Barney, Darwin",446381,2016,30,306,4,15.7,7.2,".269",".373",".322","0.104",".303",".286",35.3,1.9,23.8,"94.737540526","91.384332203",17.8,48.6
"Guyer, Brandon",446386,2016,30,345,9,15.9,5.5,".266",".423",".372","0.157",".351",".327",32.9,4.6,27.9,"96.629714701","92.33970859",19.5,49.9
"Rodríguez, Sean",446481,2016,31,342,18,29.8,9.6,".270",".510",".349","0.240",".363",".351",35.1,13.2,36.6,"101.337946064","94.857851968",36.4,47.6
"Reynolds, Mark",448602,2016,32,441,14,25.4,9.5,".282",".450",".356","0.168",".349",".304",33.2,6.5,37.1,"99.559790638","93.811470783",26.7,46
"Davis, Chris",448801,2016,30,665,38,32.9,13.2,".221",".459",".332","0.238",".340",".356",35.7,16.7,44,"101.565109535","95.133377791",37.1,42.6
"Orlando, Paulo",449181,2016,30,483,5,21.7,2.7,".302",".405",".329","0.103",".317",".314",28.5,6.3,37.4,"100.40921936","94.349794593",25.4,56.4
"Zobrist, Ben",450314,2016,35,631,18,13,15.2,".272",".446",".386","0.174",".360",".356",32.5,5.1,35.6,"98.19911162","93.170031019",12.8,35.5
"Fowler, Dexter",451594,2016,30,551,13,22.5,14.3,".276",".447",".393","0.171",".367",".352",37.1,6.6,33.8,"98.048856319","93.030671963",22,39.2
"Flowers, Tyler",452095,2016,30,325,8,28,8.9,".270",".420",".357","0.150",".338",".340",35.1,12.9,48.5,"104.089011368","96.706802579",28.7,45.6
"Headley, Chase",452104,2016,32,529,14,22.3,9.6,".253",".385",".331","0.132",".312",".308",33.6,6.4,33.1,"97.969209257","93.020418343",24.8,44
"Smith, Seth",452234,2016,33,438,16,20.3,11,".249",".415",".342","0.166",".331",".359",32.1,9.7,40.6,"100.019093472","94.134392813",22.4,39.7
"Lind, Adam",452252,2016,32,430,20,20.7,6,".239",".431",".286","0.192",".304",".326",33.8,9.7,42.7,"101.049678141","94.699159647",22.8,47.6
"Pence, Hunter",452254,2016,33,442,13,21.5,9.7,".289",".451",".357","0.162",".349",".342",26.1,8.1,41.3,"101.853185205","95.292388522",31.3,45.7
"Span, Denard",452655,2016,32,637,11,12.4,8.3,".266",".381",".331","0.115",".312",".324",29.5,3.3,29.7,"97.007839412","92.543263074",14.2,44.3
"Cabrera, Asdrúbal",452678,2016,30,568,23,18.1,6.7,".280",".474",".336","0.194",".345",".317",36.4,6.3,33.3,"97.172298873","92.748565343",23,50.8
"Ellsbury, Jacoby",453056,2016,32,616,9,13.6,8.8,".263",".374",".330","0.111",".308",".307",30.8,1.9,31.4,"96.949773991","92.49193176",16.9,46.5
"Tulowitzki, Troy",453064,2016,31,544,24,18.6,7.9,".254",".443",".318","0.189",".327",".352",33.7,10.4,40.8,"99.968194416","94.172079084",20.9,44.6
"Johnson, Chris",453400,2016,31,264,5,29.5,7.2,".222",".329",".281","0.107",".267",".308",37.3,5.2,42.8,"101.22259425","95.047431625",29.4,48.1
"Blackmon, Charlie",453568,2016,29,641,29,15.9,6.7,".324",".552",".381","0.228",".394",".364",39.1,7.6,33.5,"98.398370641","93.276940427",17.2,47.1
"Blanco, Grégor",453923,2016,32,273,1,18.7,10.6,".224",".311",".309","0.087",".272",".275",28.6,3.1,20.3,"94.864227582","91.55402337",18.4,43.4
"Frazier, Todd",453943,2016,30,666,40,24.5,9.6,".225",".464",".302","0.239",".326",".315",31.7,11.5,35.6,"99.373683535","93.75314655",28.3,46.7
"Iannetta, Chris",455104,2016,33,338,7,24.6,11.2,".210",".329",".303","0.119",".282",".314",28.8,6.5,39.1,"100.312814615","94.261259087",26.5,45.7
"Maldonado, Martín",455117,2016,29,253,8,22.1,13.8,".202",".351",".332","0.149",".294",".301",32.1,8.8,29.5,"98.100662105","93.114408874",25.5,39.2
"Young, Chris",455759,2016,32,227,9,22,9.3,".276",".498",".352","0.222",".364",".309",39.2,5.2,36.6,"99.198353117","93.645602745",22.2,42
"Markakis, Nick",455976,2016,32,684,13,14.8,10.4,".269",".397",".346","0.128",".321",".337",37.7,5.5,42.6,"99.656467012","94.166160539",12.8,40.4
"Pedroia, Dustin",456030,2016,32,698,15,10.5,8.7,".318",".449",".376","0.131",".358",".331",35.3,2.8,28.9,"96.143655071","92.220249481",12.2,43.1
"Castillo, Welington",456078,2016,29,457,14,26.5,7.2,".264",".423",".322","0.159",".319",".297",34.1,6.9,37.5,"99.332206027","93.755623127",26.9,43.4
"Bourn, Michael",456422,2016,33,413,5,22.3,6.8,".264",".371",".314","0.107",".298",".268",32.4,3.7,17.4,"93.904864519","90.977928104",23.7,41.9
"Núñez, Eduardo",456488,2016,29,595,16,14.8,4.9,".288",".432",".325","0.144",".324",".298",28.8,5.2,37,"99.593665721","93.89352893",17.5,53.6
"Pearce, Steve",456665,2016,33,302,13,17.9,11.3,".288",".492",".374","0.204",".371",".369",29.9,9.6,40.3,"99.67756019","94.18867181",24.5,45
"Butler, Billy",456714,2016,30,274,5,15.3,7.7,".284",".416",".336","0.132",".324",".379",40.3,8.5,41.7,"101.351440485","95.000476068",21,45.4
"Cain, Lorenzo",456715,2016,30,434,9,19.4,7.1,".287",".408",".339","0.121",".322",".319",35.6,5,33.4,"99.101392215","93.598154557",23.2,47.7
"Saltalamacchia, Jarrod",457454,2016,31,292,12,35.6,14,".171",".346",".284","0.175",".277",".295",34,12.4,34.7,"98.62278411","93.444996096",35.7,43.8
"De Aza, Alejandro",457477,2016,32,267,6,25.1,9.7,".205",".321",".297","0.116",".276",".315",43.2,5.1,27.2,"96.286007805","92.288871951",24.2,43.4
"McCutchen, Andrew",457705,2016,29,675,24,21.2,10.2,".256",".430",".336","0.174",".329",".341",32.1,9.8,41.7,"100.0584415","94.291172278",25.5,46.2
"Jackson, Austin",457706,2016,29,203,0,19.2,8.4,".254",".343",".318","0.089",".292",".325",40.4,2.2,32.2,"97.349266479","92.775147305",19.7,43.5
"Upton, Justin",457708,2016,28,626,31,28.6,8,".246",".465",".310","0.219",".329",".342",33.3,13.8,45.5,"103.617772296","96.069918389",30.8,44
"Maybin, Cameron",457727,2016,29,391,4,17.6,9.2,".315",".418",".383","0.103",".352",".310",27.2,3.2,32.2,"98.017508623","93.008927065",20.3,42.4
"Turner, Justin",457759,2016,31,622,27,17.2,7.7,".275",".493",".339","0.218",".353",".352",37.4,9.3,41.4,"99.439496974","94.092821934",18.5,44.4
"Posey, Buster",457763,2016,29,614,14,11.1,10.4,".288",".434",".362","0.146",".341",".360",32.6,7.7,43.2,"99.980849274","94.339517495",14.1,46.7
"Jennings, Desmond",457775,2016,29,225,7,25.8,9.3,".200",".350",".281","0.150",".278",".281",27.8,5.6,33.3,"97.731984857","92.891593214",31,43
"Espinosa, Danny",457787,2016,29,601,24,29,9,".209",".378",".306","0.169",".294",".288",26.6,10.2,33.4,"100.021848141","94.167752026",33,48.9
"Bruce, Jay",457803,2016,29,589,33,21.4,7.5,".250",".506",".309","0.256",".340",".329",35.8,9.2,38.2,"99.066186699","93.59365767",26,51.4
"Votto, Joey",458015,2016,32,677,29,17.7,16,".326",".550",".434","0.224",".413",".402",40.5,10.3,39.9,"98.837699864","93.672828526",18.6,41.5
"Coghlan, Chris",458085,2016,31,300,6,24.3,11.7,".188",".318",".290","0.130",".269",".281",29.6,5.1,30.2,"97.574693864","92.833128125",25.4,43.3
"Rasmus, Colby",458675,2016,29,417,15,29,10.3,".206",".355",".286","0.149",".282",".316",30.8,9.7,36.8,"99.474992295","93.815628066",33.5,47.3
"Gardner, Brett",458731,2016,32,634,7,16.7,11,".261",".362",".351","0.101",".317",".311",27.8,2.7,24,"95.537567202","91.768783601",15.4,37.3
"Saunders, Michael",459431,2016,29,558,24,28.1,10.6,".253",".478",".338","0.225",".348",".318",33.2,8.5,44.5,"100.77075","94.693404424",29.2,44.7
"Joyce, Matt",459964,2016,31,293,13,22.9,20.1,".242",".463",".403","0.221",".375",".369",28.7,10.7,39,"99.154621039","93.716792662",31.9,37.6
"Hundley, Nick",460026,2016,32,317,10,20.5,7.9,".260",".439",".320","0.179",".323",".301",28.8,6.1,37.2,"99.740636306","93.975801765",25.2,50.6
"Braun, Ryan",460075,2016,32,564,30,17.4,8.2,".305",".538",".365","0.233",".378",".350",27.2,10.2,38.9,"100.969640293","94.600225854",20.9,50.9
"Gordon, Alex",460086,2016,32,506,17,29.2,10.3,".220",".380",".312","0.160",".303",".325",35.2,9.4,36.6,"98.612210203","93.42446878",29.4,43.5
"Reimold, Nolan",460099,2016,32,227,6,27.3,9.7,".222",".365",".300","0.143",".292",".282",30.3,5.5,32.4,"97.905977429","93.013942446",28.6,41.4
"Gómez, Carlos",460576,2016,30,453,13,30,7.5,".231",".384",".298","0.153",".296",".275",29.9,7.2,32,"98.989293664","93.524663716",32.9,53
"Moss, Brandon",461235,2016,32,464,28,30.4,8.4,".225",".484",".300","0.259",".329",".338",37.2,15.2,39,"100.280583504","94.153692482",35.3,50.8
"Kemp, Matt",461314,2016,31,672,35,23.2,5.4,".268",".499",".304","0.231",".333",".348",37.2,11.8,38,"99.092328235","93.605489937",29.4,54.9
"Plouffe, Trevor",461858,2016,30,344,12,17.4,5.5,".260",".420",".303","0.160",".311",".330",29.3,7.4,40.3,"100.1892725","94.348746016",19.8,45.4
"Andrus, Elvis",462101,2016,27,568,8,12.3,8.3,".302",".439",".362","0.137",".344",".319",32.4,2,31.8,"97.358116652","92.748998186",16.3,43.4
"Petit, Gregorio",463610,2016,31,223,2,22.9,6.7,".245",".348",".299","0.103",".282",".270",33.3,3.6,32.1,"96.987466316","92.522147829",26.1,51.6
"Cervelli, Francisco",465041,2016,30,393,1,18.3,14.2,".264",".322",".377","0.058",".318",".327",27.4,1.7,30.5,"97.284935854","92.673323089",22.2,38.1
"Cabrera, Melky",466320,2016,31,646,14,10.7,7.3,".296",".455",".345","0.159",".342",".311",33.6,2.4,34.2,"98.407373462","93.273342212",14,49
"Ramos, Wilson",467092,2016,28,523,22,15.1,6.7,".307",".496",".354","0.189",".361",".351",32.4,8.5,43.2,"101.888754495","95.29017757",19.1,50
"Santana, Carlos",467793,2016,30,688,34,14.4,14.4,".259",".498",".366","0.239",".370",".384",29.3,10.8,43.2,"101.171694421","94.818326219",19.2,39.2
"Parra, Gerardo",467827,2016,29,381,7,19.2,2.4,".253",".399",".271","0.146",".284",".280",32.9,5.7,32.2,"97.439725034","92.763425517",21.1,55.7
"Montero, Miguel",471083,2016,32,284,8,20.4,13.4,".216",".357",".327","0.141",".299",".281",28.1,5.8,25.4,"95.127921798","91.563960899",24.6,49.4
"González, Carlos",471865,2016,30,632,25,20.4,7.3,".298",".505",".350","0.207",".361",".339",32.2,9.5,41.2,"102.688740536","95.434184743",30.7,51.3
"Valbuena, Luis",472528,2016,30,342,13,23.7,12.9,".260",".459",".357","0.199",".351",".323",32.4,8.8,31,"97.395983922","92.788651232",25,43.8
"De Jesús Jr., Iván",474443,2016,29,243,1,21,7,".253",".312",".311","0.059",".277",".290",37,1.2,20.2,"94.189492118","91.16817503",21,45.1
"Mercer, Jordy",474568,2016,29,584,11,14.2,8.7,".256",".374",".328","0.118",".304",".295",27.9,2.6,26.3,"96.404053905","92.223860262",15.1,43.5
"Belt, Brandon",474832,2016,28,655,17,22.6,15.9,".275",".474",".394","0.199",".374",".383",42.2,12.7,32.4,"98.247399791","93.202240472",25.3,47.4
"Carter, Chris",474892,2016,29,644,41,32,11.8,".222",".499",".321","0.277",".346",".368",36.3,19.4,46.2,"103.546610229","96.086521862",38.4,43.7
"Alonso, Yonder",475174,2016,29,532,7,13.9,8.5,".253",".367",".316","0.114",".299",".316",33.3,4.4,37.4,"99.474821244","93.843411119",17.6,46.4
"Smoak, Justin",475253,2016,29,341,14,32.8,11.7,".217",".391",".314","0.174",".309",".328",40.6,12.9,42.2,"100.716488172","94.768571892",29.6,45.2
"Zimmerman, Ryan",475582,2016,31,467,15,22.3,6.2,".218",".370",".272","0.152",".277",".318",28.9,7.8,45.6,"103.047015063","96.132440878",24,43.7
"Lowrie, Jed",476704,2016,32,369,2,17.6,7,".263",".322",".314","0.059",".282",".284",38.3,0.8,24.5,"94.918256815","91.463030926",17.9,46.3
"Álvarez, Pedro",476883,2016,29,376,22,25.8,9.8,".249",".504",".322","0.255",".349",".358",31.4,14.9,49.2,"104.546137731","96.711942152",32,45.9
"Wallace, Brett",477165,2016,29,256,6,32.4,11.3,".189",".318",".309","0.129",".280",".297",30.4,9.5,35.6,"99.783123529","93.936652",34,41.4
"Carrera, Ezequiel",485567,2016,29,310,6,22.6,8.7,".248",".356",".323","0.108",".301",".285",24.9,4.5,32.1,"97.911975269","92.958758548",23.1,43.9
"Avila, Alex",488671,2016,29,209,7,37.3,18.2,".213",".373",".359","0.160",".329",".319",38,9.1,40.2,"99.905218261","94.330627717",38.4,36.8
"Bourjos, Peter",488721,2016,29,383,5,23.8,4.4,".251",".389",".292","0.138",".291",".260",26.2,3.1,32.8,"98.424584766","93.25725851",28.5,54.2
"Castro, Jason",488771,2016,29,376,11,32.7,12,".210",".377",".307","0.167",".301",".318",34.3,10.3,40.1,"99.905743762","94.269629604",31.6,43.9
"d'Arnaud, Chase",488818,2016,29,262,1,19.1,8.8,".245",".335",".317","0.090",".287",".274",37.1,0.6,22,"94.623888111","91.413787654",22.3,44.1
"Escobar, Yunel",488862,2016,33,566,5,11.7,7.1,".304",".391",".355","0.087",".327",".316",27.8,3.2,36.1,"98.884000405","93.515528397",16.6,48.7
"Morrison, Logan",489149,2016,28,398,14,22.4,9.3,".238",".414",".319","0.176",".318",".339",32,8.4,41.7,"101.631449697","95.050930837",24.4,46.6
"Rosales, Adam",489267,2016,33,248,13,35.5,11.7,".229",".495",".319","0.266",".340",".300",36.2,12.5,39.2,"99.589125385","93.852097385",35.7,42.7
"Aoki, Norichika",493114,2016,34,466,4,9.7,7.3,".283",".388",".349","0.105",".325",".275",23.5,1,24.9,"95.31977","91.694337042",12.6,47.9
"Lee, Dae-Ho",493193,2016,34,317,14,23.3,6.3,".253",".428",".312","0.175",".318",".323",36.2,8.3,36.7,"98.528471776","93.295797056",23.5,47.3
"Cespedes, Yoenis",493316,2016,30,543,31,19.9,9.4,".280",".530",".354","0.250",".369",".375",32.9,10.7,47.5,"102.453598777","95.709704587",24.7,47
"Ramirez, Alexei",493351,2016,34,506,6,12.5,4.2,".241",".333",".277","0.092",".264",".256",30.9,0.5,23.9,"94.51692267","91.334103114",16.6,48.6
"Beckham, Gordon",493596,2016,29,279,5,18.6,9.3,".212",".347",".294","0.135",".281",".294",31,4.6,32,"97.663396289","92.927516684",20.8,42.9
"Solarte, Yangervis",500208,2016,28,443,15,14.2,6.8,".286",".467",".341","0.181",".346",".299",27.5,4.3,33.3,"97.941823669","92.977546065",17,50.5
"Rojas, Miguel",500743,2016,27,214,1,12.6,5.1,".247",".325",".288","0.078",".265",".248",26.9,0.6,21.1,"94.6221695","91.370713188",16.4,49.5
"Escobar, Eduardo",500871,2016,27,377,6,19.1,5.6,".236",".338",".280","0.102",".269",".289",32.5,3.6,24.4,"95.888192059","91.964374265",19.4,50.2
"Freese, David",501896,2016,33,492,13,28.9,9.1,".270",".412",".352","0.142",".334",".324",31.2,8.8,48.5,"101.73211007","95.37298412",27.8,44.4
"Davis, Khris",501981,2016,28,610,42,27.2,6.9,".247",".524",".307","0.277",".349",".370",31.5,18.8,48.2,"103.007386943","95.874376839",33.9,51.9
"Chisenhall, Lonnie",502082,2016,27,418,8,16.7,5.5,".286",".439",".328","0.153",".327",".292",33.2,3.1,24.8,"96.412980449","92.206836827",17.4,56.7
"Martinez, J.D.",502110,2016,28,517,22,24.8,9.5,".307",".535",".373","0.228",".384",".396",38,15.1,47.2,"102.304141488","95.653218448",29.3,52.4
"Valencia, Danny",502143,2016,31,517,17,22.2,7.9,".287",".446",".346","0.159",".342",".350",35.2,8.6,41.1,"101.449815843","94.886325211",28.2,44.1
"Reddick, Josh",502210,2016,29,438,10,12.8,8.9,".281",".405",".345","0.124",".324",".328",31.8,3.9,32.7,"97.943026506","93.021575317",15.9,44
"Dyson, Jarrod",502481,2016,31,337,1,11.6,7.7,".278",".388",".340","0.110",".316",".290",26.8,0.5,21.9,"95.156096942","91.710174481",13.5,45.9
"Murphy, Daniel",502517,2016,31,582,25,9.8,6,".347",".595",".390","0.248",".408",".394",36.3,9.3,41.5,"100.212879325","94.415590485",12,46
"O'Malley, Shawn",502523,2016,28,232,2,25.4,7.8,".229",".319",".299","0.090",".276",".246",26.3,0.8,15.1,"92.973994925","90.567110597",20.5,46.4
"Goldschmidt, Paul",502671,2016,28,704,24,21.3,15.6,".297",".489",".411","0.192",".382",".364",33,9.2,42.6,"101.29233537","94.885125731",22.9,38.4
"Gonzalez, Marwin",503556,2016,27,518,13,22.8,4.2,".254",".401",".293","0.147",".298",".289",30.3,6.3,35.9,"99.872519123","94.084600029",25.7,49.2
"León, Sandy",506702,2016,27,283,7,23.3,8.1,".310",".476",".369","0.166",".362",".296",38.5,4.8,26.7,"97.098752283","92.550032554",19.3,43.6
"Altuve, Jose",514888,2016,26,717,24,9.8,8.4,".338",".531",".396","0.193",".391",".384",39.3,7.5,36.4,"98.15027078","93.138465364",15.3,48.6
"Hernández, César",514917,2016,26,622,6,18.6,10.6,".294",".393",".371","0.099",".335",".313",29.9,2.1,29.2,"96.866862696","92.504901204",20.2,45.2
"Segura, Jean",516416,2016,26,694,20,14.6,5.6,".319",".499",".368","0.180",".371",".338",31,7.3,33.8,"98.450899387","93.352097165",17,46.9
"Castro, Starlin",516770,2016,26,610,21,19.3,3.9,".270",".433",".300","0.163",".313",".308",32.3,6.2,34.2,"98.830703261","93.46552573",23.3,51.6
"Marte, Starling",516782,2016,27,529,9,19.7,4.3,".311",".456",".362","0.145",".351",".328",35.8,6,37,"99.619785348","93.866708177",25.6,54.2
"d'Arnaud, Travis",518595,2016,27,276,4,18.1,6.9,".247",".323",".307","0.076",".279",".278",24.5,3.8,39.7,"98.8462416","93.5789918",16.3,45.9
"Descalso, Daniel",518614,2016,29,289,8,19.4,11.8,".264",".424",".349","0.160",".332",".316",40.4,3.4,35.4,"97.376148265","92.716356308",22.3,40.3
"Dietrich, Derek",518618,2016,26,412,7,20.4,7.8,".279",".425",".374","0.146",".348",".343",39.3,9.3,32,"97.430030526","92.751025752",19.9,46.7
"Donaldson, Josh",518626,2016,30,700,37,17,15.6,".284",".549",".404","0.265",".403",".404",32.4,13.7,49.2,"102.982235175","96.025999209",24.1,41.7
"Eibner, Brett",518649,2016,27,208,6,24,9.1,".193",".353",".266","0.160",".268",".289",28.1,8.3,31.7,"97.57738913","92.901570073",27.5,48.1
"Freeman, Freddie",518692,2016,26,693,34,24.7,12.8,".302",".569",".400","0.267",".402",".396",44.7,14.6,44.7,"101.263528204","95.138950898",29.5,51.5
"Grandal, Yasmani",518735,2016,27,457,27,25.4,14,".228",".477",".339","0.249",".350",".357",28.4,14,44.7,"102.279016667","95.430702667",28.2,39.2
"Heyward, Jason",518792,2016,26,592,7,15.7,9.1,".230",".325",".306","0.095",".282",".301",28.9,3.5,30.9,"97.470768295","92.752995635",17,41.5
"LeMahieu, DJ",518934,2016,27,635,11,12.6,10.4,".348",".495",".416","0.147",".391",".393",36.2,5.5,47.7,"101.419669362","95.226161876",11.6,41.9
"Lucroy, Jonathan",518960,2016,30,544,24,18.4,8.6,".292",".500",".355","0.208",".362",".347",37.6,8.3,35,"98.720672526","93.393876959",19.5,42.8
"Moreland, Mitch",519048,2016,30,503,22,23.5,7,".233",".422",".298","0.189",".307",".340",33.6,10.6,39.5,"101.251864556","94.865020148",28.5,48.6
"Norris, Derek",519083,2016,27,458,14,30.3,7.9,".186",".328",".255","0.142",".252",".279",38,5.9,32.6,"98.497788921","93.276908014",27,44.6
"Revere, Ben",519184,2016,28,375,2,9.1,4.8,".217",".300",".260","0.083",".246",".258",29.1,0.7,16.3,"92.778075933","90.495432241",9.6,39.4
"Rizzo, Anthony",519203,2016,26,676,32,16,10.9,".292",".544",".385","0.252",".391",".363",31.6,10.5,36.2,"99.883567811","93.995997161",19.8,44.9
"Robinson, Clint",519208,2016,31,224,5,17,8.9,".235",".332",".305","0.097",".282",".293",25.6,5.8,32.3,"99.316838442","93.706932876",17.2,42.7
"Rupp, Cameron",519237,2016,27,419,16,27.2,5.7,".252",".447",".303","0.195",".321",".311",28.6,10.1,47.1,"103.099724015","95.832947985",30.3,47.9
"Smolinski, Jake",519295,2016,27,319,7,13.8,6,".238",".345",".299","0.107",".284",".313",30.9,5.2,30.9,"97.574509754","92.787254877",15.7,47.5
"Souza Jr., Steven",519306,2016,27,468,17,34,6.6,".247",".409",".303","0.162",".308",".308",37.4,11.7,38.1,"100.969142761","94.618651873",33.7,49.8
"Stanton, Giancarlo",519317,2016,26,469,27,29.9,10.7,".240",".489",".326","0.249",".344",".343",29.5,17.5,47.6,"106.775800889","97.824048481",35.5,45.7
"Szczur, Matt",519333,2016,26,200,5,19.5,6.5,".259",".400",".312","0.141",".305",".287",27.9,5.7,23.8,"95.260048429","91.732343643",23.1,54.1
"Vogt, Stephen",519390,2016,31,532,14,15.6,6.6,".251",".406",".305","0.155",".305",".314",40.7,5.8,26.8,"96.084116318","92.042396393",17.2,45.4
"Galvis, Freddy",520471,2016,26,624,20,21.8,4,".241",".399",".274","0.158",".284",".263",33.9,3.4,27.4,"96.130726313","92.093201293",21,52.9
"Perez, Salvador",521692,2016,26,546,22,21.8,4,".247",".438",".288","0.191",".308",".288",29.5,7,37.8,"99.609483939","93.912413392",23.4,54.8
"Forsythe, Logan",523253,2016,29,567,20,22.4,8.1,".264",".444",".333","0.180",".336",".351",38.9,8.4,38.9,"99.051979948","93.678695156",22.7,39.6
"Flores, Wilmer",527038,2016,24,335,16,14.3,6.9,".267",".469",".319","0.202",".336",".303",37.4,5.5,29,"95.914091077","91.984468533",17,48.8
"Marte, Jefry",527043,2016,25,284,15,20.8,6.3,".252",".481",".310","0.229",".335",".317",30.2,7.7,37.1,"99.8539132","94.0307597",26.7,46
"Holt, Tyler",534627,2016,27,208,0,23.1,11.1,".235",".296",".327","0.061",".283",".269",31.9,0.8,17,"93.95396746","91.068834683",23.7,43.8
"García, Avisaíl",541645,2016,25,453,12,25.4,7.5,".245",".385",".307","0.140",".302",".329",31.3,9.1,40,"102.171097315","95.208519899",33,54.7
"Pérez, Hernán",541650,2016,25,430,13,21.9,4.2,".272",".428",".302","0.156",".312",".281",34.1,4.2,38.2,"98.858226561","93.511267955",26.1,54.2
"Bethancourt, Christian",542194,2016,24,204,6,27.5,4.9,".228",".368",".265","0.140",".273",".289",29.7,8.8,35.5,"99.433242059","93.771644667",31.5,57
"Pérez, Carlos",542208,2016,25,291,5,16.8,4.1,".209",".325",".244","0.116",".246",".255",31,2.6,27.5,"95.981214579","92.009765794",21.5,47.5
"Inciarte, Ender",542255,2016,25,578,3,11.8,7.8,".291",".381",".351","0.090",".319",".291",31.5,0.8,15,"92.885941031","90.486452966",11.6,47.2
"Ozuna, Marcell",542303,2016,25,608,23,18.9,7.1,".266",".452",".321","0.186",".330",".341",32.3,8.6,42.2,"101.048471735","94.801005457",26.6,46.9
"Villar, Jonathan",542340,2016,25,679,19,25.6,11.6,".285",".457",".369","0.172",".356",".315",28.8,7.8,38.2,"100.634149095","94.531060201",27.3,43.8
"Ortega, Rafael",542364,2016,25,201,1,11.4,6.5,".232",".292",".283","0.060",".257",".287",23.6,0,23.6,"95.009530128","91.546998258",14.7,47.8
"Adames, Cristhian",542436,2016,24,256,2,18.4,9.4,".218",".302",".304","0.084",".274",".278",23.2,2.5,24.3,"95.405824186","91.757396374",21,47
"Santana, Danny",542454,2016,25,248,2,22.2,4.8,".240",".326",".279","0.086",".265",".279",27.8,4.8,33.9,"98.15845439","93.17337122",25.3,54.6
"Arcia, Oswaldo",542455,2016,25,222,8,36,8.1,".203",".366",".270","0.163",".277",".292",36.6,10.7,33.3,"99.253222623","93.640822623",36.2,49.7
"Bandy, Jett",542908,2016,26,231,8,16.5,4.8,".234",".392",".281","0.158",".289",".292",36.5,7.4,29.2,"96.662669884","92.333228314",20.6,56.8
"Beckham, Tim",542921,2016,26,215,5,31.2,6.5,".247",".434",".300","0.187",".314",".274",30.1,6.8,45.1,"102.100977077","95.240380462",36.6,49.7
"Broxton, Keon",542979,2016,26,244,9,36.1,14.8,".242",".430",".354","0.188",".343",".326",33.3,10.6,50,"103.590461379","96.501741565",36.9,43.5
"Burns, Billy",542993,2016,26,332,0,11.1,3,".235",".296",".271","0.061",".247",".242",24.7,0,12.5,"91.021793817","90.03647682",12.5,52
"Crawford, Brandon",543063,2016,29,623,12,18.5,9.1,".275",".430",".342","0.155",".327",".316",33.8,6.3,34.7,"98.486221327","93.378538246",26.6,50.9
"Cron, C.J.",543068,2016,26,443,16,16.9,5.4,".278",".467",".325","0.189",".337",".342",33.8,9.7,39.2,"101.056856909","94.641323121",23.2,52.2
"Dickerson, Alex",543105,2016,26,285,10,15.4,9.1,".257",".455",".333","0.198",".336",".342",31.8,7.3,39.3,"100.655439333","94.387930381",19.4,47.5
"Giavotella, Johnny",543213,2016,28,367,6,10.6,3.5,".260",".376",".287","0.116",".285",".296",30.6,1.9,22,"94.434994966","91.252242492",16.3,48.2
"Gillaspie, Conor",543216,2016,28,205,6,13.7,5.9,".262",".440",".307","0.178",".314",".307",34.8,5,37.2,"98.715976203","93.508263949",17.6,53.8
"Gomes, Yan",543228,2016,28,264,9,26.1,3.4,".167",".327",".201","0.160",".225",".255",28.8,6.1,32.1,"97.629446522","92.849808142",25,57.1
"Grossman, Robbie",543257,2016,26,389,11,24.7,14.1,".280",".443",".386","0.163",".363",".334",35.2,5.5,28.4,"96.583435948","92.313262857",24.4,37.8
"Harrison, Josh",543281,2016,28,522,4,14.6,3.4,".283",".388",".311","0.105",".301",".270",36.6,2.4,22.9,"94.751721133","91.385064296",20,54.7
"Hicks, Aaron",543305,2016,26,361,8,18.8,8.3,".217",".336",".281","0.119",".270",".289",28.5,5.2,35,"98.028373566","93.108556615",24.8,45.8
"Hosmer, Eric",543333,2016,26,667,25,19.8,8.5,".266",".433",".328","0.167",".326",".330",26,11,44.2,"102.281034043","95.409042851",26,48.6
"Kipnis, Jason",543401,2016,29,688,23,21.2,8.7,".275",".469",".343","0.194",".347",".346",38.2,7.4,39.5,"99.214970913","93.986365142",19.6,43.3
"Lawrie, Brett",543434,2016,26,384,12,28.4,7.8,".248",".413",".310","0.165",".311",".295",30.9,7.7,34.6,"99.250857603","93.655143264",29.4,47.3
"McCann, James",543510,2016,26,373,12,29.2,6.2,".221",".358",".272","0.137",".273",".296",29.3,10.5,36.8,"99.442463675","93.813587468",28.1,46.6
"Miller, Brad",543543,2016,26,601,30,24.8,7.8,".243",".482",".304","0.239",".333",".322",29.6,11.5,42.5,"101.453516818","94.89482101",26.9,49.1
"Nieuwenhuis, Kirk",543590,2016,28,392,13,33.9,14.3,".209",".385",".324","0.176",".313",".315",28.7,11.8,37.1,"100.228990918","94.378365408",36.9,41.7
"Rendon, Anthony",543685,2016,26,647,20,18.1,10,".270",".450",".348","0.180",".342",".350",35.4,6.8,41.5,"100.59849724","94.619975193",17,42.7
"Semien, Marcus",543760,2016,25,621,27,22.4,8.2,".238",".435",".300","0.197",".315",".304",31.8,7.4,35.3,"98.212134905","93.241960643",23.8,45.7
"Shaw, Travis",543768,2016,26,530,16,25.1,8.1,".242",".421",".306","0.179",".310",".306",34.2,9.5,34.2,"99.10840157","93.573573459",24.4,47.9
"Shuck, JB",543776,2016,29,241,4,8.7,5,".205",".299",".248","0.094",".240",".259",22.2,2.3,26.6,"95.052419604","91.611469204",10.2,46.4
"Springer, George",543807,2016,26,744,29,23.9,11.8,".261",".457",".359","0.196",".353",".362",32.1,11.9,38.5,"101.185728559","94.633465655",27.9,47.3
"Strange-Gordon, Dee",543829,2016,28,346,1,15.9,5.2,".268",".335",".305","0.067",".279",".228",26,0,14,"92.359095669","90.302564961",16.6,50
"Wong, Kolten",543939,2016,25,361,5,14.4,9.4,".240",".355",".327","0.115",".300",".304",30.1,3.6,26.3,"95.92457155","92.006565992",17.6,46.9
"Gregorius, Didi",544369,2016,26,597,20,13.7,3.2,".276",".447",".304","0.171",".319",".274",32.4,3.3,25.3,"95.376123305","91.703249979",18.6,55.4
"Grichuk, Randal",545341,2016,24,478,24,29.5,5.9,".240",".480",".289","0.240",".325",".321",27.8,11,46.1,"102.246730789","95.409578581",30.3,53.8
"Marisnick, Jake",545350,2016,25,311,5,26.7,5.1,".209",".331",".257","0.122",".257",".264",31.1,4.9,34,"98.819519592","93.457833128",26.2,53.4
"Trout, Mike",545361,2016,24,681,29,20.1,17,".315",".550",".441","0.235",".418",".429",37.6,16.2,40.3,"102.379849109","95.44265062",20.7,38.3
"Herrera, Odúbel",546318,2016,24,656,15,20.4,9.6,".286",".420",".361","0.134",".338",".297",30.7,5,30.9,"98.153791009","93.091367982",23.6,49
"Wolters, Tony",547172,2016,24,230,3,23,9.1,".259",".395",".327","0.136",".312",".265",36.5,3,19.2,"94.400712535","91.239024823",24.1,46.3
"Harper, Bryce",547180,2016,23,627,24,18.7,17.2,".243",".441",".373","0.198",".343",".352",30.1,8.5,36.1,"99.951699683","94.03816619",23.1,41.7
"Kim, Hyun Soo",547957,2016,28,346,6,14.7,10.4,".302",".420",".382","0.118",".352",".344",30.2,6,36.5,"99.19919808","93.76644084",15.4,39.7
"Martin, Leonys",547982,2016,28,576,15,25.9,7.6,".247",".378",".306","0.131",".298",".279",30.3,5.7,31.3,"99.19060691","93.604107893",29.9,51.6
"Abreu, José",547989,2016,29,695,25,18,6.8,".293",".468",".353","0.175",".349",".348",32.7,8.6,39.4,"100.621289442","94.406076355",23.8,51.1
"Suárez, Eugenio",553993,2016,24,627,21,24.7,8.1,".248",".411",".317","0.163",".316",".307",38.3,6.9,29.1,"96.987910197","92.506009852",24.8,43.5
"Polanco, Gregory",570256,2016,24,587,22,20.3,9,".258",".463",".323","0.205",".331",".337",34.5,6.8,40,"100.669037931","94.450076773",21.7,46.1
"Santana, Domingo",570267,2016,23,281,11,32.4,11.4,".256",".447",".345","0.191",".343",".356",35.3,12.2,53.2,"103.856236494","96.839401111",30.9,41
"Flores, Ramón",570717,2016,24,289,2,20.1,10.7,".205",".261",".294","0.056",".250",".268",23.7,1.7,20.2,"94.361217292","91.300055288",17.1,42.6
"Schoop, Jonathan",570731,2016,24,647,25,21.2,3.2,".267",".454",".298","0.187",".320",".300",29.7,7.9,35.1,"99.72271097","93.877671057",28.9,60.2
"Adams, Matt",571431,2016,27,327,16,24.8,7.6,".249",".471",".309","0.222",".331",".325",38.8,12.5,40.2,"99.70080028","94.17938",26.9,50.9
"Altherr, Aaron",571437,2016,25,227,4,30.4,10.1,".197",".288",".300","0.091",".266",".282",28.7,3.4,34.9,"99.05632375","93.591569453",28.9,43.3
"Arenado, Nolan",571448,2016,25,696,41,14.8,9.8,".294",".570",".362","0.276",".386",".348",32.7,10,39.8,"99.388730155","93.900808953",18.9,48.1
"Barnhart, Tucker",571466,2016,25,420,7,17.1,8.6,".257",".379",".323","0.122",".300",".295",39,2.8,23.2,"95.06122625","91.534489605",20.8,46.9
"Bour, Justin",571506,2016,28,321,15,17.4,11.8,".264",".475",".349","0.211",".343",".368",34.4,11.4,46.7,"102.761895268","95.734344081",24.8,42.9
"Gennett, Scooter",571697,2016,26,541,14,21.1,7,".263",".412",".317","0.149",".315",".273",34.4,4.6,24.5,"95.715714737","91.861584184",22.7,51.4
"Hamilton, Billy",571740,2016,25,460,3,20.2,7.8,".260",".343",".321","0.083",".294",".262",28.8,0.4,11.5,"91.431748851","89.954791424",19.5,45.4
"Hazelbaker, Jeremy",571757,2016,28,224,12,28.6,8,".235",".480",".295","0.245",".324",".288",28.9,11.9,32.4,"98.62516597","93.379758947",24.7,51
"Hernández, Enrique",571771,2016,24,244,7,26.2,11.5,".190",".324",".283","0.134",".270",".298",33.6,7.3,34.2,"98.536508684","93.310047748",28.8,44.5
"Holt, Brock",571788,2016,28,324,7,17.9,8.3,".255",".383",".322","0.128",".308",".303",31.4,2.9,26.3,"95.525552906","91.780526738",11.1,38.4
"Joseph, Tommy",571830,2016,24,347,21,21.6,6.3,".257",".505",".308","0.248",".342",".345",32.9,13.4,41.9,"101.306775738","94.804026926",23.1,50.7
"Lamb, Jake",571875,2016,25,594,29,25.9,10.8,".249",".509",".332","0.260",".352",".343",34.6,13.5,43.4,"101.002369891","94.781711172",29,43.6
"Myers, Wil",571976,2016,25,676,28,23.7,10.1,".259",".461",".336","0.202",".341",".334",36.7,7.7,39.2,"100.073744208","94.11312127",21.8,40.7
"Naquin, Tyler",571980,2016,25,365,14,30.7,9.9,".296",".514",".372","0.218",".374",".331",35.7,9.5,45.1,"101.675407885","95.217874327",31.3,50.8
"Owings, Chris",572008,2016,24,466,5,18.7,4.3,".277",".416",".315","0.139",".311",".300",28.8,3.4,32.8,"97.650545647","92.855241794",21.5,51.8
"Piscotty, Stephen",572039,2016,25,648,22,20.5,7.9,".273",".457",".343","0.184",".345",".344",33.4,9.5,37.8,"99.313960583","93.753640966",25.8,52.4
"Rickard, Joey",572073,2016,25,282,5,19.1,6.4,".268",".377",".319","0.109",".304",".277",32.2,2.8,22.6,"94.791815612","91.418323077",14.5,41.4
"Schimpf, Ryan",572114,2016,28,330,20,31.8,12.7,".217",".533",".336","0.316",".362",".344",30.5,19.3,41.4,"100.610003256","94.62521924",28.3,42.9
"Seager, Kyle",572122,2016,28,676,30,16,10.2,".278",".499",".359","0.221",".363",".377",36.3,9.7,41.3,"100.061292552","94.277043368",18.5,42.2
"Taylor, Michael A.",572191,2016,25,237,7,32.5,5.9,".231",".376",".278","0.145",".283",".294",37.9,8.5,37.9,"100.487089577","94.337547234",33.8,49.2
"Thompson, Trayce",572204,2016,25,262,13,25.2,9.9,".225",".436",".302","0.211",".318",".326",31.2,11.8,35.9,"99.778018","93.989911953",24.6,42.9
"Carpenter, Matt",572761,2016,30,566,21,19.1,14.3,".271",".505",".380","0.234",".375",".397",43,12.3,41.9,"99.808493","94.367605111",19.3,38.5
"Dickerson, Corey",572816,2016,27,548,24,24.5,6,".245",".469",".293","0.224",".319",".304",34.1,12.6,38.1,"99.143155798","93.68168625",29.1,55.9
"Dozier, Brian",572821,2016,29,691,42,20,8.8,".268",".546",".340","0.278",".370",".328",31.2,9.5,36.2,"98.504495805","93.326305541",23.4,43.7
"Saladino, Tyler",573135,2016,26,319,8,19.4,4.1,".282",".409",".315","0.127",".313",".281",32,3.4,27,"96.501347931","92.257331509",16.7,48.5
"Contreras, Willson",575929,2016,24,283,12,23.7,9.2,".282",".488",".357","0.206",".363",".342",32.3,9.9,33.9,"99.351105778","93.727272961",31.2,47.7
"Gyorko, Jedd",576397,2016,27,438,30,21.9,8.4,".242",".495",".306","0.253",".339",".332",36.1,10.8,36.1,"98.520075467","93.313887367",26.4,48.6
"Iglesias, Jose",578428,2016,26,513,4,9.7,5.5,".255",".336",".306","0.081",".283",".276",29,0.8,20.8,"93.884205317","91.095194976",10.5,44.8
"Travis, Devon",581527,2016,25,432,11,20.1,4.6,".300",".454",".332","0.154",".337",".293",34.2,4.3,31.1,"97.416570497","92.720486957",17.9,49.5
"Hechavarría, Adeiny",588751,2016,27,547,3,13.3,6,".236",".311",".283","0.075",".256",".291",29.8,1.3,31.4,"97.250481896","92.710874394",16.4,50.2
"Bryant, Kris",592178,2016,24,699,39,22,10.7,".292",".554",".385","0.262",".396",".386",36.3,12.7,38.9,"100.570829776","94.490280787",28.1,48.5
"Casali, Curt",592200,2016,27,256,8,32,9.8,".186",".336",".273","0.150",".268",".272",33.3,6.8,31.3,"97.176919583","92.599374167",31.1,44.4
"Castellanos, Nick",592206,2016,24,447,18,24.8,6.3,".285",".496",".331","0.211",".350",".384",48.2,15.2,39,"99.338708693","93.786062656",29.2,53.9
"DeShields, Delino",592261,2016,23,203,4,26.6,7.4,".209",".313",".275","0.104",".261",".249",23.5,1.8,30.3,"97.464341333","92.805623025",27.9,43.1
"Drury, Brandon",592273,2016,23,499,16,20,6.2,".282",".458",".329","0.176",".335",".313",31.5,8,36.7,"99.460694157","93.797249127",23,44.7
"Healy, Ryon",592387,2016,24,283,13,21.2,4.2,".305",".524",".337","0.219",".364",".354",35.7,9.9,40,"100.719770952","94.405942632",22,44.5
"Machado, Manny",592518,2016,23,696,37,17.2,6.9,".294",".533",".343","0.239",".366",".369",34.9,10.6,43.2,"102.442245154","95.431908015",22.3,49.3
"Pederson, Joc",592626,2016,24,476,25,27.3,13.2,".246",".495",".352","0.249",".360",".346",30.8,14.1,47,"103.697647259","96.269608741",26.5,41.7
"Realmuto, J.T.",592663,2016,25,545,11,18.3,5.1,".303",".428",".343","0.125",".333",".309",28.4,4.5,35.2,"98.844654951","93.53126027",19.5,48.1
"Rosario, Eddie",592696,2016,24,354,10,25.7,3.4,".269",".421",".295","0.152",".304",".271",33.3,5.5,31.7,"97.10432775","92.584275292",28.7,57.5
"Simmons, Andrelton",592743,2016,26,483,4,7.9,5.8,".281",".366",".324","0.085",".302",".298",29.6,1.3,29.6,"96.466554314","92.262999337",12.5,47.9
"Yelich, Christian",592885,2016,24,659,21,20.9,10.9,".298",".483",".376","0.185",".367",".385",31.9,10.7,49.9,"102.978294744","96.137674",24.4,40.3
"Merrifield, Whit",593160,2016,27,332,2,21.7,5.7,".283",".392",".323","0.109",".309",".293",29.9,3.3,34.4,"97.985060085","93.070423906",20.2,48.4
"Bogaerts, Xander",593428,2016,23,719,21,17.1,8.1,".294",".446",".356","0.152",".348",".320",28,6.3,32.7,"99.219483664","93.661598721",20,45.4
"Polanco, Jorge",593871,2016,22,270,4,17,6.3,".282",".424",".332","0.142",".326",".309",37.3,2.8,26.5,"95.778891224","91.894228163",17.4,43
"Sanó, Miguel",593934,2016,23,495,25,36,10.9,".236",".462",".319","0.226",".334",".329",32.4,15.5,49.2,"102.74556811","96.106947992",35.7,41
"Calhoun, Kole",594777,2016,28,672,18,17.6,10,".271",".438",".348","0.167",".340",".348",36.2,6.9,40.5,"99.688319831","94.056377367",25.3,49.5
"Duvall, Adam",594807,2016,27,607,33,27,6.8,".241",".498",".297","0.257",".333",".336",36.1,13.3,41.4,"100.034478274","94.148432995",27.8,49.7
"Eaton, Adam",594809,2016,27,706,14,16.3,8.9,".284",".428",".362","0.144",".344",".329",31.1,3.6,36.2,"98.603473719","93.475307847",17.2,47.7
"Garcia, Greg",594824,2016,26,257,3,19.5,14.8,".276",".369",".393","0.093",".338",".335",36.4,3.4,23.6,"95.22811425","91.648453625",15.8,38.8
"Gattis, Evan",594828,2016,29,499,32,25.5,8.6,".251",".508",".319","0.257",".345",".325",32.6,11.6,35.7,"99.878376025","94.009594735",26.2,45.3
"Gosselin, Phil",594838,2016,27,240,2,19.2,6.3,".277",".368",".324","0.091",".302",".289",32,2,24.7,"95.823715698","91.934768655",19.8,43
"Schebler, Scott",594988,2016,25,282,9,20.9,6.7,".265",".432",".330","0.167",".328",".312",26.3,5.8,39.4,"101.392081649","94.830876891",30,51.9
"Kiermaier, Kevin",595281,2016,26,414,12,17.9,9.7,".246",".410",".331","0.164",".323",".309",29.7,5.4,32.4,"98.391890769","93.202220105",23.6,44.5
"Profar, Jurickson",595777,2016,23,307,5,19.9,9.8,".239",".338",".321","0.099",".295",".288",26.3,3.3,28.6,"96.661500667","92.355421148",18.8,41.5
"Báez, Javier",595879,2016,23,450,14,24,3.3,".273",".423",".314","0.150",".316",".281",25.6,6.9,32.3,"98.790531781","93.454791473",28.9,53
"Goeddel, Tyler",595963,2016,23,234,4,22.2,7.3,".192",".291",".258","0.099",".244",".265",25.8,2.1,30.1,"97.43554775","92.747472516",25.2,45.7
"Lindor, Francisco",596019,2016,22,684,15,12.9,8.3,".301",".435",".358","0.134",".340",".338",34.6,4.6,33.5,"98.275620837","93.192310667",17.1,47.6
"Odor, Rougned",596059,2016,22,632,33,21.4,3,".271",".502",".296","0.231",".336",".318",31.2,8.8,37.6,"100.45374193","94.37478156",23.6,54.7
"Story, Trevor",596115,2016,23,415,27,31.3,8.4,".272",".567",".341","0.295",".380",".368",44.5,15.2,44.5,"102.071076807","95.437536765",29.4,45.9
"Sánchez, Gary",596142,2016,23,229,20,24.9,10.5,".299",".657",".376","0.358",".425",".393",36.3,17.8,48.6,"103.261436027","96.152749452",30.5,44.5
"Cuthbert, Cheslor",596144,2016,23,510,12,18.8,6.3,".274",".413",".318","0.139",".316",".269",27,2.7,36.9,"99.681248624","93.891186905",23.2,49.3
"Kepler, Max",596146,2016,23,447,17,20.8,9.4,".235",".424",".309","0.189",".313",".294",30.1,4.3,37.5,"100.710173289","94.425905066",20.9,43.3
"Franco, Maikel",596748,2016,23,630,25,16.8,6.3,".255",".427",".306","0.172",".311",".318",28.6,7.8,40.7,"100.800776245","94.493352236",24.2,51.4
"Bradley Jr., Jackie",598265,2016,26,636,26,22.5,9.9,".267",".486",".349","0.219",".354",".330",29,10.2,39.3,"99.809015388","94.102304199",26.7,45
"Ahmed, Nick",605113,2016,26,308,4,18.8,4.9,".218",".299",".265","0.081",".245",".271",29.4,3.1,29,"96.020115133","92.029342267",21.2,52.2
"Asche, Cody",605125,2016,26,218,4,24.8,8.3,".213",".350",".284","0.137",".279",".294",36.1,3.8,29.9,"97.471243194","92.780538322",19.8,44.7
"Betts, Mookie",605141,2016,23,730,31,11,6.7,".318",".534",".363","0.216",".379",".338",31.7,5.9,39.9,"99.700589189","94.049944721",14.2,41.3
"Panik, Joe",605412,2016,25,526,10,8.9,9.5,".239",".379",".315","0.140",".300",".320",30.6,5.4,26.8,"95.964759254","91.993903541",11.2,41.6
"Smith, Mallex",605480,2016,23,215,3,22.3,9.3,".238",".365",".316","0.127",".300",".279",22.1,3.7,22.1,"95.938294262","92.047085785",26.7,48.5
"Arcia, Orlando",606115,2016,21,216,4,21.8,6.9,".219",".358",".273","0.139",".274",".239",26,2.3,29.9,"97.384924667","92.744163221",29,53
"Peraza, José",606299,2016,22,256,3,12.9,2.7,".324",".411",".352","0.087",".331",".326",40.8,2.1,23.7,"94.755667885","91.461610338",13.4,51.7
"Marte, Ketel",606466,2016,22,466,1,18,3.9,".259",".323",".287","0.064",".266",".257",29,0.3,19.9,"94.706925647","91.373110176",18.5,48.9
"Peterson, Jace",607054,2016,26,408,7,16.9,12.7,".254",".366",".350","0.112",".317",".333",31.5,3.4,32.9,"97.543412357","92.825936057",18.1,41
"Turner, Trea",607208,2016,23,324,13,18.2,4.3,".342",".567",".370","0.225",".395",".361",34.4,8.1,36.4,"100.42958386","94.412091623",23.6,47.4
"Rua, Ryan",607387,2016,26,269,8,28.3,7.8,".258",".400",".331","0.142",".317",".294",25.9,7.6,40.4,"101.853714512","95.008470976",28.2,45.1
"Pillar, Kevin",607680,2016,27,584,7,15.4,4.1,".266",".376",".303","0.110",".295",".289",27.8,3.4,30.2,"98.179315268","93.089801987",18.5,49.6
"Ramírez, José",608070,2016,23,618,11,10,7.1,".312",".462",".363","0.150",".355",".332",35,3.2,32.9,"97.426159841","92.831257565",12.7,44
"Bregman, Alex",608324,2016,22,217,8,24,6.9,".264",".478",".313","0.214",".336",".306",40,7.3,36,"98.337028514","93.268980811",26.7,46.6
"Russell, Addison",608365,2016,22,598,21,22.6,9.2,".238",".417",".321","0.179",".316",".311",32.3,10.9,31.6,"97.734870567","92.92221884",29.2,49.9
"Seager, Corey",608369,2016,22,687,26,19.4,7.9,".308",".512",".365","0.204",".372",".374",37.5,8.9,44,"101.403540122","95.020540714",23.3,52.5
"Mazara, Nomar",608577,2016,21,568,20,19.7,6.9,".266",".419",".320","0.153",".318",".325",32.6,7.4,35,"99.151415659","93.615919462",20.4,44.6
"Jankowski, Travis",608671,2016,25,382,2,26.2,11,".245",".313",".332","0.068",".293",".285",28.2,1.4,26.9,"96.289016239","92.170885438",21.2,41.2
"García, Adonis",611177,2016,31,562,14,16.5,4.3,".273",".406",".311","0.133",".308",".320",30.1,6,34.9,"98.437424398","93.286594028",21.2,52.5
"Correa, Carlos",621043,2016,21,660,20,21.1,11.4,".274",".451",".361","0.177",".349",".364",32.9,8.5,43.5,"102.581797639","95.565530348",24.3,44.5
"Dahl, David",621311,2016,22,237,7,24.9,6.3,".315",".500",".359","0.185",".367",".298",39.3,5.4,32.5,"96.727791728","92.379195926",30.7,53
"Buxton, Byron",621439,2016,22,331,10,35.6,6.9,".225",".430",".284","0.205",".304",".251",29.9,6.2,31.6,"98.936683372","93.728918304",34.1,47.7
"Duffy, Matt",622110,2016,25,366,5,14.5,6.3,".258",".357",".310","0.099",".292",".309",34.6,3.8,30.4,"96.929424786","92.526682616",15.4,45.6
"Conforto, Michael",624424,2016,23,348,12,25.6,10.3,".220",".414",".310","0.194",".312",".321",37.2,11.3,39,"100.387976038","94.397521038",23.5,44
"Puig, Yasiel",624577,2016,25,368,11,20.1,6.5,".263",".416",".323","0.153",".320",".307",24.7,7.6,41.1,"101.718219077","94.916378308",28.5,52
"Soler, Jorge",624585,2016,24,264,12,25,11.7,".238",".436",".333","0.198",".333",".327",27.4,12.5,36,"100.657782025","94.408622722",32.4,45.1
"Kang, Jung Ho",628356,2016,29,370,21,21.4,9.7,".255",".513",".354","0.258",".369",".362",29,9.6,39.8,"101.197223482","94.780512411",23.7,40.7
"Tomás, Yasmany",630111,2016,25,563,31,24.2,5.5,".272",".508",".313","0.236",".345",".348",33.7,12.2,42,"100.820285561","94.596426675",30.6,57.6
"Anderson, Tim",641313,2016,23,431,9,27.1,3,".283",".432",".306","0.149",".315",".283",30,6.1,34.3,"98.131356966","93.140634913",30.7,50.6
"White, Tyler",643603,2016,25,276,8,23.6,8.3,".217",".378",".286","0.161",".287",".291",31.2,8.3,31.2,"97.977002247","93.008984607",24.3,42.7
"Díaz, Aledmys",649557,2016,25,460,17,13,8.9,".300",".510",".369","0.210",".370",".322",30.1,5.2,39.2,"99.927027965","94.088336541",17.8,45.2
"Park, ByungHo",666560,2016,29,244,12,32.8,8.6,".191",".409",".275","0.218",".294",".348",37,18.5,42.8,"101.592905882","95.068121037",35.4,45.8
"Beltré, Adrian",134181,2017,38,389,17,13.4,10,".312",".532",".383","0.220",".384",".358",36.1,6.3,32.5,"97.066970274","92.551073116",18.7,46.8
"Beltrán, Carlos",136860,2017,40,509,14,20,6.5,".231",".383",".283","0.152",".283",".283",29.4,5.4,31,"97.251447204","92.65384752",19.8,47.9
"Werth, Jayson",150029,2017,38,289,10,23.9,12.1,".226",".393",".322","0.167",".311",".329",33.2,9.2,40.7,"99.99257989","94.104058462",21.9,38.6
"Suzuki, Ichiro",400085,2017,43,215,3,16.3,7.9,".255",".332",".318","0.077",".287",".262",26.5,0.7,11.8,"91.598763125","90.048241006",17.8,46
"Martinez, Victor",400121,2017,38,435,10,14.5,8.3,".255",".372",".324","0.117",".303",".334",37.8,5.9,34.5,"97.368559939","92.850434465",16,46.7
"Utley, Chase",400284,2017,38,353,8,16.1,9.1,".236",".405",".324","0.169",".316",".321",36.9,4.8,28.5,"96.307610079","92.209325697",14.1,38.3
"Pujols, Albert",405395,2017,37,636,23,14.6,5.8,".241",".386",".286","0.145",".286",".317",31.9,5.9,39.2,"99.285027729","93.741547151",20.6,47.1
"Holliday, Matt",407812,2017,37,427,19,26.7,10.8,".231",".432",".316","0.201",".320",".333",31.4,10.9,44.3,"102.453641742","95.397737235",28.9,44.4
"Mauer, Joe",408045,2017,34,597,7,13.9,11.1,".305",".417",".384","0.112",".349",".369",35.7,4.8,46.3,"99.765368281","94.505396871",12.8,36.6
"Cabrera, Miguel",408234,2017,34,529,16,20.8,10.2,".249",".399",".329","0.150",".313",".370",41.7,11,48.2,"101.694912597","95.468080194",23.1,50.3
"González, Adrián",408236,2017,35,251,3,17.1,6.4,".242",".355",".287","0.113",".275",".289",38,4,30.7,"96.768438021","92.434309167",24.4,50.4
"Phillips, Brandon",408252,2017,36,604,13,12.1,3.5,".285",".416",".319","0.131",".316",".301",31.1,2.7,25.1,"95.331401585","91.737077703",20.2,56.3
"Reyes, José",408314,2017,34,561,15,14.1,8.9,".246",".413",".315","0.167",".312",".290",32.8,3,24.2,"94.454647109","91.42633867",17.7,45.2
"Mathis, Jeff",425772,2017,34,203,2,30,6.9,".215",".323",".277","0.108",".262",".255",36.5,1.9,23.8,"96.07254127","92.0685608",33,52.3
"Choo, Shin-Soo",425783,2017,34,636,22,21.1,12.1,".261",".423",".357","0.162",".339",".366",36.1,9.5,37.8,"99.32635","93.783161845",23.2,42.1
"Rivera, René",425784,2017,33,237,10,29.5,5.9,".252",".431",".305","0.179",".310",".322",38,11.9,36,"98.731551081","93.365775541",33.5,55.3
"Molina, Yadier",425877,2017,34,543,18,13.6,5.2,".273",".439",".312","0.166",".316",".330",35.2,6.5,35,"97.479471767","92.916483",18.7,52.7
"Canó, Robinson",429664,2017,34,648,23,13.1,7.6,".280",".453",".338","0.173",".334",".355",33.9,6.8,44,"101.09943898","94.796904086",17.8,52
"Encarnación, Edwin",429665,2017,34,669,38,19.9,15.5,".258",".504",".377","0.246",".373",".389",36.4,11.1,42.5,"100.818156901","94.516538662",25.4,43
"Hardy, J.J.",429666,2017,34,268,4,17.9,4.5,".217",".323",".255","0.106",".251",".268",34.8,3.4,31.1,"96.57881","92.299513922",18.3,39.5
"Bautista, José",430832,2017,36,686,23,24.8,12.2,".203",".366",".308","0.163",".295",".306",29.7,7.5,35.6,"99.742989147","93.902020711",28.4,41
"Jones, Adam",430945,2017,31,635,26,17.8,4.3,".285",".466",".322","0.181",".334",".317",33.6,7.2,31.1,"97.612420249","92.806676992",24.4,58.4
"Aybar, Erick",430947,2017,33,370,7,15.4,7.6,".234",".348",".300","0.114",".282",".273",30.2,2.1,15.8,"92.378530809","90.457732583",16.4,47.8
"Martin, Russell",431145,2017,34,365,13,22.7,13.7,".221",".388",".343","0.167",".324",".339",32.9,7.8,37.9,"99.739483125","94.018358117",23.5,40.1
"Granderson, Curtis",434158,2017,36,527,26,23.3,13.5,".212",".452",".323","0.240",".330",".341",33.1,12.5,34.4,"97.813685466","92.975982733",19.2,38.4
"Davis, Rajai",434658,2017,36,366,5,22.7,7.4,".235",".348",".293","0.113",".279",".270",34.1,2.7,24.8,"95.528917698","91.786664183",24.7,50.7
"Ramirez, Hanley",434670,2017,33,553,23,21,9.2,".242",".429",".320","0.187",".318",".346",35,10.5,38.4,"100.642184895","94.389231636",25.6,48
"Morales, Kendrys",434778,2017,34,608,28,21.7,7.1,".250",".445",".308","0.195",".320",".354",31.1,10.8,46.6,"102.120359252","95.560212248",29,49.6
"Kendrick, Howie",435062,2017,33,334,9,20.4,6.6,".315",".475",".368","0.160",".361",".337",33.9,8.8,34,"99.052667712","93.530071017",21.8,48
"Napoli, Mike",435063,2017,35,484,29,33.7,10.1,".193",".428",".285","0.235",".302",".314",29.1,17.7,41.5,"100.263058346","94.244191208",34.5,43.2
"Kinsler, Ian",435079,2017,35,613,22,14,9,".236",".412",".313","0.176",".313",".327",37.2,5.5,30.1,"96.329091379","92.174345162",15.6,44.5
"McCann, Brian",435263,2017,33,399,18,14.5,9.5,".241",".436",".323","0.195",".323",".326",33.8,5.9,33.8,"97.364776259","92.728480612",17,43.2
"Walker, Neil",435522,2017,31,448,14,17.2,12.3,".265",".439",".362","0.174",".346",".340",35.4,5.2,31.3,"97.399408571","92.699709481",20.6,41.8
"Suzuki, Kurt",435559,2017,33,309,19,12.6,5.5,".283",".536",".351","0.253",".372",".338",32.9,8.1,34.5,"97.297925812","92.671044249",17.3,52.9
"Desmond, Ian",435622,2017,31,373,7,23.3,6.4,".274",".375",".326","0.101",".305",".265",22.5,3.1,31.3,"99.106483701","93.583143281",27.5,47.6
"Cruz, Nelson",443558,2017,36,645,39,21.7,10.9,".288",".549",".375","0.261",".385",".405",34.5,15.5,48.3,"105.334256066","97.180409265",30.5,47.2
"Jaso, John",444379,2017,33,302,10,21.9,13.2,".211",".402",".328","0.191",".317",".332",37.7,8.5,30.4,"96.872734167","92.477224974",25.2,45.5
"Trumbo, Mark",444432,2017,31,603,23,24.7,7,".234",".397",".289","0.163",".295",".300",26.5,7.9,38.5,"101.885594829","94.981976406",29.9,49.6
"Peralta, David",444482,2017,29,577,14,16.3,7.5,".293",".444",".352","0.151",".342",".316",27,4.9,35.4,"99.665493426","93.848729537",21.8,48.6
"Piña, Manny",444489,2017,30,359,9,22,5.6,".279",".424",".327","0.145",".323",".299",40,4.2,29.8,"96.524705827","92.283349252",23.5,50.5
"Escobar, Alcides",444876,2017,30,629,6,16.2,2.4,".250",".357",".272","0.107",".269",".272",34.1,2.5,21,"94.29035898","91.165861694",20.9,53.9
"Jay, Jon",445055,2017,32,433,2,18.5,8.5,".296",".375",".374","0.079",".330",".320",40.1,0.7,22.7,"94.543936327","91.286275358",20.6,51.8
"Duda, Lucas",446263,2017,31,491,30,27.5,12.2,".217",".496",".322","0.279",".341",".348",40.3,13,43.8,"101.23668531","94.957369483",26.7,40.2
"Wieters, Matt",446308,2017,31,465,10,20.2,8.2,".225",".344",".288","0.119",".273",".289",34.3,4.3,29.3,"95.992348171","91.999503018",20.9,49.2
"Longoria, Evan",446334,2017,31,677,20,16.1,6.8,".261",".424",".313","0.163",".312",".310",32.4,5.8,32.4,"97.328537054","92.672334806",20.9,49.8
"Cozart, Zack",446359,2017,31,507,24,15.4,12.2,".297",".548",".385","0.251",".392",".330",35.7,4.7,28.9,"96.24154978","92.132340744",16,40.9
"Barney, Darwin",446381,2017,31,362,6,17.7,5,".232",".327",".275","0.095",".263",".252",32,0.4,12.2,"91.663620296","90.103144647",17.8,50.2
"Reynolds, Mark",448602,2017,33,593,30,29.5,11.6,".267",".487",".352","0.220",".357",".320",36.5,9,35.9,"99.407083161","93.780711758",34.3,44.6
"Davis, Chris",448801,2017,31,524,26,37.2,11.6,".215",".423",".309","0.208",".312",".328",40.4,13.8,45.5,"101.208092652","94.924044487",35.2,42.9
"Zobrist, Ben",450314,2017,36,496,12,14.3,10.9,".232",".375",".318","0.143",".302",".324",29,5.1,32.2,"97.029348033","92.52659918",13.9,39.7
"Fowler, Dexter",451594,2017,31,491,18,20.6,12.8,".264",".488",".363","0.224",".358",".360",40.2,7.1,36.9,"98.812064188","93.552703417",22.4,43.2
"Flowers, Tyler",452095,2017,31,370,12,22.2,8.4,".281",".445",".378","0.164",".358",".346",32.1,7,40.1,"101.168378475","94.641653898",25.6,47.8
"Headley, Chase",452104,2017,33,586,12,22.5,10.2,".273",".406",".352","0.133",".329",".316",36.9,5.1,33.2,"97.54704401","92.799730234",26,44.4
"Smith, Seth",452234,2017,34,373,13,21.2,9.7,".258",".433",".340","0.175",".332",".349",36.9,7.9,40.9,"100.332459603","94.336116548",20.6,40.9
"Lind, Adam",452252,2017,33,301,14,15.6,9.3,".303",".513",".362","0.210",".363",".370",32.7,9.1,45,"100.776685676","94.76900509",18,45.1
"Pence, Hunter",452254,2017,34,539,13,18.9,7.4,".260",".385",".315","0.125",".303",".319",25.3,6.3,37.6,"99.58201599","93.953045685",26.9,44.8
"Span, Denard",452655,2017,33,542,12,12.7,7.4,".272",".427",".329","0.155",".325",".327",34.2,3.7,25.1,"95.627568152","91.838526588",11.8,44.1
"Cabrera, Asdrúbal",452678,2017,31,540,14,15.4,9.3,".280",".434",".351","0.154",".338",".331",37.6,5.2,33.5,"96.988177222","92.610835758",19.1,47
"Ellsbury, Jacoby",453056,2017,33,405,7,15.6,10.1,".264",".402",".348","0.138",".326",".318",33.2,3.1,25.4,"96.048923517","92.037185379",18.2,43.2
"Tulowitzki, Troy",453064,2017,32,260,7,15.4,6.5,".249",".378",".300","0.129",".292",".289",26.2,5.7,33.7,"97.559166337","92.807052736",18,45.5
"Blackmon, Charlie",453568,2017,30,724,37,18.5,9,".331",".602",".399","0.271",".415",".373",38.1,9.6,36.4,"98.886140196","93.502053399",18.9,46.4
"Blanco, Grégor",453923,2017,33,256,3,23,12.1,".246",".357",".337","0.111",".308",".299",28.9,3.9,23.5,"95.286780375","91.666769623",21.7,40.1
"Frazier, Todd",453943,2017,31,576,27,21.7,14.4,".213",".428",".344","0.215",".335",".355",33.1,11.2,30.3,"97.706168418","92.869453003",25.7,40.4
"Iannetta, Chris",455104,2017,34,316,17,27.5,11.7,".254",".511",".354","0.257",".367",".327",38.7,10.1,36.6,"100.075605269","94.047059731",26.9,44.3
"Maldonado, Martín",455117,2017,30,471,14,25.3,3.2,".221",".368",".276","0.147",".279",".275",26.3,6.5,31.3,"98.03510106","93.034565828",26.7,49.6
"Chirinos, Robinson",455139,2017,33,309,17,25.6,11,".255",".506",".360","0.251",".369",".339",27.4,13.1,38.3,"99.236280444","93.657918333",32.2,43.6
"Young, Chris",455759,2017,33,276,7,19.9,10.9,".235",".387",".322","0.152",".310",".304",33.9,4.7,30.9,"97.875227128","92.943788085",20.2,39.3
"Markakis, Nick",455976,2017,33,670,8,16.4,10.1,".275",".384",".354","0.109",".321",".320",34,3.6,34.7,"98.025201618","93.159777069",15.6,40.7
"Pedroia, Dustin",456030,2017,33,463,7,10.4,10.6,".293",".392",".369","0.099",".331",".322",33.2,1.2,21.1,"94.28011","91.156428524",11.1,41.5
"Castillo, Welington",456078,2017,30,365,20,26.6,6,".282",".490",".323","0.208",".344",".342",39,10.8,44.3,"100.162680328","94.340867213",24.6,43.3
"Núñez, Eduardo",456488,2017,30,491,12,11,3.7,".313",".460",".341","0.147",".342",".284",25.5,1.9,32.4,"98.033568146","93.029848998",16.4,53.2
"Pearce, Steve",456665,2017,34,348,13,19.5,7.8,".252",".438",".319","0.186",".323",".314",35.1,7.6,35.9,"98.041747581","93.026160766",21.4,47.4
"Cain, Lorenzo",456715,2017,31,645,15,15.5,8.4,".300",".440",".363","0.140",".347",".348",32.1,3.9,35.6,"99.721094938","93.977696337",19.8,49.3
"McCutchen, Andrew",457705,2017,30,650,28,17.8,11.2,".279",".486",".363","0.207",".360",".359",33.7,8.5,38.9,"99.573228009","93.969810708",21.2,44.9
"Jackson, Austin",457706,2017,30,318,7,20.1,10.4,".318",".482",".387","0.164",".371",".339",35.9,5.3,34.2,"97.616436789","93.050433028",21.8,42.3
"Upton, Justin",457708,2017,29,635,35,28.3,11.7,".273",".540",".361","0.267",".378",".362",36,14.5,41.3,"100.869304656","94.541684074",30.5,44.4
"Maybin, Cameron",457727,2017,30,450,10,20.9,11.3,".228",".365",".318","0.137",".300",".301",29,3.8,32.7,"97.416117919","92.744828889",23.5,37.5
"Turner, Justin",457759,2017,32,543,21,10.3,10.9,".322",".530",".415","0.208",".400",".400",37.7,9.1,38.6,"98.406863564","93.433791092",15.7,43.8
"Posey, Buster",457763,2017,30,568,12,11.6,10.7,".320",".462",".400","0.142",".366",".345",36.5,3.8,34.8,"97.772684491","93.076547332",15.9,44.2
"Espinosa, Danny",457787,2017,30,295,6,36.9,7.1,".173",".278",".245","0.105",".232",".258",31.3,8.3,28.7,"98.113783649","93.096988163",41.8,53.1
"Bruce, Jay",457803,2017,30,617,36,22.5,9.2,".254",".508",".324","0.254",".350",".354",39.4,11.2,38.8,"99.028100909","93.629769688",27.6,49.8
"Votto, Joey",458015,2017,33,707,36,11.7,19,".320",".578",".454","0.258",".428",".416",40.5,9.6,32.8,"97.453070166","92.834896258",15.4,41.9
"Gardner, Brett",458731,2017,33,682,21,17.9,10.6,".264",".428",".350","0.164",".336",".333",34.4,4.1,31,"96.828625447","92.422865617",15.5,36.3
"Saunders, Michael",459431,2017,30,234,6,23.5,6.4,".202",".344",".256","0.142",".256",".278",26.4,7.4,32.1,"97.669538889","92.875399193",23.7,47.9
"Joyce, Matt",459964,2017,32,544,25,20.8,12.1,".243",".473",".335","0.230",".343",".356",38.3,9.6,34.4,"98.388749333","93.231177361",24.9,42.3
"Hundley, Nick",460026,2017,33,303,9,26.7,4,".244",".418",".272","0.174",".289",".287",32.9,8.9,41,"100.205753558","94.164947596",27.2,52.8
"Pennington, Cliff",460060,2017,33,217,3,26.7,7.4,".253",".330",".306","0.077",".279",".267",34.5,1.6,24.6,"95.205377714","91.631101295",24.7,45.2
"Braun, Ryan",460075,2017,33,425,17,17.9,8.9,".268",".487",".336","0.219",".347",".348",30.8,9.6,44,"101.835072157","95.066895458",22,51.9
"Gordon, Alex",460086,2017,33,541,9,23.3,8.3,".208",".315",".293","0.107",".269",".296",34.6,5.2,31.3,"97.557368844","92.780268526",23,47.4
"Gimenez, Chris",460269,2017,34,225,7,26.7,14.7,".220",".382",".350","0.162",".326",".309",35.2,3.4,31.3,"97.078167097","92.576765484",27.9,42.2
"Gómez, Carlos",460576,2017,31,426,17,29.8,7.3,".255",".462",".340","0.207",".343",".335",37.3,10.1,34.9,"99.838947603","93.972130083",30.2,56.2
"Moss, Brandon",461235,2017,33,401,22,31.9,9.2,".207",".428",".279","0.221",".301",".342",36.4,15.9,41.9,"101.568370932","94.88060572",35.6,48.3
"Kemp, Matt",461314,2017,32,466,19,21.2,5.8,".276",".463",".318","0.187",".328",".351",39.1,10.1,38.8,"99.636964201","93.884457426",29.8,54.8
"Plouffe, Trevor",461858,2017,31,313,9,28.1,8.9,".198",".318",".272","0.120",".258",".285",30.6,4.5,38.5,"99.513207653","93.788042513",24.7,44.9
"Romine, Andrew",461865,2017,31,348,4,19.3,6.3,".233",".336",".289","0.103",".274",".292",33.7,1.8,26.7,"94.959957619","91.572560876",23.5,53.4
"Andrus, Elvis",462101,2017,28,689,20,14.7,5.5,".297",".471",".337","0.174",".344",".310",32.5,4.6,31.3,"97.34644348","92.675939744",19.6,47.3
"Cervelli, Francisco",465041,2017,31,304,5,21.4,10.5,".249",".370",".342","0.121",".315",".318",36.3,4.9,31.8,"97.1657409","92.747388744",23.8,41.3
"Cabrera, Melky",466320,2017,32,666,17,11.1,5.4,".285",".423",".324","0.138",".319",".331",33.6,4.3,35.1,"98.704474364","93.396938436",13.4,46.2
"Sandoval, Pablo",467055,2017,30,279,9,19,5.7,".220",".367",".265","0.147",".271",".287",28.2,7.9,37.5,"99.07681125","93.656333365",23.5,57.7
"Ramos, Wilson",467092,2017,29,222,11,16.2,4.5,".260",".447",".290","0.187",".307",".319",32.6,9.1,36.6,"98.851057386","93.456531714",21.1,56
"Santana, Carlos",467793,2017,31,667,23,14.1,13.2,".259",".455",".363","0.196",".350",".359",28.4,8.3,38.6,"100.531000591","94.310816646",19.4,40
"Parra, Gerardo",467827,2017,30,425,10,15.8,4.7,".309",".452",".341","0.143",".337",".311",37.7,2.3,29.7,"96.518053497","92.302268804",19.6,52
"Montero, Miguel",471083,2017,33,213,6,22.1,10.8,".216",".346",".310","0.130",".289",".273",29.3,5.3,25.2,"95.154005429","91.62444741",22.4,46.7
"González, Carlos",471865,2017,31,534,14,22.3,10.5,".262",".423",".339","0.161",".327",".303",28.9,6.6,37,"100.346325","94.176876433",32,50
"Valbuena, Luis",472528,2017,31,401,22,26.4,12,".199",".432",".294","0.233",".308",".315",30.1,12.5,33.3,"97.661652049","92.870248361",28.6,44.2
"Mercer, Jordy",474568,2017,30,558,14,15.8,9.1,".255",".406",".326","0.151",".308",".300",35.3,3.4,32.4,"96.630869951","92.331540922",15.6,41.9
"Belt, Brandon",474832,2017,29,451,18,23.1,14.6,".241",".469",".355","0.228",".352",".384",34.8,12.4,40.6,"99.844768074","94.076818885",24.6,45.9
"Carter, Chris",474892,2017,30,208,8,36.5,9.6,".201",".370",".284","0.169",".284",".300",31.8,13.4,38.5,"100.904042182","94.623947982",40.5,47.8
"Alonso, Yonder",475174,2017,30,521,28,22.6,13.1,".266",".501",".365","0.235",".366",".362",35.7,10.6,41.1,"100.057401916","94.206907808",26.1,47.2
"Smoak, Justin",475253,2017,30,637,38,20.1,11.5,".270",".529",".355","0.259",".371",".390",39.4,14.8,43,"100.441081336","94.461572656",23.5,43
"Zimmerman, Ryan",475582,2017,32,576,36,21.9,7.6,".303",".573",".358","0.270",".387",".379",32.3,13.3,49.1,"103.274381658","96.067274534",24.4,44.3
"Lowrie, Jed",476704,2017,33,645,14,15.5,11.3,".277",".448",".360","0.171",".347",".365",43.2,6.2,37.7,"97.922941288","93.186905794",18.8,48.2
"Carrera, Ezequiel",485567,2017,30,325,8,23.1,9.2,".282",".408",".356","0.126",".334",".300",30.9,4.8,27.3,"96.372439109","92.188783663",23.4,39.6
"Avila, Alex",488671,2017,30,376,14,31.9,16.5,".264",".447",".387","0.183",".362",".401",49.7,15.9,50.8,"101.146655","95.22671349",36.4,36.8
"Bourjos, Peter",488721,2017,30,203,5,26.1,5.9,".223",".383",".272","0.160",".280",".257",24.1,4.2,26.5,"97.136768182","92.669564504",29.1,49
"Brantley, Michael",488726,2017,30,375,9,13.3,8.3,".299",".444",".357","0.145",".342",".339",33.9,4.5,36.1,"98.927505274","93.583763265",12.9,44.1
"Castro, Jason",488771,2017,30,407,10,26.5,11.1,".242",".388",".333","0.146",".315",".320",39.6,7.2,32,"98.441505","93.241728105",30.6,44.7
"Escobar, Yunel",488862,2017,34,381,7,13.4,7.6,".274",".397",".333","0.123",".318",".327",31.8,5.7,39.1,"99.508337919","93.906037349",19.8,46.9
"Moore, Tyler",489138,2017,30,203,6,27.6,4.9,".230",".401",".267","0.171",".282",".274",32.4,9.1,33.1,"97.694670294","92.982298074",29.5,51
"Morrison, Logan",489149,2017,29,601,38,24.8,13.5,".246",".516",".353","0.270",".363",".368",39.6,14.2,42.3,"100.762449945","94.491850929",28.8,46
"Rosales, Adam",489267,2017,34,312,7,32.1,3.5,".225",".353",".260","0.128",".261",".227",29.4,3.3,33.2,"97.91261117","93.048648032",35.6,48
"Hernández, Gorkys",491676,2017,29,348,0,21,8.9,".255",".326",".327","0.071",".288",".285",31.1,1.9,26.1,"96.191541207","92.126478095",25.6,47.7
"Aoki, Norichika",493114,2017,35,374,5,11.8,7.8,".277",".393",".335","0.116",".315",".292",28.2,1.1,24.8,"95.487867027","91.771342061",14.4,46.2
"Cespedes, Yoenis",493316,2017,31,321,17,19,8.1,".292",".540",".352","0.248",".369",".356",29.7,12.4,44.6,"101.856377328","95.288512381",21,48.9
"Gurriel, Yuli",493329,2017,33,564,18,11,3.9,".299",".486",".332","0.187",".344",".326",29.2,3.9,43.5,"100.797824255","94.666288745",17.7,48.3
"Solarte, Yangervis",500208,2017,29,512,18,11.9,7.2,".255",".416",".314","0.161",".311",".296",31.8,4.5,27.6,"96.683606453","92.370714926",16,51.5
"Rojas, Miguel",500743,2017,28,306,1,10.5,8.8,".290",".375",".361","0.085",".318",".303",32.9,0,22.7,"94.580264407","91.427650975",13.5,49.1
"Escobar, Eduardo",500871,2017,28,499,21,19.6,6.6,".254",".449",".309","0.195",".320",".331",37.2,9,30.6,"97.19438","92.62906241",22.5,52.4
"Martínez, José A.",500874,2017,28,307,14,19.5,10.4,".309",".518",".379","0.209",".379",".418",37.7,11.6,45.3,"101.224561121","95.020299812",20.7,41.5
"Lagares, Juan",501571,2017,28,272,3,20.6,5.1,".250",".365",".296","0.115",".287",".273",27.6,2.3,32.7,"97.795031979","92.923219843",21.7,47.2
"Freese, David",501896,2017,34,503,10,23.1,11.5,".263",".371",".368","0.108",".326",".343",31.2,6.8,42.9,"100.616931154","94.565123301",23.2,43.4
"Davis, Khris",501981,2017,29,652,43,29.9,11.2,".247",".528",".336","0.281",".361",".388",37.6,18.9,52.4,"103.405577302","96.415094577",33.7,47.2
"Pham, Tommy",502054,2017,29,530,23,22.1,13.4,".306",".520",".411","0.214",".398",".377",34.3,10,43.7,"102.042591879","95.223853252",21,37.9
"Chisenhall, Lonnie",502082,2017,28,270,12,20.4,9.3,".288",".521",".360","0.233",".369",".338",30.5,11.3,36.9,"98.3193375","93.201532678",23.2,50.8
"Presley, Alex",502100,2017,31,263,3,18.6,5.7,".314",".416",".354","0.102",".334",".315",40.7,1.1,23.7,"94.829667041","91.432345487",18.3,47.3
"Martinez, J.D.",502110,2017,29,489,45,26.2,10.8,".303",".690",".376","0.387",".430",".432",37.7,20.8,49.3,"103.374047255","96.173140588",31.2,51.4
"Valencia, Danny",502143,2017,32,500,15,24.4,8,".256",".411",".314","0.155",".311",".301",31.5,6.3,37.5,"99.781746467","93.987572132",29.9,42.8
"Reddick, Josh",502210,2017,30,533,13,13.5,8.1,".314",".484",".363","0.170",".357",".340",38.3,4.2,31.6,"97.653595","92.85719691",15.7,44.1
"Dyson, Jarrod",502481,2017,32,390,5,14.1,7.2,".251",".350",".324","0.099",".296",".294",30.3,2,18.5,"93.067659568","90.843594729",14.2,44.4
"Murphy, Daniel",502517,2017,32,593,23,13,8.8,".322",".543",".384","0.221",".385",".359",39.6,5.2,41.8,"99.20205313","93.870564488",13.7,47.1
"Goldschmidt, Paul",502671,2017,29,664,36,22.1,14.2,".297",".563",".404","0.266",".400",".398",32.8,14.3,47.5,"101.943215433","95.53559947",26.5,40.9
"Gonzalez, Marwin",503556,2017,28,515,23,19.2,9.5,".303",".530",".377","0.227",".382",".320",29.4,7.5,36.6,"98.976971932","93.631260456",20.3,42.4
"León, Sandy",506702,2017,28,301,7,24.6,8.3,".225",".354",".290","0.129",".279",".258",33.8,2.8,24.9,"94.878885758","91.545857005",21.3,45.4
"Altuve, Jose",514888,2017,27,662,24,12.7,8.8,".346",".547",".410","0.201",".405",".360",34.8,7.7,28.1,"96.843290843","92.421645422",16.8,47.8
"Hernández, César",514917,2017,27,577,9,18,10.6,".294",".421",".373","0.127",".346",".331",33.3,3.3,29.7,"96.927691371","92.494293766",20.8,41.1
"Segura, Jean",516416,2017,27,566,11,14.7,6,".300",".427",".349","0.127",".334",".316",32.8,3.5,34.5,"98.294770822","93.183790708",15.8,49.4
"Castro, Starlin",516770,2017,27,473,16,19.7,4.9,".300",".454",".338","0.154",".338",".306",30.6,5.1,36.5,"99.647777175","93.913719065",23.2,49.9
"Marte, Starling",516782,2017,28,339,7,18.6,5.9,".275",".379",".333","0.104",".312",".316",35.1,6.4,29.2,"96.800716667","92.582626781",22.8,50.3
"Pirela, José",517369,2017,27,344,10,20.6,7.8,".288",".490",".347","0.202",".355",".328",29.5,5,39.1,"100.558447333","94.388551625",26.1,46.9
"d'Arnaud, Travis",518595,2017,28,376,16,15.7,6.1,".244",".443",".293","0.199",".308",".301",33.2,7.1,35.7,"98.393545685","93.318061478",23.9,52.2
"Descalso, Daniel",518614,2017,30,398,10,22.4,12.1,".233",".395",".332","0.162",".318",".310",37.7,6,29.2,"97.48242875","92.818715586",23.6,40.6
"Dietrich, Derek",518618,2017,27,464,13,21.1,7.8,".249",".424",".334","0.175",".324",".326",32.1,6.7,32.7,"97.533693013","92.792388939",20,46.5
"Donaldson, Josh",518626,2017,31,496,33,22.4,15.3,".270",".559",".385","0.289",".396",".392",31.7,15.7,44.9,"102.298411974","95.403554521",27.5,42.2
"Freeman, Freddie",518692,2017,27,514,28,18.5,12.6,".307",".586",".403","0.279",".407",".402",40.1,14.3,42.7,"99.772299825","94.186366667",24.9,52.9
"Grandal, Yasmani",518735,2017,28,482,22,27,8.3,".247",".459",".308","0.212",".325",".284",34.3,8.3,38.8,"98.689169806","93.43683629",27.8,46.8
"Heyward, Jason",518792,2017,27,480,11,14,8.5,".259",".389",".326","0.130",".311",".319",29.3,5,31.3,"97.704067869","92.853587678",16.4,46.5
"LeMahieu, DJ",518934,2017,28,682,8,13.2,8.7,".310",".409",".374","0.099",".342",".341",31.7,2,41.4,"99.676551609","94.064556449",12.8,41.7
"Lucroy, Jonathan",518960,2017,31,481,6,10.6,9.6,".265",".371",".345","0.106",".311",".308",31.6,2.7,24.3,"95.169879305","91.620890775",10.8,41.8
"Moreland, Mitch",519048,2017,31,576,22,20.8,9.9,".246",".443",".326","0.197",".326",".371",34.9,13.2,36.4,"99.826345773","94.029338763",25.8,46.4
"Moustakas, Mike",519058,2017,28,598,38,15.7,5.7,".272",".521",".314","0.249",".345",".338",34,9.7,33.8,"98.85229069","93.438181577",20.9,55.7
"Revere, Ben",519184,2017,29,308,1,8.1,4.9,".275",".344",".308","0.069",".284",".307",36.9,0.4,13.1,"92.237442985","90.254257865",9.3,43.9
"Rizzo, Anthony",519203,2017,27,691,32,13,13.2,".273",".507",".392","0.234",".380",".394",34.2,10.4,39.1,"100.330837875","94.252253424",18.2,46.5
"Romine, Austin",519222,2017,28,252,2,22.6,6.3,".218",".293",".272","0.075",".250",".292",35,1.9,36.2,"98.449411724","93.255138736",26.3,49.2
"Rupp, Cameron",519237,2017,28,331,14,34.4,10.3,".217",".417",".299","0.200",".304",".291",31.9,11,41.2,"99.991788791","94.152204615",37.2,45.5
"Sogard, Eric",519299,2017,31,299,3,12.4,15.1,".273",".378",".393","0.105",".343",".337",35.2,1.5,22.6,"94.641110583","91.350556683",10.9,36
"Souza Jr., Steven",519306,2017,28,617,30,29,13.6,".239",".459",".351","0.220",".348",".350",33.4,12.9,38.6,"100.694178","94.395868941",32,44.1
"Stanton, Giancarlo",519317,2017,27,692,59,23.6,12.3,".281",".631",".376","0.350",".410",".400",31.6,19.9,45.6,"105.945187156","97.153915517",31.8,42.9
"Szczur, Matt",519333,2017,27,237,3,18.6,14.3,".226",".354",".350","0.128",".316",".291",30.3,1.5,19.6,"93.326111216","90.986492365",20.4,44.2
"Thames, Eric",519346,2017,30,551,31,29.6,13.6,".247",".518",".359","0.271",".369",".344",36.3,12.1,39.3,"100.054975461","94.204381184",31.5,43.2
"Vogt, Stephen",519390,2017,32,303,12,18.5,6.9,".233",".423",".285","0.190",".299",".293",33.6,7.7,30.1,"96.460893894","92.278456444",17.8,44.6
"Galvis, Freddy",520471,2017,27,663,12,16.7,6.8,".255",".382",".309","0.127",".298",".286",32.8,2.7,23.5,"95.108863429","91.559622918",17.7,48.9
"Perez, Salvador",521692,2017,27,498,27,19.1,3.4,".268",".495",".297","0.227",".329",".349",34.4,10.8,38.9,"100.007416649","94.066432606",20.9,58.8
"Forsythe, Logan",523253,2017,30,439,6,24.8,15.7,".224",".327",".351","0.103",".307",".333",40.1,4.2,34.4,"96.688446484","92.562139492",23.1,32.4
"Flores, Wilmer",527038,2017,25,362,18,14.9,4.7,".271",".488",".307","0.217",".331",".315",36.8,6.4,33.9,"98.125270629","93.175116364",16.4,51.7
"Nava, Daniel",537953,2017,34,214,4,17.8,12.1,".301",".421",".393","0.120",".357",".357",42.9,5.3,30.6,"96.383054189","92.238531224",17.7,41.3
"García, Avisaíl",541645,2017,26,561,18,19.8,5.9,".330",".506",".380","0.176",".375",".366",31.4,9.7,40.8,"101.598104039","94.980249901",29.3,58.9
"Pérez, Hernán",541650,2017,26,458,14,17.2,4.4,".259",".414",".289","0.155",".298",".288",29.2,3.5,27.6,"96.173102102","92.114502472",22.9,52.6
"Inciarte, Ender",542255,2017,26,718,11,13.1,6.8,".304",".409",".350","0.105",".328",".293",34.3,0.6,13.1,"92.299376691","90.267135109",14.7,53.1
"Ozuna, Marcell",542303,2017,26,679,37,21.2,9.4,".312",".548",".376","0.236",".388",".364",31,10.2,45.6,"103.371358846","95.955017949",26.9,49.6
"Villar, Jonathan",542340,2017,26,436,11,30.3,6.9,".241",".372",".293","0.131",".287",".266",26.6,6.8,34.2,"99.655824885","93.866446374",30.3,48.6
"Aguilar, Jesús",542583,2017,27,311,16,30.2,8,".265",".505",".331","0.240",".351",".333",39.9,11.7,42.8,"100.586112872","94.638756417",33.3,46.5
"Beckham, Tim",542921,2017,27,575,22,29,6.3,".278",".454",".328","0.176",".334",".327",34.8,10.5,40.7,"100.076084365","94.14195338",30.9,50.6
"Broxton, Keon",542979,2017,27,463,20,37.8,8.6,".220",".420",".299","0.200",".308",".309",39,12.6,34.9,"98.839151949","93.46061322",41,46.1
"Crawford, Brandon",543063,2017,30,570,14,19.8,7.4,".253",".403",".305","0.150",".301",".302",34.8,6.3,33.5,"97.580685874","92.852968589",28,51.4
"Cron, C.J.",543068,2017,27,372,16,25.8,5.9,".248",".437",".305","0.189",".316",".338",37.8,11.2,38.6,"101.040265691","94.641881789",27,52.4
"Gomes, Yan",543228,2017,29,383,14,25.8,8.1,".232",".399",".309","0.167",".307",".286",29.4,6.4,32.7,"97.784603802","92.912551736",27.3,52.5
"Grossman, Robbie",543257,2017,27,456,9,17.3,14.7,".246",".380",".361","0.134",".329",".350",37.1,3.3,26.8,"96.341972933","92.192924348",17.4,38.5
"Harrison, Josh",543281,2017,29,542,16,16.6,5.2,".272",".432",".339","0.160",".332",".312",38.4,3,24.1,"94.705423179","91.362796555",21.7,53
"Herrmann, Chris",543302,2017,29,256,10,26.2,11.3,".181",".345",".273","0.164",".272",".306",30,8.8,37.3,"99.517036835","93.926954904",28.4,43.5
"Hicks, Aaron",543305,2017,27,361,15,18.6,14.1,".266",".475",".372","0.209",".363",".348",30,8.4,32.5,"97.790216695","92.920441404",26.4,39.4
"Hosmer, Eric",543333,2017,27,671,25,15.5,9.8,".318",".498",".385","0.180",".376",".352",30.3,8.1,39.4,"101.348699758","94.761279456",21.6,47.1
"Joseph, Caleb",543376,2017,31,266,8,27.1,3.8,".256",".413",".287","0.157",".299",".284",36.6,6.4,30.9,"96.837639556","92.423193333",26.4,49.4
"Kipnis, Jason",543401,2017,30,373,12,19,7.5,".232",".414",".291","0.182",".300",".306",37.9,5.3,31.6,"96.562158667","92.281098889",21.1,46.2
"Mahtook, Mikie",543484,2017,27,379,12,20.8,6.1,".276",".457",".330","0.181",".335",".327",32.8,6.1,38,"99.215331852","93.722990074",20.8,43.2
"McCann, James",543510,2017,27,391,13,22.8,6.6,".253",".415",".318","0.162",".316",".340",40.4,8.5,34.1,"98.142249549","93.106053245",24,50.3
"Miller, Brad",543543,2017,27,407,9,27,15.5,".201",".337",".327","0.136",".294",".319",26.7,7,38.4,"100.529387652","94.46728786",31.3,45.8
"Rendon, Anthony",543685,2017,27,605,25,13.6,13.9,".301",".533",".403","0.232",".394",".370",34.7,7.3,38.4,"98.816573832","93.605964941",14.3,40.5
"Semien, Marcus",543760,2017,26,386,10,22,9.8,".249",".398",".325","0.149",".314",".312",37.9,5,30,"96.629623876","92.366313333",25.4,44.8
"Shaw, Travis",543768,2017,27,606,31,22.8,9.9,".273",".513",".349","0.240",".361",".328",34.7,8.2,39.4,"100.236793035","94.229055473",21.1,45.3
"Springer, George",543807,2017,27,628,34,17.7,10.2,".283",".522",".367","0.239",".376",".385",31.1,10.3,43.2,"101.928994429","95.130726888",23.3,44.7
"Strange-Gordon, Dee",543829,2017,29,694,2,13.4,3.6,".308",".375",".341","0.067",".312",".274",27.7,0.2,11.2,"91.71690717","90.084866623",14.6,54.2
"Vázquez, Christian",543877,2017,26,345,5,18.6,4.9,".290",".404",".330","0.114",".318",".288",34.5,3,22.2,"95.134478846","91.584368577",17.7,44.4
"Wong, Kolten",543939,2017,26,411,4,14.6,10,".285",".412",".376","0.127",".336",".317",32.9,3.4,28.9,"96.783474577","92.398646972",19.7,46.3
"Gregorius, Didi",544369,2017,27,569,25,12.3,4.4,".287",".478",".318","0.191",".335",".294",35.5,4.1,20.9,"94.283550726","91.231041517",21.8,58.4
"García, Leury",544725,2017,26,326,9,21.2,4,".270",".423",".316","0.153",".317",".307",30.1,5.1,28.4,"96.727345175","92.408036079",22.9,55.7
"Grichuk, Randal",545341,2017,25,442,22,30.1,5.9,".238",".473",".285","0.235",".315",".334",37.4,17.9,41.4,"101.416289214","94.814893107",29.6,51.2
"Marisnick, Jake",545350,2017,26,259,16,34.7,7.7,".243",".496",".319","0.253",".343",".306",29.4,14.3,35,"100.115734412","94.137120519",37.2,50.6
"Trout, Mike",545361,2017,25,507,33,17.8,18.5,".306",".629",".442","0.323",".437",".424",36.4,14.7,39.9,"102.005181076","95.046112595",18.2,37.7
"Herrera, Odúbel",546318,2017,25,563,14,22.4,5.5,".281",".452",".325","0.171",".329",".308",35.1,7.2,32.3,"99.127229949","93.580679418",26.6,53.3
"Almora Jr., Albert",546991,2017,23,323,8,16.4,5.9,".298",".445",".338","0.147",".334",".307",32.7,4.6,32.3,"98.24731124","93.143433512",24.9,52
"Wolters, Tony",547172,2017,25,266,0,20.7,12.4,".240",".284",".341","0.044",".274",".259",30.1,0.6,18.8,"93.634373256","90.944273372",19.8,43.9
"Harper, Bryce",547180,2017,24,492,29,20.1,13.8,".319",".595",".413","0.276",".416",".394",35.5,12.6,42.6,"102.523686835","95.609845253",26.8,49.2
"Pérez, Roberto",547379,2017,28,248,8,28.6,10.5,".207",".373",".291","0.166",".289",".296",31.8,7.4,39.1,"100.95602863","94.581757448",25.2,39.8
"Kim, Hyun Soo",547957,2017,29,238,1,19.3,9.2,".231",".292",".307","0.061",".268",".318",35.7,3.8,36.3,"98.264760602","93.365677108",18.7,42.3
"Abreu, José",547989,2017,30,675,33,17.6,5.2,".304",".552",".354","0.248",".377",".364",34.2,10.6,45.2,"102.600732709","95.527623347",22.5,48.2
"Díaz, Elias",553869,2017,26,200,1,19,5.5,".223",".314",".265","0.091",".253",".270",31.1,2.2,36.7,"98.699688667","93.349844333",19,51.6
"Narváez, Omar",553882,2017,25,295,2,15.3,12.9,".277",".340",".373","0.063",".321",".310",37.4,0,18.6,"93.086882941","90.63733299",14.8,43.5
"Suárez, Eugenio",553993,2017,25,632,26,23.3,13.3,".260",".461",".367","0.201",".356",".352",39,7.6,32.1,"97.835045408","92.917522704",24.4,42.2
"Polanco, Gregory",570256,2017,25,410,11,14.6,6.6,".251",".391",".305","0.140",".297",".303",30.3,4.2,30.6,"97.374100375","92.692500438",19.3,50.1
"Santana, Domingo",570267,2017,24,607,30,29.3,12,".278",".505",".371","0.227",".372",".356",40.6,10.1,40.4,"99.892418171","94.125195014",32.2,46.3
"Sánchez, Yolmer",570560,2017,25,534,12,20.8,6.6,".267",".413",".319","0.146",".313",".284",32.6,3.7,24.6,"95.607226845","91.820362219",23.6,50.3
"Schoop, Jonathan",570731,2017,25,675,32,21,5.2,".293",".503",".338","0.210",".355",".330",35.3,7.6,37.2,"100.22187123","94.139732916",28.1,52.4
"Adams, Matt",571431,2017,28,367,20,24,6.3,".274",".522",".319","0.248",".346",".342",34.1,11.3,40.3,"100.510582913","94.485096087",28.9,54
"Altherr, Aaron",571437,2017,26,412,19,25.2,7.8,".272",".516",".340","0.244",".359",".341",32.7,11.5,42.8,"102.082151037","95.188569814",29.9,44.4
"Arenado, Nolan",571448,2017,26,679,37,15.6,9.1,".309",".586",".373","0.277",".395",".366",37.5,9.4,37.9,"99.061597036","93.71612097",23.3,48.2
"Barnhart, Tucker",571466,2017,26,423,7,16.1,9.9,".270",".403",".347","0.133",".317",".314",36.1,2.5,25.6,"95.67829106","91.856570432",19,47.9
"Bour, Justin",571506,2017,29,429,25,22.1,11,".289",".536",".366","0.247",".374",".368",37.1,12.4,40.4,"101.855092028","95.055583404",28.1,44.7
"Davidson, Matt",571602,2017,26,443,26,37.2,4.3,".220",".452",".260","0.232",".297",".304",35.8,17,41.7,"101.289834724","94.684841457",36.3,48.4
"Gennett, Scooter",571697,2017,27,497,27,22.9,6,".295",".531",".342","0.236",".367",".312",34.7,7.2,35.3,"97.849102832","92.982127449",21.6,49.3
"Goodwin, Brian",571718,2017,26,278,13,24.8,8.3,".251",".498",".313","0.247",".337",".333",37.3,9.8,35.7,"98.916156413","93.534700707",25.6,41.4
"Hamilton, Billy",571740,2017,26,633,4,21,7,".247",".335",".299","0.088",".278",".262",32.5,0.5,11.7,"90.07305375","89.719251415",19.8,46.4
"Haniger, Mitch",571745,2017,26,410,16,22.7,7.6,".282",".491",".352","0.209",".360",".329",36.8,6.6,35.4,"98.849544058","93.552001927",22.7,42.1
"Hernández, Enrique",571771,2017,25,342,11,23.4,12,".215",".421",".308","0.206",".310",".302",30.8,7.8,36.5,"98.707140183","93.524279124",25.4,47
"Joseph, Tommy",571830,2017,25,533,22,24.2,6.2,".240",".432",".289","0.192",".305",".298",30.9,8.3,40.3,"101.256795902","94.721492404",26.6,49.6
"Lamb, Jake",571875,2017,26,635,30,23.9,13.7,".248",".487",".357","0.239",".353",".354",34.4,11.1,36.3,"99.214110309","93.669038041",23.8,39.8
"Myers, Wil",571976,2017,26,649,30,27.7,10.8,".243",".464",".328","0.221",".335",".333",35.3,10.4,44.6,"101.313633077","94.869239974",25.8,44.2
"Owings, Chris",572008,2017,25,386,12,22.5,4.4,".268",".442",".299","0.174",".313",".277",33.8,4.1,27.6,"96.687455401","92.360410037",22.9,56.1
"Piscotty, Stephen",572039,2017,26,401,9,21.7,13,".235",".367",".342","0.132",".313",".339",35.8,7.4,34.9,"97.653253333","92.847598805",24.7,47.1
"Pollock, AJ",572041,2017,29,466,14,15.2,7.5,".266",".471",".330","0.205",".340",".341",35,6.4,38.4,"99.744234286","94.03619086",18.8,42.4
"Rickard, Joey",572073,2017,26,277,4,22.7,3.2,".241",".345",".276","0.104",".269",".262",34.3,1.8,20.9,"94.077259792","91.100643021",24,46.6
"Seager, Kyle",572122,2017,29,650,27,16.9,8.9,".249",".450",".323","0.201",".326",".344",35.2,9.2,33.9,"98.087707991","93.113487131",20.9,42.9
"Taylor, Michael A.",572191,2017,26,432,19,31.7,6.7,".271",".486",".320","0.215",".338",".302",35.1,10.7,38.3,"100.399172891","94.265515373",33.4,49.6
"Zunino, Mike",572287,2017,26,435,25,36.8,9,".251",".509",".331","0.258",".355",".329",35.1,15.5,46.9,"103.379990526","95.91690386",38.3,49.5
"Goins, Ryan",572365,2017,29,459,9,20.9,6.8,".237",".356",".286","0.119",".278",".263",27.1,3.4,29.6,"96.630186149","92.328535732",21.3,44.9
"Carpenter, Matt",572761,2017,31,622,23,20.1,17.5,".241",".451",".384","0.210",".361",".381",37.7,8.7,37,"98.859121087","93.683129538",19.5,34.6
"Dickerson, Corey",572816,2017,28,628,27,24.2,5.6,".282",".490",".325","0.208",".341",".314",35.6,8.5,31.7,"98.092830872","93.059310667",28.6,58.7
"Dozier, Brian",572821,2017,30,705,34,20,11.1,".271",".498",".359","0.227",".362",".342",32,9.4,34.7,"97.834204025","93.060110869",24.7,41.7
"Saladino, Tyler",573135,2017,27,281,0,23.8,8.2,".178",".229",".254","0.051",".223",".235",25,0.6,25,"95.785922935","91.916541366",24.3,42.4
"Vargas, Kennys",573627,2017,26,264,11,29.2,7.6,".253",".444",".314","0.191",".323",".300",30.9,10.2,30.9,"98.643917229","93.434105818",30.3,45.4
"Contreras, Willson",575929,2017,25,428,21,22.9,10.5,".276",".499",".356","0.223",".362",".352",29.4,12.2,35.9,"100.625959562","94.352117774",30.1,48
"Gyorko, Jedd",576397,2017,28,481,20,21.8,9.8,".272",".472",".341","0.200",".344",".320",32.3,8.5,31.5,"97.162745247","92.585832438",25.5,48
"Iglesias, Jose",578428,2017,27,489,6,13.3,4.3,".255",".369",".288","0.114",".283",".275",32.6,1.4,21.1,"93.683011717","91.056764785",15.2,46.9
"Hechavarría, Adeiny",588751,2017,28,348,8,19.3,3.7,".261",".406",".289","0.145",".295",".300",32.2,3.4,34.6,"98.281538538","93.150720154",24.5,57.9
"Torreyes, Ronald",591720,2017,24,336,3,12.8,3.3,".292",".375",".314","0.083",".297",".252",27,0.8,13.2,"91.6725875","90.145909816",16,59.3
"Osuna, José",591741,2017,24,227,7,17.6,4,".233",".428",".269","0.195",".293",".304",34.1,5.2,31.8,"97.993627386","93.026596",21.4,50.5
"Bryant, Kris",592178,2017,25,665,29,19.2,14.3,".295",".537",".409","0.242",".399",".376",35.1,10.7,36.6,"98.80344338","93.415540729",24.1,45.4
"Castellanos, Nick",592206,2017,25,665,26,21.4,6.2,".272",".490",".320","0.218",".341",".373",42.8,11.2,42,"99.656003697","94.03061645",26.8,51.2
"DeShields, Delino",592261,2017,24,440,6,24.8,10,".269",".367",".347","0.098",".315",".275",28.2,3.4,21.9,"94.733943651","91.512521873",23,40.2
"Drury, Brandon",592273,2017,24,480,13,21.5,5.8,".267",".447",".317","0.180",".325",".311",33.7,5.5,38.7,"99.034737471","93.593834471",23.6,45.4
"Gamel, Ben",592325,2017,25,550,11,22.2,6.5,".275",".413",".322","0.138",".315",".297",33.2,4.5,29.3,"96.731259021","92.374731572",20.9,44.7
"Healy, Ryon",592387,2017,25,605,25,23.5,3.8,".271",".451",".302","0.180",".320",".314",35.6,8.1,40.4,"100.120816558","94.153437791",26.8,47.6
"Judge, Aaron",592450,2017,25,678,52,30.7,18.7,".284",".627",".422","0.343",".430",".448",38.2,27.6,54.7,"108.114253018","98.934467418",34.9,41.1
"Machado, Manny",592518,2017,24,690,33,16.7,7.2,".259",".471",".310","0.212",".328",".360",30.3,11.4,47.5,"103.633014962","96.162352904",21.9,49
"Pederson, Joc",592626,2017,25,323,11,21.1,12.1,".212",".407",".331","0.195",".322",".338",26.2,9.9,41.7,"101.840230097","95.094456165",23.8,43.6
"Realmuto, J.T.",592663,2017,26,579,17,18.3,6.2,".278",".451",".332","0.173",".332",".335",32.6,6.9,35.5,"99.057183458","93.605391733",19.2,48.3
"Renfroe, Hunter",592669,2017,25,479,26,29.2,5.6,".231",".467",".284","0.236",".316",".309",32.4,13,34.1,"100.297365359","94.200535377",33.1,48.1
"Rosario, Eddie",592696,2017,25,589,27,18,5.9,".290",".507",".328","0.217",".349",".332",32.4,8,31.8,"97.412271591","92.783380568",24.4,55.4
"Simmons, Andrelton",592743,2017,27,647,14,10.4,7.3,".278",".421",".331","0.143",".323",".307",31.3,2.8,28.7,"96.360267241","92.180495536",13.6,46.3
"Yelich, Christian",592885,2017,25,694,18,19.7,11.5,".282",".439",".369","0.157",".348",".357",29.5,7.7,45.8,"102.279437897","95.40188514",22.1,42.5
"Merrifield, Whit",593160,2017,28,630,19,14,4.6,".288",".460",".324","0.172",".332",".327",36.5,5.7,29.6,"96.915633226","92.563743185",17.5,50.8
"Bogaerts, Xander",593428,2017,24,635,10,18.3,8.8,".273",".403",".343","0.130",".321",".286",26.7,1.5,30.2,"98.141221272","93.123143026",20.8,41.9
"Bonifacio, Jorge",593528,2017,24,422,17,28,8.3,".255",".432",".320","0.177",".323",".331",37.5,9.9,39.6,"99.856268271","94.054586679",30.8,52.6
"Hanson, Alen",593700,2017,24,234,4,22.2,5.1,".221",".346",".262","0.125",".261",".239",24.9,2,26.9,"95.313287901","91.732615309",26.1,51.1
"Polanco, Jorge",593871,2017,23,544,13,14.3,7.5,".256",".410",".313","0.154",".309",".291",31.4,2.9,25.8,"95.462536439","91.741845868",14.7,43.9
"Sanó, Miguel",593934,2017,24,483,28,35.8,11.2,".264",".507",".352","0.243",".361",".347",36.9,18,47,"105.051584603","96.907813506",39.5,48.6
"Difo, Wilmer",594694,2017,25,365,5,20.3,6.6,".271",".370",".319","0.099",".293",".293",32.3,2.5,26.1,"95.85536216","91.946818635",25.7,53.1
"Calhoun, Kole",594777,2017,29,654,19,20.5,10.9,".244",".392",".333","0.148",".315",".327",34.9,6.3,35.5,"98.157786727","93.121755695",25.7,47.9
"Duvall, Adam",594807,2017,28,647,31,26.3,6,".249",".480",".301","0.231",".327",".302",34.8,10.2,32.6,"97.657303146","92.842205939",26,48.1
"Garcia, Greg",594824,2017,27,290,2,22.1,12.8,".253",".332",".365","0.079",".317",".318",37.2,0.6,24.9,"94.924831034","91.519062529",20.1,39.9
"Gattis, Evan",594828,2017,30,325,12,15.4,5.5,".263",".457",".311","0.194",".325",".346",30,6,35.7,"99.936067016","93.979377016",22,49.2
"Schebler, Scott",594988,2017,26,531,30,23.5,7.3,".233",".484",".307","0.251",".330",".348",30,11.4,40.8,"101.413853864","94.931338148",29.3,52.7
"Kiermaier, Kevin",595281,2017,27,421,15,23.5,7.4,".276",".450",".338","0.174",".337",".293",28.3,6.6,30.5,"97.833746857","92.934793835",26.6,48.5
"Knapp, Andrew",595284,2017,25,204,3,27.5,15.2,".257",".368",".368","0.111",".321",".304",30.8,2.8,40.2,"99.331769831","93.870394957",27.8,42.2
"Riddle, JT",595375,2017,25,247,3,20.2,4.9,".250",".355",".282","0.105",".270",".273",29.7,3.7,28.6,"97.017302333","92.548111667",22.5,52.6
"Báez, Javier",595879,2017,24,508,23,28.3,5.9,".273",".480",".317","0.207",".326",".291",28.2,9.8,36,"99.492966111","93.765627399",36.7,56.5
"Hedges, Austin",595978,2017,24,417,18,29.3,5.5,".214",".398",".262","0.184",".278",".255",29,7.7,34.3,"98.531182154","93.279151308",32,53.1
"Lindor, Francisco",596019,2017,23,723,33,12.9,8.3,".273",".505",".337","0.232",".353",".357",32.2,7.9,35.9,"99.056732355","93.659809564",15.4,47.4
"Odor, Rougned",596059,2017,23,651,30,24.9,4.9,".204",".397",".252","0.193",".272",".290",27.2,7.1,36.6,"99.639037783","93.931314864",26.1,52.9
"Story, Trevor",596115,2017,24,555,24,34.4,8.8,".239",".457",".308","0.218",".323",".299",37.1,11.3,38.3,"99.957246387","94.168023722",31.5,48.2
"Sánchez, Gary",596142,2017,24,525,33,22.9,7.6,".278",".531",".345","0.253",".368",".385",33.5,12.8,42.9,"103.241467401","95.80975791",28.5,47.9
"Kepler, Max",596146,2017,24,568,19,20.1,8.3,".243",".425",".312","0.182",".315",".301",31.9,4.5,36.7,"100.408781206","94.244412821",22.5,43.3
"Franco, Maikel",596748,2017,24,623,24,15.2,6.6,".230",".409",".281","0.179",".292",".303",26.6,6.8,36.2,"99.874009298","94.021723996",22.3,50.3
"Bradley Jr., Jackie",598265,2017,27,541,17,22.9,8.9,".245",".402",".323","0.157",".313",".316",30.6,8.2,40,"100.079550667","94.175932396",29.6,47.1
"Motter, Taylor",600301,2017,27,280,7,22.1,7.5,".198",".326",".257","0.128",".254",".290",35.5,4.4,32.7,"98.692700619","93.37488",20.9,44.7
"Barnes, Austin",605131,2017,27,262,8,16.4,14.9,".289",".486",".408","0.197",".386",".368",34.9,6.5,36.8,"98.977377816","93.515397874",14.4,36.4
"Bell, Josh",605137,2017,24,620,26,18.9,10.6,".255",".466",".334","0.211",".338",".329",28.9,7.1,34.3,"98.967820926","93.519439768",23.5,43.6
"Betts, Mookie",605141,2017,24,712,24,11.1,10.8,".264",".459",".344","0.195",".339",".340",31.9,5.1,37.9,"99.348080766","93.801429818",15.7,35.9
"Panik, Joe",605412,2017,26,573,10,9.4,8,".288",".421",".347","0.133",".329",".306",32.9,2.9,23.9,"94.973948297","91.487091485",11.1,43.3
"Smith, Mallex",605480,2017,24,282,2,22,8.2,".270",".355",".329","0.085",".301",".260",25.4,1.9,16.8,"92.108726517","90.568599492",29.2,49.7
"Spangenberg, Cory",605486,2017,26,486,13,26.3,7,".264",".401",".322","0.137",".313",".296",35.7,5.2,29,"96.999531409","92.549672525",26.3,49.6
"Tomlinson, Kelby",605509,2017,27,222,1,20.7,10.4,".258",".314",".332","0.056",".286",".270",35.3,0.7,15.7,"93.102019306","90.666397483",17.4,45
"Zimmer, Bradley",605548,2017,24,332,8,29.8,7.8,".241",".385",".307","0.144",".299",".308",26.6,9.6,39.9,"101.841308021","95.079902552",31.4,47.2
"Arcia, Orlando",606115,2017,22,548,15,18.2,6.6,".277",".407",".324","0.130",".309",".273",28.7,4.3,27.6,"96.566548818","92.285483103",25.7,54.2
"Peraza, José",606299,2017,23,518,5,13.5,3.9,".259",".324",".297","0.065",".273",".301",32.5,1.9,20,"93.326775951","90.934503707",15.3,51.7
"Marte, Ketel",606466,2017,23,255,5,14.5,11.4,".260",".395",".345","0.135",".319",".346",34,2.9,34.6,"99.21842587","93.650313261",16.6,47.1
"Nimmo, Brandon",607043,2017,24,215,5,27.9,15.3,".260",".418",".379","0.158",".348",".350",43.3,7,37.5,"99.177399","94.035068403",24.4,36.9
"Peterson, Jace",607054,2017,27,215,2,22.3,12.6,".215",".317",".318","0.102",".280",".309",28.8,5.7,33.8,"97.860887164","92.984414286",27.1,39
"Turner, Trea",607208,2017,24,447,11,17.9,6.7,".284",".451",".338","0.167",".338",".329",29.1,6,39.2,"99.842062727","94.077942758",22.5,44.1
"Smith, Kevan",607345,2017,29,293,4,15.7,3.1,".283",".388",".309","0.105",".300",".290",28.9,3.9,28.9,"96.652377586","92.344916883",21,55.1
"Pillar, Kevin",607680,2017,28,632,16,15,5.2,".256",".404",".300","0.148",".302",".311",33.3,3.9,29.1,"96.802406504","92.430838371",16.7,52.2
"Rivera, T.J.",608061,2017,28,231,5,13.9,3.9,".290",".430",".330","0.140",".326",".297",37.3,2.4,24.9,"94.695233587","91.385738261",20.7,52.7
"Ramírez, José",608070,2017,24,645,29,10.7,8.1,".318",".583",".374","0.265",".396",".361",35.5,5.5,34.7,"98.290089264","93.223881996",13.6,43.3
"Bregman, Alex",608324,2017,23,626,19,15.5,8.8,".284",".475",".352","0.191",".351",".338",34.5,5.3,34.3,"97.79176444","92.980252289",16.5,44.7
"Gallo, Joey",608336,2017,23,532,41,36.8,14.1,".209",".537",".333","0.328",".364",".378",36,24,52.2,"105.595476587","97.543626429",43.4,47.1
"Russell, Addison",608365,2017,23,385,12,23.6,7.5,".239",".418",".304","0.179",".305",".308",35.6,6.5,35.2,"97.995219615","93.015018577",27.4,50.1
"Seager, Corey",608369,2017,23,613,22,21.4,10.9,".295",".479",".375","0.184",".364",".379",40.4,8.9,44.3,"101.336360874","95.020416423",27.2,50.1
"Williams, Nick",608384,2017,23,343,12,28.3,5.8,".288",".473",".338","0.185",".344",".330",37.3,8.2,41.4,"99.854783909","94.026408636",34.5,59.1
"Mazara, Nomar",608577,2017,22,616,20,20.6,8.9,".253",".422",".323","0.169",".317",".318",30.5,7.2,37.1,"100.356946698","94.279860233",25.7,46.1
"Robertson, Daniel",621002,2017,23,254,5,28.7,11.4,".206",".326",".308","0.120",".284",".273",28.4,3.9,30.4,"96.921284795","92.527811233",24.3,41.5
"Swanson, Dansby",621020,2017,23,551,6,21.8,10.7,".232",".324",".312","0.092",".276",".295",31.2,3.1,32.5,"97.841433207","92.995780543",23.7,44.5
"Taylor, Chris",621035,2017,26,568,21,25,8.8,".288",".496",".354","0.208",".361",".344",39.7,8.8,34.1,"98.443374863","93.237287951",25.4,45.9
"Correa, Carlos",621043,2017,22,481,24,19.1,11,".315",".550",".391","0.235",".394",".397",38.6,10,44.9,"102.044286347","95.433674054",21.8,42.2
"Buxton, Byron",621439,2017,23,511,16,29.4,7.4,".253",".413",".314","0.160",".312",".297",32.3,6.5,32,"98.610982721","93.385318191",31.1,49.6
"Olson, Matt",621566,2017,23,216,24,27.8,10.2,".259",".651",".352","0.392",".411",".392",28.7,18.3,48.8,"102.167519839","95.744006048",31.9,45
"Maxwell, Bruce",622194,2017,26,253,3,24.9,12.3,".237",".333",".329","0.096",".296",".303",34.6,2.6,39.9,"99.774661772","94.199481146",21.5,41.5
"Margot, Manuel",622534,2017,22,529,13,20,6.6,".263",".409",".313","0.146",".309",".301",34.5,3,29.3,"96.782030428","92.441450268",21.5,45.8
"Camargo, Johan",622666,2017,23,256,4,19.9,4.7,".299",".452",".331","0.153",".330",".298",32.1,5.1,35.8,"98.50114375","93.307079895",23.3,50.5
"Kivlehan, Patrick",623182,2017,27,204,9,29.9,10.8,".208",".399",".304","0.191",".303",".293",28.8,8.7,32.2,"98.720280169","93.360140085",33.6,46.2
"Conforto, Michael",624424,2017,24,440,27,25.7,13,".279",".555",".384","0.276",".392",".376",38.5,13.3,43.4,"101.362704961","94.811540116",29.1,42.8
"Frazier, Adam",624428,2017,25,454,6,12.6,7.9,".276",".399",".344","0.123",".322",".326",37.4,2.2,24.2,"95.112112543","91.567393681",13.4,46
"Puig, Yasiel",624577,2017,26,570,28,17.5,11.2,".263",".487",".346","0.224",".349",".359",27.2,10.5,37.6,"101.052476318","94.54660806",24.9,46.4
"Heredia, Guillermo",628338,2017,26,426,6,15,6.3,".249",".337",".315","0.088",".288",".281",29,1.7,22.8,"94.971133141","91.564729167",15.2,44.8
"Pinder, Chad",640461,2017,25,308,15,29.9,5.8,".238",".457",".292","0.219",".316",".341",39.9,12.6,43,"100.967972577","94.750996218",30.8,51.7
"Anderson, Tim",641313,2017,24,606,17,26.7,2.1,".257",".402",".276","0.145",".288",".275",31.8,5.7,31.1,"97.427925429","92.716202071",29.8,55.1
"Asuaje, Carlos",641319,2017,25,343,4,22.2,8.2,".270",".362",".334","0.092",".307",".280",36.7,1.9,18.8,"93.886794737","90.951975132",20.2,46.3
"Bellinger, Cody",641355,2017,21,548,39,26.6,11.7,".267",".581",".352","0.314",".380",".363",35.3,13,45.7,"101.581031768","95.285978624",32.5,44.7
"Engel, Adam",641553,2017,25,336,6,34.8,5.7,".166",".282",".235","0.116",".230",".240",30.7,4.2,22.4,"94.478194719","91.538157175",34.7,48.5
"Mancini, Trey",641820,2017,25,586,24,23.7,5.6,".293",".488",".338","0.195",".349",".338",30.9,11.1,41.2,"100.89602802","94.621143144",28.4,50.9
"Córdoba, Allen",642707,2017,21,227,4,23.8,7.9,".208",".297",".282","0.089",".256",".280",28.5,2.3,21.2,"93.802010959","91.196309178",28.2,44.5
"Benintendi, Andrew",643217,2017,22,658,20,17,10.6,".271",".424",".352","0.153",".332",".335",31.7,6.1,33.4,"98.285891373","93.220964678",19.2,44.1
"Albies, Ozzie",645277,2017,20,244,6,14.8,8.6,".286",".456",".354","0.170",".347",".339",35.9,5.2,26.6,"96.298625934","92.203820994",22.5,52.1
"Devers, Rafael",646240,2017,20,240,10,23.8,7.5,".284",".482",".338","0.198",".344",".299",26.1,9.3,44.2,"102.245994938","95.419676914",26.4,51
"Díaz, Aledmys",649557,2017,26,301,7,14,4.3,".259",".392",".290","0.133",".291",".274",29.7,3.4,24.2,"95.847411261","91.961160336",22.1,52.9
"Chapman, Matt",656305,2017,24,326,14,28.2,9.8,".234",".472",".313","0.238",".332",".324",31.5,13.3,39.5,"101.3285194","94.8219197",30.2,42.9
"Hoskins, Rhys",656555,2017,24,212,18,21.7,17.5,".259",".618",".396","0.359",".417",".398",39.7,14.7,45.2,"100.841269206","94.624704365",20.6,38.4
"Schwarber, Kyle",656941,2017,24,486,30,30.9,12.1,".211",".467",".315","0.256",".333",".345",29.8,17.2,41.5,"101.605772239","94.937208619",29.8,44.6
"DeJong, Paul",657557,2017,23,443,25,28,4.7,".285",".532",".325","0.247",".359",".335",42.2,9.9,40.1,"99.681561119","93.897389193",27.9,51.6
"Moncada, Yoán",660162,2017,22,231,8,32,12.6,".231",".412",".338","0.181",".327",".314",33.6,10.4,35.2,"98.922715714","93.64392136",31.7,42.9
"Happ, Ian",664023,2017,22,413,24,31.2,9.4,".253",".514",".328","0.261",".349",".335",37.3,15,39.4,"100.869918908","94.473996303",34.3,49.4
"Beltré, Adrian",134181,2018,39,481,15,20,7.1,".273",".434",".328","0.161",".327",".328",39.7,6.9,37.4,"98.435139477","93.348635465",23.4,45.4
"Martinez, Victor",400121,2018,39,508,9,9.6,6.3,".251",".353",".297","0.102",".281",".313",35.1,5.2,30.6,"96.557884057","92.300796265",14.3,49.2
"Pujols, Albert",405395,2018,38,498,19,13.1,5.6,".245",".411",".289","0.166",".299",".327",34.5,6.9,40.9,"99.833402426","94.151905881",17.6,48.4
"Mauer, Joe",408045,2018,35,543,6,15.8,9.4,".282",".379",".351","0.097",".319",".352",36.9,5.3,44.3,"99.892945918","94.507836292",15.1,35.3
"Reyes, José",408314,2018,35,251,4,15.5,8.8,".189",".320",".260","0.131",".255",".268",28.4,2.9,24.3,"95.281758495","91.697509081",19,45.8
"Mathis, Jeff",425772,2018,35,218,1,30.3,9.2,".200",".272",".272","0.072",".243",".244",37.1,3.2,34.1,"97.993827231","93.102018992",32.2,44.3
"Choo, Shin-Soo",425783,2018,35,665,21,23.5,13.8,".264",".434",".377","0.170",".355",".362",35.9,11.8,40.5,"99.924696535","94.11825245",27,40.9
"Molina, Yadier",425877,2018,35,503,20,13.1,5.8,".261",".436",".314","0.175",".323",".329",37.6,5.9,33.8,"97.338858241","92.806835201",17.2,52.7
"Canó, Robinson",429664,2018,35,348,10,13.5,9.2,".303",".471",".374","0.168",".364",".376",37.4,8.8,51.5,"102.482712576","96.023314659",18.2,47.8
"Encarnación, Edwin",429665,2018,35,578,32,22.8,10.9,".246",".474",".336","0.228",".346",".358",34.1,12.2,41.4,"100.766551311","94.616548279",26.3,44.6
"Bautista, José",430832,2018,37,399,13,27.8,16.8,".203",".378",".348","0.175",".324",".338",34.9,8.9,43.2,"101.404054299","95.00343338",30.6,39.5
"Jones, Adam",430945,2018,32,613,15,15.2,3.9,".281",".419",".313","0.138",".315",".310",35.6,5.4,33.1,"98.02876214","93.087198701",23.8,55.1
"Martin, Russell",431145,2018,35,352,10,23.3,15.9,".194",".325",".338","0.131",".305",".308",22.7,7,43,"99.946590962","94.372312947",25.3,34.3
"Granderson, Curtis",434158,2018,37,403,13,26.3,13.4,".242",".431",".351","0.189",".341",".342",44.8,6.8,34.3,"97.940080924","93.09151654",26.7,39.2
"Davis, Rajai",434658,2018,37,216,1,22.2,5.1,".224",".281",".278","0.057",".251",".261",31.4,1.5,27,"95.252220959","91.652845068",23.1,53
"Morales, Kendrys",434778,2018,35,471,21,20.2,10.6,".249",".438",".331","0.189",".329",".373",34.4,12.7,52.6,"101.980025988","95.733792632",27.2,43.6
"Kinsler, Ian",435079,2018,36,534,14,12,7.5,".240",".380",".301","0.140",".298",".301",36.6,3.3,26.2,"95.239510751","91.635867224",12.2,45.5
"McCann, Brian",435263,2018,34,216,7,18.5,8.8,".212",".339",".301","0.127",".286",".284",36.4,3.8,26.5,"95.089383067","91.5451728",21.2,41.1
"Walker, Neil",435522,2018,32,398,11,21.9,10.6,".219",".354",".309","0.135",".291",".331",42.8,6.5,33.3,"98.036963282","93.104285057",22.9,45.7
"Suzuki, Kurt",435559,2018,34,388,12,11.1,5.7,".271",".444",".332","0.173",".335",".327",33.2,4.1,35,"97.367679161","92.716625307",16.8,53.3
"Desmond, Ian",435622,2018,32,619,22,23.6,8.6,".236",".422",".307","0.186",".315",".303",28.5,7.6,43.2,"100.744285942","94.630591501",29.1,48.3
"Cruz, Nelson",443558,2018,37,591,37,20.6,9.3,".256",".509",".342","0.253",".361",".396",31.3,14.9,51.7,"105.6614156","97.439653125",30.6,46.5
"Trumbo, Mark",444432,2018,32,358,17,24.3,6.7,".261",".452",".313","0.191",".329",".335",33.1,11.1,48.6,"103.909144472","96.381219918",29.5,49.7
"Peralta, David",444482,2018,30,614,30,20.2,7.8,".293",".516",".352","0.223",".368",".353",32.9,8.3,46.3,"102.631180594","95.674140388",23.7,48
"Piña, Manny",444489,2018,31,337,9,18.4,6.2,".252",".395",".307","0.143",".301",".302",37.3,5.8,26.6,"96.274089516","92.187892874",18.2,45.9
"Escobar, Alcides",444876,2018,31,531,4,13.9,5.5,".231",".313",".279","0.082",".261",".274",30.3,2.4,21.5,"94.38942201","91.220654436",20.5,52.4
"Jay, Jon",445055,2018,33,586,3,16.2,5.6,".268",".347",".330","0.079",".301",".293",31.8,2,21.4,"94.550730605","91.290685023",19.9,49.1
"Prado, Martín",445988,2018,34,209,1,16.7,5.3,".244",".305",".287","0.061",".263",".282",34,2.6,26.1,"95.46611963","91.780519441",17.4,38.7
"Duda, Lucas",446263,2018,32,367,14,27.8,7.6,".241",".418",".313","0.177",".315",".331",42.8,11,36.7,"99.828414435","93.961554629",31.8,44.4
"Wieters, Matt",446308,2018,32,271,8,16.6,11.1,".238",".374",".330","0.136",".308",".310",32.6,5.2,33.3,"97.31958125","92.698087225",17.2,45.3
"Longoria, Evan",446334,2018,32,512,16,19.7,4.3,".244",".412",".281","0.168",".295",".310",32.6,8.2,37.2,"98.455586354","93.303418724",20.6,48.6
"Cozart, Zack",446359,2018,32,253,5,16.6,7.5,".219",".362",".296","0.143",".289",".295",38.9,2.3,27.7,"95.713114457","91.878014372",18,43.4
"Guyer, Brandon",446386,2018,32,221,7,21.7,6.8,".206",".371",".300","0.165",".298",".294",32.7,5.5,31.3,"96.563112571","92.286880643",22.1,46.6
"Reynolds, Mark",448602,2018,34,235,13,27.2,10.2,".248",".476",".328","0.228",".342",".317",34.5,11.1,39.3,"99.734743973","94.015030069",36.2,46.3
"Davis, Chris",448801,2018,32,522,16,36.8,7.9,".168",".296",".243","0.128",".239",".272",35.5,11,40.1,"99.809059357","94.0388635",34.5,45.1
"Zobrist, Ben",450314,2018,37,520,9,11.5,10.6,".305",".440",".378","0.135",".355",".333",35,3.2,38.7,"98.1077867","93.360354185",14.2,41.1
"Fowler, Dexter",451594,2018,32,334,8,22.5,11.4,".180",".298",".278","0.118",".260",".275",30.7,3.3,28,"95.582335688","91.806205872",26.3,42.1
"Flowers, Tyler",452095,2018,32,296,8,25.7,11.8,".227",".359",".341","0.132",".315",".334",36.9,7.3,44.6,"100.997606705","94.729593714",28.8,43.7
"Pence, Hunter",452254,2018,35,248,4,23.8,4.4,".226",".332",".258","0.106",".254",".264",28.1,5.6,33.7,"98.782882247","93.43153791",31.3,53.1
"Span, Denard",452655,2018,34,501,11,15.8,10.2,".261",".419",".341","0.158",".330",".335",36.7,3,29.6,"96.5221385","92.280471476",15.4,43.4
"Cabrera, Asdrúbal",452678,2018,32,592,23,20.1,6.9,".262",".458",".316","0.196",".332",".321",33.3,7.8,39.6,"98.671527887","93.577552518",22.6,49.1
"Blackmon, Charlie",453568,2018,31,696,29,19.3,8.5,".291",".502",".358","0.211",".368",".345",34.9,6.9,35.2,"98.508488049","93.303951996",20.3,47.7
"Blanco, Grégor",453923,2018,34,203,2,28.6,5.9,".217",".317",".262","0.100",".254",".263",37.6,4.2,23.5,"94.698853438","91.408328898",24.7,44.6
"Frazier, Todd",453943,2018,32,472,18,23.7,10.2,".213",".390",".303","0.177",".302",".304",31.9,7.7,37.1,"99.963389404","94.105647475",24.1,40.6
"Iannetta, Chris",455104,2018,35,360,11,24.2,13.9,".224",".385",".345","0.161",".320",".331",36.6,9.9,43.7,"102.165988692","95.511811075",29.3,43.6
"Maldonado, Martín",455117,2018,31,404,9,24.3,4,".225",".351",".276","0.126",".275",".257",31.5,5.4,26.5,"95.808355693","91.915939124",27,51.1
"Chirinos, Robinson",455139,2018,34,426,18,32.9,10.6,".222",".419",".338","0.197",".333",".318",36.5,11.5,39.6,"99.176465946","93.71728",33.4,44.4
"Markakis, Nick",455976,2018,34,705,14,11.3,10.2,".297",".440",".366","0.143",".345",".345",38.4,3.3,41.6,"99.103546255","93.900090291",11.4,40.4
"Kratz, Erik",456124,2018,38,219,6,18.3,2.7,".236",".355",".280","0.119",".278",".285",28.3,5.3,39.2,"99.100330361","93.733879636",24.4,48.3
"Núñez, Eduardo",456488,2018,31,502,10,13.7,3.2,".265",".388",".289","0.123",".292",".280",27.2,3.8,35.7,"98.951093671","93.495721304",15.7,53.8
"Pearce, Steve",456665,2018,35,251,11,16.3,11.6,".284",".512",".378","0.228",".382",".393",35.2,11.7,39.2,"99.797622955","94.186530629",24.4,43
"Cain, Lorenzo",456715,2018,32,620,10,15.2,11.5,".308",".417",".395","0.109",".359",".342",30.9,3.6,40.5,"100.234808348","94.292649284",17.8,42.3
"McCutchen, Andrew",457705,2018,31,682,20,21.3,13.9,".255",".424",".368","0.169",".347",".357",36.2,9,41.9,"99.79801907","94.152564884",22.5,39.8
"Jackson, Austin",457706,2018,31,375,3,35.5,6.9,".245",".326",".299","0.081",".275",".244",33.5,2.9,32.4,"96.97618934","92.497627406",32.1,45.5
"Upton, Justin",457708,2018,30,613,30,28.7,10.4,".257",".463",".344","0.206",".348",".354",34.7,15.2,47.4,"102.528237857","95.640779669",31.5,42.6
"Maybin, Cameron",457727,2018,31,384,4,19.5,9.9,".249",".336",".326","0.087",".295",".315",34.6,4.4,33.1,"97.198707239","92.618326929",20.7,41.5
"Turner, Justin",457759,2018,33,426,14,12.7,11,".312",".518",".406","0.206",".396",".381",44.7,8,36.7,"97.754074331","93.033390128",13.2,43.4
"Posey, Buster",457763,2018,31,448,5,11.8,10,".284",".382",".359","0.098",".326",".336",35.2,5.5,34.9,"97.884072989","93.116307262",13.6,44.3
"Bruce, Jay",457803,2018,31,361,9,20.8,11.4,".223",".370",".310","0.147",".296",".338",37.6,9.4,34.8,"98.312149426","93.20426668",28.7,49.4
"Votto, Joey",458015,2018,34,623,12,16.2,17.3,".284",".419",".417","0.135",".370",".391",45.9,6.9,35.1,"97.532085714","92.877803679",17.9,39.7
"Gardner, Brett",458731,2018,34,609,12,17.6,10.7,".236",".368",".322","0.132",".305",".293",30.6,3.1,32.9,"97.371252958","92.777033318",13.7,36.3
"Joyce, Matt",459964,2018,33,246,7,21.5,14.2,".208",".353",".322","0.145",".299",".326",38.2,7.3,31.8,"97.106408462","92.572378333",25.8,46.2
"Hundley, Nick",460026,2018,34,305,10,27.9,7.2,".241",".408",".298","0.167",".304",".309",38.6,6.9,39.6,"99.704425859","93.965974518",27.3,53.7
"Braun, Ryan",460075,2018,34,444,20,19.1,7.7,".254",".469",".313","0.215",".330",".368",36.2,11.6,49.5,"103.113886688","96.120656125",22.7,51.5
"Gordon, Alex",460086,2018,34,568,13,21.8,8.8,".245",".370",".324","0.125",".305",".329",36.5,7.2,39.7,"99.24484599","93.730821802",23.9,46.5
"Gómez, Carlos",460576,2018,32,408,9,25.2,6.1,".208",".336",".298","0.128",".285",".293",33.2,5.7,29.3,"97.972499435","93.006445182",29.2,57.9
"Kemp, Matt",461314,2018,33,506,21,22.7,7.1,".290",".481",".338","0.191",".348",".361",42.1,12.1,39.1,"100.160493488","94.303897872",29.4,50.7
"Andrus, Elvis",462101,2018,29,428,6,15.4,6.5,".256",".367",".308","0.111",".296",".285",30.8,4.6,30.5,"96.685913939","92.342966848",20.3,48.7
"Cervelli, Francisco",465041,2018,32,404,12,20.8,12.6,".259",".431",".378","0.172",".355",".346",35.8,9,39.8,"98.974312778","93.622394643",25.4,39.5
"Cabrera, Melky",466320,2018,33,278,6,13.7,7.2,".280",".420",".335","0.140",".326",".330",33.6,2.5,41.7,"99.518017593","94.080601814",16.6,46.9
"Sandoval, Pablo",467055,2018,31,252,9,20.6,7.5,".248",".417",".310","0.169",".312",".303",32.4,5.6,36.9,"99.327533556","93.786854469",21.7,47.9
"Ramos, Wilson",467092,2018,30,416,15,19.2,7.7,".306",".487",".358","0.181",".361",".327",33.6,7.8,48.2,"101.703386755","95.364834186",24.4,54.2
"Santana, Carlos",467793,2018,32,679,24,13.7,16.2,".229",".414",".352","0.185",".333",".346",30.1,7.7,39.1,"100.036000042","94.116971911",19.4,41.4
"Parra, Gerardo",467827,2018,31,443,6,16.9,7.2,".284",".372",".342","0.088",".313",".305",34.7,2.9,26.6,"96.069992609","92.078699003",20.1,51.3
"González, Carlos",471865,2018,32,504,16,22.4,7.3,".276",".467",".329","0.191",".338",".300",30,6.8,39.1,"102.137361648","95.184971852",29.4,50.3
"Valbuena, Luis",472528,2018,32,288,9,34.7,6.6,".199",".335",".253","0.136",".253",".256",29.8,10.8,41.3,"99.38285494","93.852396242",32.3,48.3
"Mercer, Jordy",474568,2018,31,436,6,20,7.3,".251",".381",".315","0.130",".296",".310",40.8,5.1,31.8,"97.311725161","92.706583657",22.2,44.2
"Belt, Brandon",474832,2018,30,456,14,23.5,10.7,".253",".414",".342","0.161",".327",".351",43.9,11.2,31.6,"97.852297431","92.941840486",26,48.8
"Alonso, Yonder",475174,2018,31,574,23,21.4,8.9,".250",".421",".317","0.171",".319",".331",36.9,10.7,37.5,"99.193885206","93.63834634",25.4,50.4
"Smoak, Justin",475253,2018,31,594,25,26.3,14,".242",".457",".350","0.215",".349",".337",36.9,11.7,42.5,"100.299994716","94.321346524",25.3,40.3
"Zimmerman, Ryan",475582,2018,33,323,13,17,9.3,".264",".486",".337","0.222",".351",".370",28.9,14.5,52.8,"102.94459178","96.065453872",23,40.4
"Lowrie, Jed",476704,2018,34,680,23,18.8,11.5,".267",".448",".353","0.181",".347",".328",38,5.6,37.9,"98.082412906","93.245694957",20.4,45.9
"Avila, Alex",488671,2018,31,234,7,38.5,15.8,".165",".304",".299","0.139",".273",".311",34.9,13,46.2,"100.304871132","94.430478491",36.3,35.2
"Brantley, Michael",488726,2018,31,630,17,9.5,7.6,".309",".468",".364","0.159",".359",".358",38.3,3.8,38.4,"98.880704167","93.709531213",11,44.2
"Morrison, Logan",489149,2018,30,359,15,22.3,9.5,".186",".368",".276","0.182",".283",".346",36,12.7,38.2,"100.098455043","94.078744043",25.4,48
"Hernández, Gorkys",491676,2018,30,451,15,25.1,6,".234",".391",".285","0.157",".292",".301",30,8.2,35.8,"98.98993557","93.510430537",30.1,50.6
"Gurriel, Yuli",493329,2018,34,573,13,11,4,".291",".428",".323","0.137",".323",".290",32.6,2.1,36.6,"98.250145353","93.267952557",15.7,50.3
"Rodríguez, Ronny",500135,2018,26,206,5,20.4,4.9,".220",".335",".256","0.115",".257",".259",27.9,3.6,31.2,"97.154746216","92.623674082",28.6,52.3
"Solarte, Yangervis",500208,2018,30,505,17,14.1,6.1,".227",".379",".278","0.152",".284",".302",30,5,32,"97.4511858","92.742862155",17.4,54.2
"Rojas, Miguel",500743,2018,29,528,11,13.1,4.5,".252",".346",".297","0.094",".281",".289",35.2,1,23.8,"94.810442","91.494047976",15.5,49
"Escobar, Eduardo",500871,2018,29,631,23,20,8.2,".272",".489",".334","0.217",".346",".325",38.6,9,27.6,"96.604661719","92.302469842",23.9,53
"Martínez, José A.",500874,2018,29,590,17,17.6,8.3,".305",".457",".364","0.152",".356",".378",37.5,10.1,44.6,"101.608807696","95.105993672",21.4,43.6
"Adrianza, Ehire",501303,2018,28,366,6,22.4,6.6,".251",".379",".301","0.128",".294",".281",34.4,5.6,30.6,"96.89616121","92.472791134",19.2,48.7
"Freese, David",501896,2018,35,312,11,23.1,7.7,".296",".471",".359","0.175",".357",".359",34.6,9.6,45,"100.845994717","94.706606303",24.3,42.8
"Davis, Khris",501981,2018,30,654,48,26.8,9,".247",".549",".326","0.302",".365",".376",37.7,18.4,48.1,"102.732917228","95.842457104",33.7,49.3
"Pham, Tommy",502054,2018,30,570,21,24.6,11.8,".275",".464",".367","0.189",".359",".376",38.7,10.6,49.9,"102.781071517","96.114537978",25.4,39.8
"Martinez, J.D.",502110,2018,30,649,43,22.5,10.6,".330",".629",".402","0.299",".427",".418",40,16.8,52.7,"103.681482791","96.582993333",28.2,50.3
"Valencia, Danny",502143,2018,33,282,9,18.8,7.8,".263",".408",".316","0.145",".310",".344",35.3,8.3,41,"101.525039903","94.993827268",24.3,42.9
"Reddick, Josh",502210,2018,31,485,17,15.9,10.1,".242",".400",".318","0.158",".311",".298",32,4.3,27,"95.713462599","91.868176176",17.4,44.5
"Dyson, Jarrod",502481,2018,33,237,2,14.3,11.4,".189",".257",".282","0.068",".244",".286",28.4,2.1,19.3,"94.138179625","91.10662",17,42.1
"Murphy, Daniel",502517,2018,33,351,12,11.4,5.7,".299",".454",".336","0.155",".338",".343",42.3,5.2,29,"96.047486759","92.053430138",13.1,50.7
"Goldschmidt, Paul",502671,2018,30,690,33,25.1,13,".290",".533",".389","0.243",".390",".384",37.1,14.8,44,"101.82062219","95.180345881",26.4,42.4
"Gonzalez, Marwin",503556,2018,29,552,16,22.8,9.6,".247",".409",".324","0.162",".318",".321",35.7,7.4,41.5,"99.618396872","93.945171401",24.7,44.4
"León, Sandy",506702,2018,29,288,5,26,5.2,".177",".279",".232","0.102",".227",".233",29.9,5.3,25.8,"95.205455895","91.76954",22.7,47.1
"Altuve, Jose",514888,2018,28,599,13,13.2,9.2,".316",".451",".386","0.135",".363",".352",34,6.2,33.8,"98.154526533","93.131461867",17.9,47.4
"Hernández, César",514917,2018,28,708,15,21.9,13.4,".253",".362",".356","0.109",".320",".316",30.2,4.5,28.5,"96.430238082","92.227163181",20.3,38.2
"Segura, Jean",516416,2018,28,632,10,10.9,5.1,".304",".415",".341","0.111",".327",".310",30,4,32.3,"97.786619923","92.937096615",12.6,49
"Castro, Starlin",516770,2018,28,647,12,19.2,7.4,".278",".400",".329","0.122",".315",".312",32,7.4,36.2,"99.029341092","93.607510063",22.8,46
"Marte, Starling",516782,2018,29,606,20,18,5.8,".277",".460",".327","0.183",".337",".331",31.5,8.2,38.8,"99.447829005","93.857964966",24.2,54.5
"Pirela, José",517369,2018,28,473,5,18.8,6.3,".249",".345",".300","0.096",".283",".294",25.1,3.8,37.4,"100.437496453","94.266709534",23.6,46.5
"Culberson, Charlie",518586,2018,29,322,12,26.4,6.5,".270",".466",".326","0.196",".335",".268",33,5.7,30.7,"96.57816699","92.28980801",31.1,54
"Descalso, Daniel",518614,2018,31,423,13,26,15.1,".238",".436",".353","0.198",".341",".332",41.5,11.2,35.2,"98.117652787","93.194952459",28.7,42.6
"Dietrich, Derek",518618,2018,28,551,16,25.4,5.3,".265",".421",".330","0.156",".326",".303",34.1,6.6,37.8,"99.045312376","93.544161413",25.5,50.5
"Donaldson, Josh",518626,2018,32,219,8,24.7,14.2,".246",".449",".352","0.203",".345",".331",32.8,11.8,41.4,"100.708149254","94.624564135",31.7,41.8
"Freeman, Freddie",518692,2018,28,707,23,18.7,10.7,".309",".505",".388","0.196",".378",".385",44.7,9.7,39.8,"99.091841098","93.722198676",24.3,55.6
"Grandal, Yasmani",518735,2018,29,518,24,23.9,13.9,".241",".466",".349","0.225",".352",".340",32.9,12.9,40.4,"99.742040255","93.988959204",28,38.5
"Heyward, Jason",518792,2018,28,488,8,12.3,8.6,".270",".395",".335","0.125",".319",".319",29.7,3.3,38.8,"99.430155026","93.721811466",16.9,45.5
"LeMahieu, DJ",518934,2018,29,581,15,14.1,6.4,".276",".428",".321","0.152",".322",".326",31.3,5.7,43.2,"100.986973904","94.873592632",14,41.9
"Lucroy, Jonathan",518960,2018,32,454,4,14.3,6.4,".241",".325",".291","0.084",".271",".289",37,2.4,27.5,"96.006032416","92.008310225",13.7,43.6
"Mesoraco, Devin",519023,2018,30,274,11,19,9.1,".221",".398",".303","0.177",".302",".290",26.9,6.9,28.5,"95.846132268","91.952951813",22.9,48
"Moreland, Mitch",519048,2018,32,459,15,22.2,10.9,".245",".433",".325","0.188",".325",".354",33.9,13,44.8,"101.987895686","95.210622295",27.9,46.5
"Moustakas, Mike",519058,2018,29,635,28,16.2,7.7,".251",".459",".315","0.208",".329",".336",31.3,9.8,39.1,"100.225167764","94.281679979",21.9,52.2
"Rizzo, Anthony",519203,2018,28,665,25,12,10.5,".283",".470",".376","0.187",".359",".369",36.2,7,40.6,"100.439451098","94.335677882",17,47.7
"Romine, Austin",519222,2018,29,265,10,25.3,6.4,".244",".417",".295","0.173",".307",".285",33.5,5.3,38,"99.282213708","93.718019944",26.3,49.5
"Souza Jr., Steven",519306,2018,29,272,5,27.6,10.3,".220",".369",".309","0.149",".299",".314",35.5,8.6,39.8,"100.220048795","94.204383072",27.5,44
"Stanton, Giancarlo",519317,2018,28,705,38,29.9,9.9,".266",".509",".343","0.243",".360",".342",30,16.5,50.8,"106.893910918","98.042255411",34.4,44.9
"Thames, Eric",519346,2018,31,278,16,34.9,10.4,".219",".478",".306","0.259",".330",".314",34.7,17.4,43.3,"100.878384933","94.743855933",34.1,47.7
"Galvis, Freddy",520471,2018,28,656,13,22.4,6.9,".248",".380",".299","0.132",".294",".274",32.3,4.4,28.9,"96.514213591","92.377750068",26.4,50.3
"Perez, Salvador",521692,2018,28,544,27,19.9,3.1,".235",".439",".274","0.204",".304",".335",35.4,11.6,47.5,"101.386645369","95.018960271",23.8,57
"Forsythe, Logan",523253,2018,31,416,2,20,9.9,".232",".291",".313","0.059",".274",".274",29.4,1.1,29.8,"96.115396483","92.119891419",17.6,35.8
"Flores, Wilmer",527038,2018,26,429,11,9.8,6.8,".267",".417",".319","0.150",".316",".295",32.6,3.2,27.1,"95.925725682","91.97716661",13.8,47.6
"Marte, Jefry",527043,2018,27,209,7,19.6,6.2,".216",".371",".273","0.155",".281",".285",24.8,4.9,36.6,"99.587477662","93.835392745",21.3,43.7
"García, Avisaíl",541645,2018,27,385,19,26.5,5.2,".236",".438",".281","0.202",".304",".328",26.6,12.5,43.2,"102.315927615","95.34456583",33.9,58.6
"Pérez, Hernán",541650,2018,27,334,9,21.3,5.1,".253",".386",".290","0.133",".292",".285",34.1,5.4,32.5,"97.938505738","93.0601593",21.4,50.2
"Inciarte, Ender",542255,2018,27,660,10,13,7.4,".265",".380",".325","0.115",".308",".296",32.8,1.7,18.7,"93.757705476","90.921322698",14.9,50.3
"Ozuna, Marcell",542303,2018,27,628,23,17.5,6.1,".280",".433",".325","0.153",".327",".354",30.3,10.4,45.1,"102.886295042","95.740956463",24.3,48.5
"Villar, Jonathan",542340,2018,27,515,14,26.8,8,".260",".384",".325","0.124",".312",".288",27.2,5.8,36,"98.982895563","93.56982325",29.5,48.9
"Aguilar, Jesús",542583,2018,28,566,35,25.3,10.2,".274",".539",".352","0.265",".374",".356",38.2,12.1,42.9,"100.514656","94.533110864",28.7,45.5
"Beckham, Tim",542921,2018,28,402,12,24.9,6.7,".230",".374",".287","0.144",".288",".292",31.6,6.4,35.3,"98.16759037","93.110660483",28.2,48.2
"Crawford, Brandon",543063,2018,31,594,14,20.5,8.4,".254",".394",".325","0.140",".306",".305",37.2,3.9,33.3,"97.383235194","92.718286578",29.2,52.1
"Cron, C.J.",543068,2018,28,560,30,25.9,6.6,".253",".493",".323","0.240",".347",".345",34.3,13.5,36.6,"100.817058453","94.484469806",29.1,50.8
"Gomes, Yan",543228,2018,30,435,16,27.4,4.8,".266",".449",".313","0.183",".326",".325",41.5,9.1,38.7,"98.87018493","93.686137042",29.5,53.6
"Grossman, Robbie",543257,2018,28,465,5,17.8,12.9,".273",".384",".367","0.111",".333",".317",34.1,2.4,28.4,"96.496680449","92.263775691",16.4,39.3
"Harrison, Josh",543281,2018,30,374,8,18.2,4.8,".250",".363",".293","0.113",".285",".276",36,4.3,26.1,"95.380082826","91.690629167",23.4,55.3
"Hicks, Aaron",543305,2018,28,581,27,19.1,15.5,".248",".467",".366","0.219",".360",".371",34.2,9.7,43,"99.91669773","94.148582324",23.1,40
"Hicks, John",543308,2018,28,312,9,26.9,7.1,".260",".403",".312","0.143",".311",".282",33,6.5,34.5,"98.705443039","93.385834335",34.1,57
"Hosmer, Eric",543333,2018,28,677,18,21,9.2,".253",".398",".322","0.145",".309",".302",26.3,6.5,38.2,"100.755741595","94.460155032",27.7,48.5
"Joseph, Caleb",543376,2018,32,280,3,24.3,3.6,".219",".321",".254","0.102",".251",".253",39.2,1.6,29.4,"95.659879798","91.87075066",25.2,51.4
"Kipnis, Jason",543401,2018,31,601,18,18.6,10,".230",".389",".315","0.159",".308",".318",34.4,7.3,31.6,"96.725167833","92.385166305",20.8,43
"Mahtook, Mikie",543484,2018,28,250,9,26.4,8.4,".202",".359",".276","0.157",".276",".286",28.1,6.9,35,"98.2272625","93.146302642",24.9,42.7
"McCann, James",543510,2018,28,457,8,25.4,5.7,".220",".314",".267","0.094",".256",".285",37.7,5.5,37.4,"98.414485355","93.277688194",26.6,47.8
"Miller, Brad",543543,2018,28,254,7,32.3,8.7,".248",".413",".311","0.165",".312",".310",36.7,11.6,49,"102.502739189","95.539527838",32.5,49
"Rendon, Anthony",543685,2018,28,597,24,13.7,9.2,".308",".535",".374","0.227",".383",".384",39.8,11.1,44.8,"100.518330132","94.575829692",13.9,47.7
"Semien, Marcus",543760,2018,27,703,15,18.6,8.7,".255",".388",".318","0.133",".307",".305",34.9,4.9,32.1,"96.985600317","92.497777778",20.3,43.8
"Shaw, Travis",543768,2018,28,587,32,18.4,13.3,".241",".480",".345","0.239",".351",".350",31.2,11.2,38.3,"100.143580711","94.174454707",20.3,44.8
"Springer, George",543807,2018,28,617,22,19.8,10.4,".265",".434",".346","0.169",".340",".346",30.1,9.5,37.4,"100.053591643","94.091163859",24.6,44.3
"Strange-Gordon, Dee",543829,2018,30,588,4,13.6,1.5,".268",".349",".288","0.081",".277",".272",30.2,0.2,12.5,"92.172521004","90.196982686",15.6,55.1
"Vázquez, Christian",543877,2018,27,269,3,15.2,4.8,".207",".283",".257","0.076",".240",".277",32.7,2.1,29,"96.160315143","92.111534019",14.3,48.9
"Wong, Kolten",543939,2018,27,407,9,14.7,7.6,".249",".388",".332","0.139",".314",".296",26.5,3.9,30.9,"97.247852766","92.626361383",18.1,42.3
"Gregorius, Didi",544369,2018,28,569,27,12.1,8.4,".268",".494",".335","0.226",".350",".318",32.8,5.2,30.8,"97.146679227","92.592951727",19.5,51.7
"García, Leury",544725,2018,27,275,4,25.1,3.3,".271",".376",".303","0.105",".295",".282",34,2.8,31.6,"97.549968696","92.827785924",28.7,57.6
"Grichuk, Randal",545341,2018,26,462,25,26.4,5.8,".245",".502",".301","0.257",".340",".337",35.1,16.6,43.4,"102.062287632","95.290455691",31.2,50.6
"Marisnick, Jake",545350,2018,27,234,10,35.9,6.4,".211",".399",".275","0.188",".290",".269",35.1,9.4,31.3,"98.245941429","93.134723254",33.9,53.4
"Stassi, Max",545358,2018,27,250,8,29.6,9.2,".226",".394",".316","0.168",".313",".303",28.6,9.4,45.6,"101.139287838","94.95290415",33.4,43.1
"Trout, Mike",545361,2018,26,608,39,20.4,20.1,".312",".628",".460","0.316",".447",".434",41,17.7,46.2,"103.530154261","96.114603105",18.6,37.6
"Herrera, Odúbel",546318,2018,26,597,22,20.4,6.4,".255",".420",".310","0.165",".315",".285",28.8,5.5,31.9,"98.41611554","93.233040518",27.6,52.4
"Almora Jr., Albert",546991,2018,24,479,5,17.3,5,".286",".378",".323","0.092",".305",".275",30.1,1.5,27.4,"97.221554611","92.611288306",24.6,54.7
"Delmonico, Nicky",547170,2018,25,318,8,25.2,8.5,".215",".373",".296","0.158",".292",".286",34.6,6.2,34.6,"98.358367864","93.20998922",28.4,51.1
"Wolters, Tony",547172,2018,26,216,3,15.3,12,".170",".286",".292","0.116",".261",".273",24.5,3.6,21.9,"94.673720267","91.379221812",17.8,44.4
"Harper, Bryce",547180,2018,25,695,34,24.3,18.7,".249",".496",".393","0.247",".376",".391",35.1,12.4,45.4,"102.062017113","95.359408191",31.4,45.7
"Pérez, Roberto",547379,2018,29,210,2,33.3,10,".168",".263",".256","0.095",".236",".266",28,6.9,42.6,"101.610331731","95.170813077",32.4,40.3
"Martin, Leonys",547982,2018,30,353,11,21.8,8.5,".255",".425",".323","0.170",".323",".357",34.6,11.7,38.7,"100.854149569","94.516463103",25.9,51.3
"Abreu, José",547989,2018,31,553,22,19.7,6.7,".265",".473",".325","0.208",".337",".356",35.4,9.9,45.2,"102.778714091","95.630259116",24.6,49
"Díaz, Elias",553869,2018,27,277,10,14.4,7.6,".286",".452",".339","0.166",".340",".341",35.3,6.9,40.5,"100.065310741","94.157236791",21.7,46.5
"Narváez, Omar",553882,2018,26,322,9,20.2,11.8,".275",".429",".366","0.154",".348",".321",43.8,2.9,25.3,"94.991386075","91.496026449",18.3,42.6
"Machado, Dixon",553988,2018,26,233,1,17.6,6,".206",".290",".263","0.084",".244",".280",34.3,3.7,25.7,"95.803192791","91.906751337",19.3,44.9
"Suárez, Eugenio",553993,2018,26,606,34,23.4,10.6,".283",".526",".366","0.243",".376",".372",38.6,9.9,45.6,"101.179570462","94.983993462",25.7,44.7
"Polanco, Gregory",570256,2018,26,534,23,21.9,11.4,".254",".499",".340","0.245",".353",".339",33.6,10.3,37.8,"99.828552069","93.989606945",24,45.3
"Santana, Domingo",570267,2018,25,235,5,32.8,8.5,".265",".412",".328","0.147",".319",".297",36.5,10.8,39.7,"100.185571471","94.236798897",36.1,47.2
"Sánchez, Yolmer",570560,2018,26,662,8,20.8,7.4,".242",".372",".306","0.130",".297",".289",35.1,3.4,28.3,"96.258067895","92.139175077",21.5,47.9
"Schoop, Jonathan",570731,2018,26,501,21,23,3.8,".233",".416",".266","0.183",".290",".267",30.9,5.6,30.6,"97.759141768","92.925906233",28.3,56.8
"Villanueva, Christian",570799,2018,27,384,20,27.1,6,".236",".450",".299","0.214",".323",".302",33.5,11.1,31.3,"97.376164","92.696072292",29.5,54.2
"Adams, Matt",571431,2018,29,337,21,21.7,8,".239",".477",".309","0.238",".334",".330",35.6,11.5,39.9,"99.728121795","93.936512876",25.5,50.5
"Altherr, Aaron",571437,2018,27,285,8,31.9,12.6,".181",".333",".295","0.152",".282",".316",30.5,10.9,45.8,"102.305922857","95.402841111",32.8,44.8
"Arenado, Nolan",571448,2018,27,673,38,18.1,10.8,".297",".561",".374","0.264",".391",".353",35.6,7.8,40.5,"99.562138945","94.062325687",24.6,49.8
"Barnhart, Tucker",571466,2018,27,522,10,18.4,10.3,".248",".372",".328","0.124",".307",".301",35.7,3.8,30.3,"96.579929171","92.342225651",20.2,45.7
"Bour, Justin",571506,2018,30,501,20,24.8,14.6,".227",".404",".341","0.177",".324",".324",33.4,11.1,39.1,"100.900708609","94.511429468",27.1,41.4
"Davidson, Matt",571602,2018,27,496,20,33.3,10.5,".228",".419",".319","0.191",".321",".322",36,13.3,42.3,"101.595734632","94.964749154",33.7,45.2
"Gennett, Scooter",571697,2018,28,638,23,19.6,6.6,".310",".490",".357","0.180",".362",".311",37.5,6.2,32.3,"97.179696753","92.670910889",20.2,53.6
"Hamilton, Billy",571740,2018,27,556,4,23.7,8.3,".236",".327",".299","0.091",".277",".256",36.6,0.6,8.5,"89.217314033","89.436125276",23.9,48.6
"Haniger, Mitch",571745,2018,27,683,26,21.7,10.2,".285",".493",".366","0.208",".367",".366",36.5,11,43.2,"100.909986608","94.71924207",23.3,41.8
"Hernández, Enrique",571771,2018,26,462,21,16.9,10.8,".256",".470",".336","0.214",".342",".336",28.8,8.3,37,"99.34880236","93.745128193",21.2,43.2
"Holt, Brock",571788,2018,30,367,7,19.9,10.1,".277",".411",".362","0.134",".338",".327",33.2,4,30.8,"96.867346371","92.525617368",16.6,37.6
"Lamb, Jake",571875,2018,27,238,6,27.3,10.9,".222",".348",".307","0.126",".290",".310",31.5,6.6,37.9,"99.210106164","93.732348345",28.6,42.7
"Maile, Luke",571912,2018,27,231,3,29,10.8,".248",".366",".333","0.118",".310",".289",30.7,5.4,43.1,"100.412637826","94.334504599",30.8,43.1
"Muncy, Max",571970,2018,27,481,35,27.2,16.4,".263",".582",".391","0.319",".407",".397",36.8,18.4,46.4,"101.511916538","95.132783243",28.9,37.1
"Murphy, John Ryan",571974,2018,27,223,9,31.8,4.9,".202",".375",".244","0.173",".265",".257",30.7,11.8,31.4,"97.102403623","92.585177737",30.1,46.7
"Myers, Wil",571976,2018,27,343,11,27.4,8.7,".253",".446",".318","0.193",".328",".343",38.8,7.6,45.7,"102.402408073","95.41310156",24.9,46.7
"Owings, Chris",572008,2018,26,309,4,24.3,7.8,".206",".302",".272","0.096",".250",".288",33.2,6.4,33.7,"97.445494757","92.825693495",24.5,50.3
"Piscotty, Stephen",572039,2018,27,605,27,18.8,6.9,".267",".491",".331","0.224",".351",".356",34.3,10,38.7,"99.557644654","93.875006475",25.5,53.3
"Pollock, AJ",572041,2018,30,460,21,21.7,6.7,".257",".484",".316","0.227",".338",".334",31.5,10.8,40.6,"99.285731875","93.794521223",24,48.3
"Rickard, Joey",572073,2018,27,230,8,23.9,6.5,".244",".413",".300","0.169",".309",".265",35.4,4.1,20.3,"94.730839359","91.365419679",21.3,47.4
"Seager, Kyle",572122,2018,30,630,22,21.9,6,".221",".400",".273","0.179",".288",".306",37,6,39.6,"98.826304866","93.604766094",22.3,47.2
"Taylor, Michael A.",572191,2018,27,385,6,30.1,7.5,".227",".357",".287","0.130",".280",".269",27.2,7.1,34.3,"98.963316696","93.542300131",32,51.7
"Zunino, Mike",572287,2018,27,405,20,37,5.9,".201",".410",".259","0.209",".288",".297",33.3,15,44.9,"102.603199823","95.525198089",37.9,49.2
"Carpenter, Matt",572761,2018,32,676,36,23.4,15.1,".257",".523",".374","0.266",".375",".389",44.1,14.6,44.7,"100.1082214","94.5737371",24.2,37.5
"Dickerson, Corey",572816,2018,29,533,13,15,3.9,".300",".474",".330","0.174",".341",".330",37.6,6.6,32.4,"97.786101745","92.916270165",22.1,59.4
"Dozier, Brian",572821,2018,31,632,21,20.4,11.1,".215",".391",".305","0.176",".304",".289",30.5,7.3,29.4,"96.03410601","92.028184038",22.6,39.8
"Contreras, Willson",575929,2018,26,544,10,22.2,9.7,".249",".390",".339","0.141",".321",".303",28.9,8.4,33.3,"99.890442931","93.949346351",28.1,49.7
"Gyorko, Jedd",576397,2018,29,402,11,19.2,10.9,".262",".416",".346","0.154",".333",".317",35.6,8,31.7,"97.15558554","92.622144245",25.2,46.2
"Iglesias, Jose",578428,2018,28,464,5,10.1,4.1,".269",".389",".310","0.120",".304",".279",31.5,1.4,22.6,"94.921739171","91.511790831",13.3,50.1
"Travis, Devon",581527,2018,27,378,11,16.9,4.2,".232",".381",".275","0.149",".283",".311",31.4,5.6,37.8,"99.322940759","93.746954724",20.3,48.5
"Hechavarría, Adeiny",588751,2018,29,321,6,18.1,5,".247",".345",".279","0.098",".268",".275",34.8,2.6,33.6,"96.948777049","92.501886516",21.2,55.8
"Austin, Tyler",592122,2018,26,268,17,35.4,7.1,".230",".480",".287","0.250",".325",".336",37.5,16.6,44.1,"102.471598289","95.253634013",38.1,50.5
"Bryant, Kris",592178,2018,26,457,13,23.4,10.5,".272",".460",".374","0.188",".359",".347",37.9,9.6,33.5,"97.749562535","92.876073415",27.5,48.7
"Canha, Mark",592192,2018,29,411,17,21.4,8.3,".249",".449",".328","0.200",".334",".339",36.6,9.8,34.8,"98.086680786","93.086785269",21.4,44
"Castellanos, Nick",592206,2018,26,678,23,22.3,7.2,".298",".500",".354","0.202",".363",".374",45.3,11.6,40.7,"99.334787542","93.887539089",30.2,55.1
"DeShields, Delino",592261,2018,25,393,2,21.1,10.9,".216",".281",".310","0.065",".271",".259",27.7,1.3,14,"93.410873017","90.75857375",19.7,40.6
"Gamel, Ben",592325,2018,26,293,1,20.8,10.6,".272",".370",".358","0.098",".323",".311",36,3.2,33.5,"98.153259798","93.203360863",21.1,41
"Goodrum, Niko",592348,2018,26,493,16,27,8.5,".245",".431",".314","0.186",".322",".310",37.6,8.7,35.4,"98.32724359","93.216399936",29.7,49.4
"Healy, Ryon",592387,2018,26,524,24,21.6,5.2,".235",".412",".277","0.177",".296",".322",32.2,7.5,41.6,"100.362215526","94.321891316",25.4,47.5
"Jones, JaCoby",592444,2018,26,467,11,30.4,5.1,".207",".364",".266","0.157",".274",".289",35.5,6.6,35.5,"99.802915141","93.987499225",30.6,51.5
"Judge, Aaron",592450,2018,26,498,27,30.5,15.3,".278",".528",".392","0.250",".391",".390",35.7,16.6,54.1,"106.778539925","98.297511504",36.2,40.3
"Machado, Manny",592518,2018,25,709,37,14.7,9.9,".297",".538",".367","0.241",".377",".369",33.8,12.1,48.2,"102.92654779","95.846052083",22.2,48.9
"Moran, Colin",592567,2018,25,465,11,17.6,8.4,".277",".407",".340","0.130",".322",".327",38.2,5.6,35.9,"97.688196353","92.906051858",19.7,49.8
"Pederson, Joc",592626,2018,26,443,25,19.2,9,".248",".522",".321","0.274",".354",".327",29.9,9.4,40.6,"101.310748824","94.897099216",25.1,45.9
"Realmuto, J.T.",592663,2018,27,529,21,19.7,7.2,".277",".484",".340","0.207",".353",".351",39.8,9.8,41.2,"99.592811111","93.991368276",22.5,47.1
"Renfroe, Hunter",592669,2018,26,441,26,24.7,6.8,".248",".504",".302","0.256",".338",".325",28.8,13.5,43.6,"101.846200201","95.212350503",30.5,46.8
"Rosario, Eddie",592696,2018,26,592,24,17.6,5.1,".288",".479",".323","0.191",".340",".303",32.5,9.3,34.2,"97.544744865","92.844520405",23.4,58
"Simmons, Andrelton",592743,2018,28,600,11,7.3,5.8,".292",".417",".337","0.125",".326",".316",28.3,4.4,36.3,"98.349949646","93.226546693",13.7,45.6
"Yelich, Christian",592885,2018,26,651,36,20.7,10.4,".326",".598",".402","0.272",".422",".412",36.7,13.9,50.8,"103.601265936","96.465574863",22.9,44.3
"Merrifield, Whit",593160,2018,29,707,12,16.1,8.6,".304",".438",".367","0.134",".349",".343",40.9,5,31.2,"96.66095251","92.375330251",19,47.9
"Bogaerts, Xander",593428,2018,25,579,23,17.4,9.5,".289",".523",".361","0.234",".374",".363",32.9,10.4,41.8,"101.100815529","94.926741831",21.1,43.2
"Bonifacio, Jorge",593528,2018,25,270,4,26.3,10.7,".225",".360",".312","0.135",".296",".311",39.9,8.3,28.7,"96.441567349","92.300608727",29.1,46.5
"Hanson, Alen",593700,2018,25,311,8,23.2,2.9,".251",".424",".273","0.173",".295",".242",32.3,4.4,21.9,"94.158708739","91.257412398",28.9,54.7
"Polanco, Jorge",593871,2018,24,333,6,18.6,7.5,".288",".427",".345","0.139",".336",".301",37.7,4.2,28.3,"96.195539402","92.219485684",15.5,42.3
"Sanó, Miguel",593934,2018,25,299,13,38.5,10.4,".199",".398",".281","0.199",".295",".276",24.8,12.5,44.8,"102.12654726","95.285411103",36.5,45.4
"Herrera, Rosell",594011,2018,25,302,1,18.9,6.3,".234",".317",".286","0.083",".266",".283",32.6,2.4,32.6,"97.066538393","92.555696054",22.3,45.8
"Difo, Wilmer",594694,2018,26,456,7,18,8.6,".230",".350",".298","0.120",".280",".281",34.5,2.6,19,"92.936552593","90.724688951",23,47.9
"Calhoun, Kole",594777,2018,30,551,19,24.1,9.6,".208",".369",".283","0.161",".283",".333",34.3,9.8,43.1,"99.929027308","94.32071272",28.5,49.2
"Duvall, Adam",594807,2018,29,427,15,27.4,8.7,".195",".365",".274","0.170",".277",".318",31,11.2,41.6,"100.246651866","94.243091418",28.7,49.8
"Eaton, Adam",594809,2018,29,370,5,17.3,10.3,".301",".411",".394","0.110",".358",".336",33.9,3.4,30.4,"97.655269194","92.941000324",18.1,43.8
"Garcia, Greg",594824,2018,28,208,3,17.8,9.6,".221",".304",".309","0.083",".276",".288",31.3,2.9,25.2,"95.013563857","91.620706259",18.1,42
"Gattis, Evan",594828,2018,31,451,25,22.4,7.3,".226",".452",".284","0.226",".311",".298",31.2,8.4,34.4,"98.309172484","93.188534682",23.1,46.5
"Palka, Daniel",594953,2018,26,449,27,34.1,6.7,".240",".484",".294","0.244",".329",".312",28,15.8,49,"105.414593939","97.090133498",36.3,48.9
"Schebler, Scott",594988,2018,27,430,17,23,9.1,".255",".439",".337","0.184",".337",".348",32.9,11.4,42.8,"101.094406972","94.794102049",31.1,54.8
"Kiermaier, Kevin",595281,2018,28,367,7,24.8,6.8,".217",".370",".282","0.153",".282",".269",26.1,4.9,29,"97.567189076","92.820724304",30.5,50.3
"Knapp, Andrew",595284,2018,26,215,4,34.9,11.2,".198",".316",".294","0.118",".273",".289",39.5,9.1,39.5,"98.601325179","93.405077054",34.9,47.3
"Riddle, JT",595375,2018,26,332,9,20.2,6,".231",".377",".277","0.146",".282",".291",34.3,5.6,29,"96.525324876","92.296883347",21.6,51
"Alfaro, Jorge",595751,2018,25,377,10,36.6,4.8,".262",".407",".324","0.145",".314",".299",35.3,11.2,44.2,"103.853401748","96.130442573",42.3,61.1
"Profar, Jurickson",595777,2018,25,594,20,14.8,9.1,".254",".458",".335","0.204",".341",".323",33.6,5.4,31.8,"97.443892545","92.779007182",18.7,48.6
"Báez, Javier",595879,2018,25,645,34,25.9,4.5,".290",".554",".326","0.264",".366",".340",33.1,14.6,43.3,"101.960975256","95.233508395",33.9,57.9
"Bird, Greg",595885,2018,25,311,11,25.1,9.6,".199",".386",".286","0.187",".291",".298",33.8,11.7,33.3,"97.911798454","92.964145464",25.6,45.6
"Cave, Jake",595909,2018,25,309,13,33,5.8,".265",".473",".313","0.208",".332",".340",41.4,15.1,38.2,"100.002213696","94.21067612",30.6,49.4
"Hedges, Austin",595978,2018,25,326,14,27.6,6.4,".231",".429",".282","0.198",".301",".260",30.8,7,29.9,"97.338832056","92.693379671",27.9,49.1
"Lindor, Francisco",596019,2018,24,745,38,14.4,9.4,".277",".519",".352","0.242",".368",".378",34.3,10.5,41,"100.765468945","94.6836536",17.6,47.1
"Odor, Rougned",596059,2018,24,535,18,23.7,8,".253",".424",".326","0.171",".325",".318",30.5,8,38.7,"100.916553114","94.677154835",23.1,48.5
"Slater, Austin",596103,2018,25,225,1,30.7,8.9,".251",".307",".333","0.056",".287",".264",25.2,2.5,35.1,"98.204462923","93.102563538",28.6,47
"Story, Trevor",596115,2018,25,656,37,25.6,7.2,".291",".567",".348","0.276",".384",".358",38.2,13.7,46.2,"102.395632222","95.482000348",24.9,50.3
"Swihart, Blake",596119,2018,26,207,3,27.5,7.2,".229",".328",".285","0.099",".271",".266",34.1,5.5,26.7,"96.252285","92.173034667",26.8,47.2
"Sánchez, Gary",596142,2018,25,374,18,25.1,12.3,".186",".406",".291","0.220",".304",".342",29.4,15.2,41.6,"102.628491379","95.463731732",29.2,43.9
"Kepler, Max",596146,2018,25,611,20,15.7,11.6,".224",".408",".319","0.184",".316",".323",30.1,7.3,38.2,"99.909473889","94.078713565",17.8,42.7
"Franco, Maikel",596748,2018,25,465,22,13.3,6.2,".270",".467",".314","0.197",".328",".303",29.4,7.2,34.1,"99.247430269","93.624036613",21.2,51.8
"Choi, Ji Man",596847,2018,27,221,10,24.9,11.8,".263",".505",".357","0.242",".367",".349",35.8,12.5,43.1,"101.0098975","94.767605147",29.8,41
"Bradley Jr., Jackie",598265,2018,28,535,13,25.6,8.6,".234",".403",".314","0.169",".310",".343",35.2,11,50.1,"101.981686","95.654560855",30.7,47.3
"Severino, Pedro",600474,2018,24,213,2,22.1,8.5,".168",".247",".254","0.079",".221",".248",31.3,2.3,19.4,"94.804501571","91.549901143",21.5,49.5
"Núñez, Renato",600524,2018,24,261,8,23.8,7.3,".258",".419",".322","0.161",".322",".287",28.4,9.7,36.4,"99.98553875","94.061402286",31.4,50
"Candelario, Jeimer",600869,2018,24,619,19,25.8,10.7,".224",".393",".317","0.169",".311",".292",32,6.6,33.6,"98.291855781","93.146780938",25.6,42.6
"Ahmed, Nick",605113,2018,28,564,16,19.3,7.1,".234",".411",".290","0.177",".300",".292",36.3,5.4,30,"96.624658634","92.358719756",25.3,50.4
"Anderson, Brian",605119,2018,25,670,11,19.3,9.3,".273",".400",".357","0.127",".333",".334",29.2,6.2,42.4,"100.726437706","94.570017532",24.3,46.3
"Barnes, Austin",605131,2018,28,238,4,28.2,13,".205",".290",".329","0.085",".281",".264",26.1,4.3,31.5,"97.979860794","93.016615159",19,35.6
"Bell, Josh",605137,2018,25,583,12,17.8,13.2,".261",".411",".357","0.150",".336",".336",29.6,7.7,39.3,"100.957818392","94.683419372",24.4,43
"Betts, Mookie",605141,2018,25,614,32,14.8,13.2,".346",".640",".438","0.294",".449",".431",39.4,14.9,50.6,"101.383521852","95.486972454",15.5,35.6
"Caratini, Victor",605170,2018,24,200,2,21,6,".232",".304",".293","0.072",".268",".284",29.6,3.9,37.3,"99.764330286","93.895374286",21.9,45.3
"Panik, Joe",605412,2018,27,392,4,7.7,6.6,".254",".332",".307","0.078",".280",".316",32.4,2.9,29.7,"96.132160723","92.079106586",10.8,42.5
"Smith, Mallex",605480,2018,25,544,2,18,8.6,".296",".406",".367","0.110",".339",".302",32.2,1.7,23,"94.839756471","91.431387433",25.6,49.6
"Spangenberg, Cory",605486,2018,27,329,7,32.8,7.6,".235",".362",".298","0.127",".290",".287",34.5,6.4,38.3,"98.884853696","93.566275054",32.2,48.5
"Arcia, Orlando",606115,2018,23,366,3,23.8,4.1,".236",".307",".268","0.071",".253",".235",24.3,2.4,28.6,"96.869275659","92.435271744",28.8,53
"Hernández, Teoscar",606192,2018,25,523,22,31.2,7.8,".239",".468",".302","0.229",".328",".342",35.1,16.6,46.2,"102.514606266","95.623418576",38.5,49.5
"Peraza, José",606299,2018,24,683,14,11,4.2,".288",".416",".326","0.128",".319",".304",38.2,2.7,23.6,"95.18880011","91.637686636",13.8,49.9
"Marte, Ketel",606466,2018,24,580,14,13.6,9.3,".260",".437",".332","0.177",".330",".320",28.8,5.4,36.9,"99.695361455","93.90705754",16.2,45.9
"Nimmo, Brandon",607043,2018,25,535,17,26.2,15,".263",".483",".404","0.220",".385",".349",33.4,7,42.1,"100.251318483","94.380795517",26.5,39.4
"Peterson, Jace",607054,2018,28,246,3,23.6,12.6,".200",".324",".310","0.124",".286",".289",31.8,3.5,32.5,"97.173051184","92.616899934",24,40.5
"Turner, Trea",607208,2018,25,740,19,17.8,9.3,".271",".416",".344","0.145",".331",".335",29,6.4,38.6,"99.818035769","94.018835173",20.2,44
"Pillar, Kevin",607680,2018,29,542,15,18.1,3.3,".252",".426",".282","0.174",".302",".321",39.3,6.2,36.7,"98.807658182","93.42694189",22.4,54
"Ramírez, José",608070,2018,25,698,39,11.5,15.2,".270",".552",".387","0.282",".391",".365",34.3,9.4,35.1,"98.357231341","93.291449939",13.6,38.6
"Bregman, Alex",608324,2018,24,705,31,12.1,13.6,".286",".532",".394","0.246",".396",".369",37.9,8.3,39.9,"98.834674016","93.548064961",12.9,37.1
"Gallo, Joey",608336,2018,24,577,40,35.9,12.8,".206",".498",".312","0.292",".343",".369",37.5,24.7,49.5,"105.865542192","97.404336976",40.8,48.6
"Russell, Addison",608365,2018,24,465,5,21.3,8.6,".250",".340",".317","0.090",".290",".284",36.4,2.4,26.5,"96.211140311","92.118712741",26.9,47.8
"Williams, Nick",608384,2018,24,448,17,24.8,7.1,".256",".425",".324","0.169",".324",".346",37.2,7.4,38,"99.647369864","93.852604252",27,49.3
"Winker, Jesse",608385,2018,24,334,7,13.8,14.7,".299",".431",".405","0.132",".366",".366",33.3,6.8,42.2,"100.309870171","94.459509914",15.3,41
"Mazara, Nomar",608577,2018,23,536,20,21.6,7.5,".258",".436",".317","0.178",".324",".332",28.2,9.2,43.4,"101.765366011","95.130262527",25.4,46.1
"Guzmán, Ronald",608597,2018,23,428,16,28.3,7.7,".235",".416",".306","0.181",".312",".289",33.3,6.8,33.1,"98.408830902","93.216383308",30,50.7
"Field, Johnny",608654,2018,26,233,9,30.9,3,".222",".403",".254","0.181",".281",".237",36.4,6.1,30.5,"96.732401081","92.39723517",32.1,48.6
"Jankowski, Travis",608671,2018,27,387,4,18.9,9.6,".259",".346",".332","0.087",".303",".276",27.2,0.8,19.3,"94.429365433","91.216343937",17.3,40.9
"Plawecki, Kevin",608700,2018,27,277,7,23.5,10.1,".210",".370",".315","0.160",".302",".305",28,4.8,35.6,"98.641898736","93.38729104",23.5,44.9
"Mondesi, Adalberto",609275,2018,22,291,14,26.5,3.8,".276",".498",".306","0.222",".341",".330",31.7,11.8,36.6,"100.213978211","94.411350476",34,56.7
"Andujar, Miguel",609280,2018,23,606,27,16,4.1,".297",".527",".328","0.230",".361",".317",34.6,6.9,36.5,"99.385829292","93.793774438",19.7,53.1
"Reyes, Franmil",614177,2018,22,285,16,28.1,8.4,".280",".498",".340","0.218",".360",".329",28.7,11.9,47.5,"103.391082747","96.264753812",31.6,46.4
"Robertson, Daniel",621002,2018,24,340,9,22.6,12.6,".262",".415",".382","0.153",".354",".328",31.9,5.7,34.8,"98.121731154","93.086724541",26.2,39.3
"Swanson, Dansby",621020,2018,24,533,14,22.9,8.3,".238",".395",".304","0.157",".293",".282",32.1,4.5,34,"98.225714101","93.153072781",25.4,50.1
"Taylor, Chris",621035,2018,27,604,17,29.5,9.1,".254",".444",".331","0.190",".335",".323",39.5,9.1,38.5,"99.231367955","93.702039687",31.5,47.6
"Correa, Carlos",621043,2018,23,468,15,23.7,11.3,".239",".405",".323","0.166",".313",".302",33.1,7.6,33.4,"99.263469338","93.666826589",24.1,42.2
"Dahl, David",621311,2018,24,271,16,25.1,7,".273",".534",".325","0.261",".357",".321",35,10.1,38.8,"98.779725326","93.584323005",30.4,55.6
"Brinson, Lewis",621446,2018,24,405,11,29.6,4.2,".199",".338",".240","0.139",".248",".290",27.3,9.1,39.2,"100.521459542","94.449277854",34.3,53.3
"Wendle, Joey",621563,2018,28,545,7,17.6,6.8,".300",".435",".354","0.135",".338",".304",31.8,3,35.7,"97.93373985","93.0904531",20.6,46.7
"Olson, Matt",621566,2018,24,660,29,24.7,10.6,".247",".453",".335","0.206",".340",".358",35.1,13.4,52.2,"103.477196555","96.467492926",27.5,44.4
"Duffy, Matt",622110,2018,27,560,4,16.6,8.4,".294",".366",".361","0.072",".323",".310",33.7,1.3,28.1,"96.121480485","92.150025572",17.3,46.5
"Muñoz, Yairo",622168,2018,23,329,8,21.6,9.1,".276",".413",".350","0.137",".326",".297",31.3,4.3,30.4,"97.843551696","92.943846592",27.4,53
"Margot, Manuel",622534,2018,23,519,8,17,6.2,".245",".384",".292","0.139",".288",".295",34,3.6,37,"99.341797113","93.825767442",21,46.6
"Camargo, Johan",622666,2018,24,524,19,20.6,9.7,".272",".457",".349","0.185",".346",".306",31.2,5.4,33.7,"97.769704389","92.943354123",26.6,49.5
"Reyes, Victor",622682,2018,23,219,1,21,2.3,".222",".288",".239","0.066",".229",".261",31.5,3.2,26.2,"95.824616049","91.940940186",22.2,59
"Bote, David",623520,2018,25,210,6,28.6,9,".239",".408",".319","0.169",".314",".346",27.6,13.1,53.2,"104.090204921","96.602876587",33.3,46.8
"Conforto, Michael",624424,2018,25,638,28,24.9,13.2,".243",".448",".350","0.205",".342",".341",36.6,10.2,37.8,"99.317855233","93.722309275",27.7,43.2
"Frazier, Adam",624428,2018,26,352,10,15.1,8.2,".277",".456",".342","0.179",".343",".319",34.5,4.4,31.5,"96.786054511","92.524745094",14,45
"Puig, Yasiel",624577,2018,27,444,23,19.6,8.1,".267",".494",".327","0.227",".349",".354",33.8,11.7,41,"102.480523481","95.313689367",24.4,47.9
"Soler, Jorge",624585,2018,26,257,9,26.8,10.9,".265",".466",".354","0.201",".354",".349",31.4,11.1,41.3,"102.262332051","95.219747548",36.3,43.8
"Heredia, Guillermo",628338,2018,27,337,5,15.4,9.5,".236",".342",".318","0.106",".295",".307",31.3,3.3,26.9,"96.219322542","92.111362331",16.8,42.7
"Ervin, Phillip",640447,2018,25,247,7,24.3,8.1,".252",".404",".324","0.152",".315",".305",37.7,4.6,34.6,"97.227433875","92.654413711",27.3,47
"Pinder, Chad",640461,2018,26,333,13,26.4,8.1,".258",".436",".332","0.178",".333",".366",37.3,15.3,42.9,"101.476105288","94.991714471",28.4,54.3
"Anderson, Tim",641313,2018,25,606,20,24.6,5,".240",".406",".281","0.166",".294",".272",33.3,5,27.9,"96.290161381","92.154393786",27.7,54.1
"Asuaje, Carlos",641319,2018,26,218,2,21.1,11,".196",".280",".286","0.084",".255",".287",34.7,4.6,25.9,"95.090222535","91.61430383",20.5,46.4
"Bauers, Jake",641343,2018,22,388,11,26.8,13.9,".201",".384",".316","0.183",".308",".303",33.9,7.6,31.3,"98.055847679","93.097087937",28.4,40.5
"Bellinger, Cody",641355,2018,22,632,25,23.9,10.9,".260",".470",".343","0.210",".345",".325",32,9.9,38.9,"100.286797015","94.235645224",29.7,45.1
"Dozier, Hunter",641531,2018,26,388,11,28.1,6.2,".229",".395",".278","0.166",".291",".304",33.1,11.4,40.2,"100.717126142","94.469964229",28.4,50.1
"Engel, Adam",641553,2018,26,463,6,27.9,3.9,".235",".336",".279","0.101",".270",".247",27.6,3.1,32.5,"98.433995986","93.220098163",30.8,54.3
"Fowler, Dustin",641583,2018,23,203,6,23.2,3.9,".224",".354",".256","0.130",".263",".305",35.4,4.4,40.4,"99.624936438","93.882686027",23.1,50.9
"Garver, Mitch",641598,2018,27,335,7,21.5,8.7,".268",".414",".335","0.146",".325",".309",31.5,6.3,38.8,"99.767535603","94.075285974",23.2,38.7
"Mancini, Trey",641820,2018,26,636,24,24.1,6.9,".242",".416",".299","0.174",".308",".328",27.6,12.7,42.9,"101.237612949","94.749301728",27.7,49.5
"McMahon, Ryan",641857,2018,23,202,5,31.7,8.9,".232",".376",".307","0.144",".296",".273",34.7,5.5,44.1,"99.884949153","94.099583761",33.7,51.8
"Rosario, Amed",642708,2018,22,592,9,20.1,4.9,".256",".381",".295","0.125",".290",".290",32.4,4.2,32.3,"97.6158547","92.837680624",26,54.3
"Adames, Willy",642715,2018,22,323,10,29.4,9.6,".278",".406",".348","0.128",".328",".285",32.1,7.2,29.6,"97.769385155","92.891601289",27.8,46.8
"Benintendi, Andrew",643217,2018,23,661,16,16,10.7,".290",".465",".366","0.175",".357",".350",37.3,7.1,33.7,"98.01397825","93.080004927",19.2,46
"Kemp, Tony",643393,2018,26,294,6,15,10.9,".263",".392",".351","0.129",".327",".283",34.4,0.5,17.7,"93.133979223","90.578608301",18.1,43.4
"Kiner-Falefa, Isiah",643396,2018,23,396,4,15.7,7.1,".261",".357",".325","0.096",".301",".288",28.7,0.7,23.7,"94.541768503","91.342443276",14.8,41.1
"McNeil, Jeff",643446,2018,26,248,3,9.7,5.6,".329",".471",".381","0.142",".368",".330",32.2,2.7,28.9,"96.584545758","92.353139394",16.5,56.4
"White, Tyler",643603,2018,27,237,12,20.7,10.1,".276",".533",".354","0.257",".377",".321",31.5,10.2,36.4,"98.876569259","93.512934074",17.8,41.3
"Albies, Ozzie",645277,2018,21,684,24,17,5.3,".261",".452",".305","0.191",".324",".301",34,5.2,29.4,"96.721019502","92.378085701",22.1,56.8
"Devers, Rafael",646240,2018,21,490,21,24.7,7.8,".240",".433",".298","0.193",".310",".303",30.2,10.1,42,"102.272122182","95.361112401",27.5,52.1
"Díaz, Aledmys",649557,2018,27,452,18,13.7,5.1,".263",".453",".303","0.190",".321",".331",32.7,8,39.6,"99.693482088","93.967103187",22.6,57.6
"Torres, Gleyber",650402,2018,21,484,24,25.2,8.7,".271",".480",".340","0.209",".349",".337",38.7,9.8,36.8,"98.781966752","93.47915207",31.4,48.4
"Allen, Greg",656185,2018,25,291,2,19.9,4.8,".257",".343",".310","0.086",".288",".293",35.4,1.5,30.2,"95.928959505","91.974755297",19.9,46.9
"Chapman, Matt",656305,2018,25,616,24,23.7,9.4,".278",".508",".356","0.230",".369",".339",30.5,10.1,47.8,"103.455659303","96.18152783",23.7,41.5
"Hoskins, Rhys",656555,2018,25,660,34,22.7,13.2,".246",".496",".354","0.250",".363",".347",35.8,12.7,39.2,"99.687281602","93.966953625",21.9,39.2
"Schwarber, Kyle",656941,2018,25,510,26,27.5,15.3,".238",".467",".356","0.229",".343",".347",34,13.9,45,"102.880206783","95.766867343",30.3,41.7
"DeJong, Paul",657557,2018,24,490,19,25.1,7.3,".241",".433",".313","0.192",".321",".326",37.7,10.1,40.3,"99.478718239","93.852386981",25.4,45.9
"Moncada, Yoán",660162,2018,23,650,17,33.4,10.3,".235",".400",".315","0.165",".311",".297",36.4,10.5,44.2,"100.753027017","94.65083072",31.1,41.2
"Ohtani, Shohei",660271,2018,23,366,22,27.9,10.1,".285",".564",".361","0.279",".390",".381",35.6,16.7,51.1,"104.31506375","96.662880179",30.8,46
"Acuña Jr., Ronald",660670,2018,20,487,26,25.3,9.2,".293",".552",".366","0.259",".388",".375",34.2,14.2,46.6,"102.861445192","95.773768365",26.9,46.2
"Happ, Ian",664023,2018,23,462,15,36.1,15.2,".233",".408",".353","0.175",".329",".322",39.2,14,40.5,"100.706722342","94.436559685",37.8,43.3
"Bader, Harrison",664056,2018,24,427,12,29.3,7.3,".264",".422",".334","0.158",".326",".285",34.6,7.9,30.8,"98.031135433","93.015780709",28.1,45.3
"Fletcher, David",664058,2018,24,307,1,11.1,4.9,".275",".363",".316","0.088",".297",".299",35.7,0.4,20.4,"93.87989304","90.9740738",10.1,40.4
"Kingery, Scott",664068,2018,24,484,8,26,5,".226",".338",".267","0.112",".263",".271",38.7,6,31.7,"97.230202346","92.629427492",29,51.4
"Soto, Juan",665742,2018,19,494,22,20,16,".292",".517",".406","0.225",".392",".372",30.1,10.9,42.2,"101.243943896","94.872985682",22.3,39
"Gurriel Jr., Lourdes",666971,2018,24,263,11,22.4,3.4,".281",".446",".309","0.165",".322",".321",35.2,8.4,45.6,"100.351138","94.669922737",25,53.1
"Pujols, Albert",405395,2019,39,545,23,12.5,7.9,".244",".430",".305","0.186",".308",".321",26.5,6.5,36.6,"98.702028255","93.397586981",18.2,44.5
"Cabrera, Miguel",408234,2019,36,549,12,19.7,8.7,".282",".398",".346","0.116",".318",".332",38.5,6.9,44.4,"100.398112564","94.438305641",24.4,49.6
"Mathis, Jeff",425772,2019,36,244,2,35.7,6.1,".158",".224",".209","0.066",".190",".192",29.6,1.7,26.4,"95.748303043","91.877173188",36.7,52.1
"Choo, Shin-Soo",425783,2019,36,660,24,25,11.8,".265",".455",".371","0.190",".353",".364",31.8,9.2,49,"102.002794264","95.652745761",29.3,42.4
"Molina, Yadier",425877,2019,36,452,10,12.8,5.1,".270",".399",".312","0.129",".303",".322",40.7,4.1,35,"96.859216201","92.459737059",18.9,55.8
"Canó, Robinson",429664,2019,36,422,13,16.1,5.9,".257",".429",".308","0.172",".309",".331",33.6,7.8,46.3,"101.525934815","95.073836935",19.6,53.4
"Encarnación, Edwin",429665,2019,36,486,34,21.2,11.9,".244",".531",".344","0.287",".362",".365",34.6,14.3,42.4,"101.17625057","94.725991171",25.9,43.5
"Jones, Adam",430945,2019,33,528,16,19.1,5.9,".260",".414",".313","0.154",".308",".319",31.3,7.3,31,"97.264484508","92.647410494",26.7,54.5
"Martin, Russell",431145,2019,36,249,6,24.1,12,".220",".330",".337","0.110",".295",".305",25.8,6,34,"98.385595","93.247893265",27,40.3
"Granderson, Curtis",434158,2019,38,363,12,27,11.3,".183",".356",".281","0.173",".275",".307",38.5,7.7,34.8,"97.697461927","93.012019679",24.8,39.8
"Morales, Kendrys",434778,2019,36,201,2,12.9,12.9,".194",".253",".313","0.059",".264",".365",29,7.5,44.8,"101.059318356","94.744231931",17.9,39.5
"Kendrick, Howie",435062,2019,35,370,17,13.2,7.3,".344",".572",".395","0.228",".400",".418",36.9,11.8,48.3,"102.231581655","95.726170346",17,47.5
"Kinsler, Ian",435079,2019,37,281,9,19.2,6.8,".217",".368",".278","0.151",".277",".254",33.7,1.6,23.4,"94.48613099","91.246012376",19,47.6
"McCann, Brian",435263,2019,35,316,12,16.8,9.8,".249",".412",".323","0.163",".311",".313",32.2,6,35.2,"98.12994","93.223699563",19,44
"Walker, Neil",435522,2019,33,381,8,20.2,11,".261",".395",".344","0.134",".319",".339",40.6,7,31,"96.257698626","92.144668659",26.6,46.5
"Suzuki, Kurt",435559,2019,35,309,17,11.7,6.5,".264",".486",".324","0.222",".337",".338",39.7,7.1,32.4,"97.198997419","92.618344818",18.7,51.9
"Desmond, Ian",435622,2019,33,482,20,24.7,7.1,".255",".479",".310","0.224",".328",".339",32.4,11.1,42.5,"102.261864356","95.3313524",26.6,46
"Cruz, Nelson",443558,2019,38,520,41,25,10.8,".311",".640",".393","0.329",".418",".416",38.3,21.5,51.5,"105.351946319","97.322233957",32.5,46.2
"Peralta, David",444482,2019,31,423,12,20.6,8.3,".275",".461",".343","0.186",".338",".304",29.1,5.9,40.9,"100.762306892","94.542203682",24.4,50.4
"Prado, Martín",445988,2019,35,260,2,15.8,4.6,".233",".294",".265","0.061",".243",".273",31.9,0.5,28.5,"96.085245962","92.064252512",13.9,43.6
"Longoria, Evan",446334,2019,33,508,20,22,8.5,".254",".437",".325","0.183",".322",".351",35.8,7.8,40.8,"99.366085607","93.904958902",25.7,46.8
"Davis, Chris",448801,2019,33,352,12,39.5,11.1,".179",".326",".276","0.147",".263",".292",39.8,10.8,39.2,"98.670081163","93.560342924",38,40.4
"Fowler, Dexter",451594,2019,33,574,19,24.7,12.9,".238",".409",".346","0.171",".326",".340",40.6,7.9,28.7,"96.524358779","92.292498076",27.1,42.9
"Flowers, Tyler",452095,2019,33,310,11,33.9,10,".229",".413",".319","0.184",".310",".289",31.5,12.1,41.1,"100.657357857","94.469272262",36.7,47
"Pence, Hunter",452254,2019,36,316,18,21.8,8.2,".297",".552",".358","0.255",".377",".365",36.1,10,42.6,"102.338578519","95.514528519",31.5,51.3
"Cabrera, Asdrúbal",452678,2019,33,514,18,20,11.1,".260",".441",".342","0.181",".331",".317",37.3,6.1,35.3,"97.630785829","92.935685272",20.6,45.5
"Blackmon, Charlie",453568,2019,32,634,32,16.4,6.3,".314",".576",".364","0.262",".387",".367",36.8,8.8,40.3,"99.698822","94.031157328",19.7,49.9
"Frazier, Todd",453943,2019,33,499,21,21.2,8,".251",".443",".329","0.192",".328",".313",34.6,8,38.3,"99.05753071","93.661440237",25.6,42.9
"Maldonado, Martín",455117,2019,32,374,12,23,8.6,".213",".378",".293","0.165",".288",".297",26.4,8.5,35.1,"98.430155122","93.25868249",24.6,45.6
"Chirinos, Robinson",455139,2019,35,437,17,28.6,11.7,".238",".443",".347","0.205",".336",".315",35.5,8.5,37,"98.433841429","93.240079244",33.7,47.1
"Markakis, Nick",455976,2019,35,469,9,12.6,10,".285",".420",".356","0.135",".332",".350",34.1,3.2,44.3,"100.257436961","94.567590416",13.3,41.8
"Castillo, Welington",456078,2019,32,251,12,29.5,6.4,".209",".417",".267","0.208",".287",".300",30.4,12.9,42.4,"100.540735316","94.385144873",28.7,43.6
"Cain, Lorenzo",456715,2019,33,623,11,17,8,".260",".372",".325","0.112",".302",".335",31.1,4.4,42.1,"100.238276903","94.349469379",19.2,44.7
"Solano, Donovan",456781,2019,31,228,4,21.5,4.4,".330",".456",".360","0.126",".346",".343",46.4,4.5,43.1,"98.720259167","93.451964192",19,50.8
"McCutchen, Andrew",457705,2019,32,262,10,21,16.4,".256",".457",".378","0.201",".358",".354",32.9,8.1,40.9,"100.045469024","94.285084695",25.7,35.5
"Upton, Justin",457708,2019,31,256,12,30.5,12.5,".215",".416",".309","0.201",".307",".317",35.6,13,37,"99.487771233","93.743885616",32.6,43.2
"Maybin, Cameron",457727,2019,32,269,11,26.8,11.2,".285",".494",".364","0.209",".362",".339",35.9,10.9,39.5,"99.597751446","93.959264182",28.3,41.9
"Turner, Justin",457759,2019,34,549,27,16,9.3,".290",".509",".372","0.219",".370",".377",38.6,8.5,43,"99.316567333","94.054303103",17.2,45.5
"Posey, Buster",457763,2019,32,445,7,16,7.6,".257",".368",".320","0.111",".298",".310",32.4,5,36.3,"98.089996786","93.215351791",18.5,47.1
"Bruce, Jay",457803,2019,32,332,26,24.4,5.7,".217",".524",".262","0.307",".319",".347",33.8,15.3,43.7,"101.125155856","94.795881176",30.7,56.3
"Votto, Joey",458015,2019,35,608,15,20.2,12.5,".261",".411",".357","0.150",".332",".350",40.7,7.4,38.2,"98.39220904","93.284395747",19.6,41.5
"Gardner, Brett",458731,2019,35,550,28,19.6,9.5,".251",".503",".325","0.252",".344",".299",29.5,4.7,32.7,"97.488521211","92.787581583",19.9,38.7
"Joyce, Matt",459964,2019,34,238,7,18.9,16,".295",".450",".408","0.155",".372",".360",38.1,6.7,33.5,"97.49674013","92.879986948",25.5,42.8
"Braun, Ryan",460075,2019,35,508,22,20.7,6.7,".285",".505",".343","0.220",".354",".339",33.3,10.5,45.3,"102.052932898","95.456152393",24.9,51.6
"Gordon, Alex",460086,2019,35,633,13,15.8,8.1,".266",".396",".345","0.130",".319",".330",33.7,5.7,38.4,"98.714198996","93.515087773",21.8,48.1
"Andrus, Elvis",462101,2019,30,648,12,14.8,5.2,".275",".393",".313","0.118",".300",".311",32.5,3.8,34.8,"98.037067647","93.090040864",19.6,46.4
"Cabrera, Melky",466320,2019,34,397,7,10.3,4.3,".280",".399",".313","0.119",".301",".300",32.8,2.3,33,"98.235874132","93.127403623",15.6,52.2
"Sandoval, Pablo",467055,2019,32,296,14,22.6,6.1,".268",".507",".313","0.239",".336",".335",37.1,12.6,44.7,"102.585228252","95.645906942",26.5,54.7
"Ramos, Wilson",467092,2019,31,524,14,13.2,8.4,".288",".416",".351","0.128",".327",".314",25.8,4.9,42.5,"100.551024657","94.552424005",20.5,53.9
"Santana, Carlos",467793,2019,33,686,34,15.7,15.7,".281",".515",".397","0.234",".380",".367",29.1,10.3,44.9,"101.70770382","95.190037742",20.4,39.5
"Parra, Gerardo",467827,2019,32,301,9,19.6,6.3,".234",".391",".293","0.157",".288",".296",35.8,4.9,21.6,"95.14028514","91.596039296",22.7,50
"Mercer, Jordy",474568,2019,32,271,9,21,4.8,".270",".438",".310","0.168",".314",".315",37.2,7.2,36.2,"98.1160568","93.092855879",21,41.4
"Belt, Brandon",474832,2019,31,616,17,20.6,13.5,".234",".403",".339","0.169",".319",".346",41.4,9.2,35.7,"97.86413404","92.972052601",22.8,46.3
"Alonso, Yonder",475174,2019,32,335,10,20.9,11.6,".199",".346",".296","0.147",".277",".304",32.6,5.7,39.3,"99.496347857","93.805879821",24.9,47.2
"Smoak, Justin",475253,2019,32,500,22,21.2,15.8,".208",".406",".342","0.198",".323",".368",37.5,12.1,39.8,"99.901978766","94.097331558",23.9,39.7
"Avila, Alex",488671,2019,32,201,9,33.8,17.9,".207",".421",".353","0.214",".323",".360",42.7,19.4,49,"99.813964167","94.602651146",37.4,35.2
"Brantley, Michael",488726,2019,32,637,22,10.4,8,".311",".503",".372","0.192",".367",".358",36.3,5.9,37.3,"98.944887791","93.592931345",10.7,43.8
"Castro, Jason",488771,2019,32,275,13,32,12,".232",".435",".332","0.203",".328",".363",41.7,18.3,47,"102.293181067","95.491659467",37.1,45.2
"Gurriel, Yuli",493329,2019,35,612,31,10.6,6,".298",".541",".343","0.243",".364",".322",33.5,4,38.1,"99.115304494","93.675495972",14.8,49.7
"Beckham, Gordon",493596,2019,32,240,6,28.3,5.4,".215",".372",".271","0.157",".274",".278",36.8,9.6,36.8,"97.900013077","92.982090516",27.7,50.5
"Rodríguez, Ronny",500135,2019,27,294,14,27.9,4.4,".221",".438",".252","0.217",".283",".289",29.6,8.6,40.4,"99.725441875","93.96272089",35.9,55.7
"Rojas, Miguel",500743,2019,30,526,5,11.8,6.1,".284",".379",".331","0.095",".305",".299",31.9,2.7,28.8,"96.91060967","92.477684269",16.5,47.1
"Escobar, Eduardo",500871,2019,30,699,35,18.6,7.2,".269",".511",".320","0.242",".341",".326",38.6,7.5,31.4,"96.833323953","92.47242407",24.8,52.6
"Martínez, José A.",500874,2019,30,373,10,22,9.4,".269",".410",".340","0.141",".323",".348",36.6,7.5,39.3,"100.266536429","94.245312311",23,43.3
"Adrianza, Ehire",501303,2019,29,236,5,16.9,8.5,".272",".416",".349","0.144",".326",".325",36.9,3.8,28,"96.524154146","92.27921122",18.2,48.7
"Lagares, Juan",501571,2019,30,286,5,26.6,7.7,".212",".324",".278","0.112",".257",".253",33.3,3.7,34.4,"98.32039382","93.227372599",24.7,49.7
"Davis, Khris",501981,2019,31,533,23,27.4,8.8,".220",".387",".293","0.167",".289",".317",31.5,10.6,40.4,"100.123268606","94.332532128",34.9,51.8
"Pham, Tommy",502054,2019,31,654,21,18.8,12.4,".273",".450",".369","0.177",".349",".354",29.7,8.5,45,"101.772675315","95.171833612",20.2,38.4
"Martinez, J.D.",502110,2019,31,657,36,21,11,".304",".557",".383","0.253",".386",".400",41.9,12.5,48.3,"102.267810181","95.582029229",26.7,49.5
"Reddick, Josh",502210,2019,32,550,14,12,6.5,".275",".409",".319","0.134",".308",".317",36,3.8,29.4,"96.674681023","92.339940093",14.8,51.3
"Freeman, Mike",502273,2019,31,213,4,28.6,10.3,".277",".390",".362","0.113",".327",".277",35.7,2.6,27.8,"96.204765172","92.107119483",25.1,44.3
"Dyson, Jarrod",502481,2019,34,452,7,19,10.4,".230",".320",".313","0.090",".281",".273",29.3,1.7,21.8,"94.212458882","91.256488845",21.4,43.2
"Murphy, Daniel",502517,2019,34,478,13,15.5,6.7,".279",".452",".328","0.173",".328",".290",36.7,2.6,28.3,"95.939515543","91.973685299",15,48.3
"Goldschmidt, Paul",502671,2019,31,682,34,24.3,11.4,".260",".476",".346","0.216",".346",".361",36.4,12.3,42.4,"101.099060419","94.813832214",26.3,46.5
"Gonzalez, Marwin",503556,2019,30,463,15,21.2,6.7,".264",".414",".322","0.150",".313",".323",35.1,7,44,"100.17183773","94.492499015",23.9,50
"Altuve, Jose",514888,2019,29,548,31,15,7.5,".298",".550",".353","0.252",".374",".343",28.2,9.2,34.5,"98.232746332","93.15652902",20.7,47.6
"Hernández, César",514917,2019,29,667,14,15,6.7,".279",".408",".333","0.129",".315",".302",32,3,28.3,"96.063685391","92.063206289",17.2,46
"Segura, Jean",516416,2019,29,618,12,11.8,4.9,".280",".420",".323","0.140",".315",".310",31,3.6,32.7,"98.140826245","93.158728356",14.6,47.5
"Castro, Starlin",516770,2019,29,676,22,16.4,4.1,".270",".436",".300","0.166",".307",".314",29.6,6.5,37.7,"99.25870618","93.71512167",19.1,49.2
"Marte, Starling",516782,2019,30,586,23,16,4.3,".295",".503",".342","0.208",".353",".357",31.3,8.8,38.6,"100.167259491","94.183408704",25.1,53.7
"d'Arnaud, Travis",518595,2019,30,391,16,21.7,8.2,".251",".433",".312","0.182",".314",".332",33.8,8.5,39.7,"100.203373676","94.327140037",26.3,50.5
"Dietrich, Derek",518618,2019,29,306,19,24.2,9.2,".187",".462",".328","0.275",".334",".342",34.3,11.8,31.4,"98.731933294","93.378876176",30.6,49
"Donaldson, Josh",518626,2019,33,659,37,23.5,15.2,".259",".521",".379","0.262",".377",".385",33.3,17.3,50.5,"103.481444646","96.329034343",29.9,43.9
"Freeman, Freddie",518692,2019,29,692,38,18.4,12.6,".295",".549",".389","0.254",".387",".394",40,12.9,42.5,"100.291077106","94.346356255",24.3,52.1
"Grandal, Yasmani",518735,2019,30,632,28,22,17.2,".246",".468",".380","0.222",".361",".368",37.5,12.4,41.8,"101.083447676","94.798444108",25.5,38.5
"Heyward, Jason",518792,2019,29,589,21,18.7,11.5,".251",".429",".343","0.178",".328",".323",31.8,6.3,36.5,"99.605955423","93.856621272",22.7,45.5
"LeMahieu, DJ",518934,2019,30,655,26,13.7,7,".327",".518",".375","0.191",".375",".378",36.2,8.1,48.7,"101.290348333","95.241788097",16,45.6
"Lucroy, Jonathan",518960,2019,33,328,8,15.5,8.2,".232",".355",".305","0.123",".286",".299",31,3.2,32.5,"97.427466639","92.740217257",14.5,39.2
"Moreland, Mitch",519048,2019,33,335,19,22.1,10.1,".252",".507",".328","0.255",".347",".352",33.2,12.3,45.6,"101.731563274","95.18590146",28,49
"Moustakas, Mike",519058,2019,30,584,35,16.8,9.1,".254",".516",".329","0.262",".348",".350",32.3,11.5,40.8,"100.616091659","94.477699005",24.9,49.9
"Rizzo, Anthony",519203,2019,29,613,27,14,11.6,".293",".520",".405","0.227",".390",".386",36.8,7.5,37,"100.200593521","94.167510706",19.7,45.7
"Romine, Austin",519222,2019,30,240,8,20.8,4.2,".281",".439",".310","0.158",".315",".305",29.4,7.2,40.6,"101.300982222","94.748560559",22.8,56.8
"Sogard, Eric",519299,2019,33,442,13,14.3,8.6,".290",".457",".353","0.167",".342",".310",40.7,2.3,20.4,"94.087467711","91.057566737",11.1,39.1
"Thames, Eric",519346,2019,32,459,25,30.5,11.1,".247",".505",".346","0.258",".354",".325",36,9.7,44.2,"100.581451032","94.612173187",32.4,47.2
"Vogt, Stephen",519390,2019,34,280,10,23.6,7.1,".263",".490",".314","0.227",".331",".330",37.3,11,41.1,"99.381285625","93.80900125",26.8,50.8
"Galvis, Freddy",520471,2019,29,588,23,24.5,4.8,".261",".439",".296","0.178",".308",".281",31.8,6,36.4,"97.641622","92.96163978",28.5,54.5
"Forsythe, Logan",523253,2019,32,367,7,27.2,12,".227",".353",".325","0.126",".298",".321",39.7,5.9,40.1,"98.349886972","93.432547143",21.3,32.7
"Flores, Wilmer",527038,2019,27,285,9,10.9,5.3,".317",".487",".361","0.170",".358",".331",36.6,5.4,30.6,"96.623078898","92.337248851",10.8,45.9
"García, Avisaíl",541645,2019,28,530,20,23.6,5.8,".282",".464",".332","0.182",".334",".343",34.1,12.4,40.3,"102.26663962","95.27715218",32,56.4
"Pérez, Hernán",541650,2019,28,246,8,26.8,4.5,".228",".379",".262","0.151",".271",".256",27.8,4.5,35.9,"98.821071687","93.560488242",26.7,53
"Inciarte, Ender",542255,2019,28,230,5,17.8,11.3,".246",".397",".343","0.151",".318",".291",35.2,2.1,17.6,"92.852376923","90.739017484",20.9,49.3
"Ozuna, Marcell",542303,2019,28,549,29,20.8,11.3,".241",".472",".328","0.231",".336",".376",32.8,13.1,49.2,"102.910036923","95.876849368",27.6,44.9
"Villar, Jonathan",542340,2019,28,714,24,24.6,8.5,".274",".453",".339","0.179",".335",".315",30.3,7.6,37.1,"100.064624522","94.076027283",27.5,49.8
"Santana, Danny",542454,2019,28,511,28,29.5,4.9,".283",".534",".324","0.251",".352",".345",37.8,10.3,43.6,"100.974542805","94.798723537",32.1,55.8
"Aguilar, Jesús",542583,2019,29,369,12,22,11.7,".236",".389",".325","0.153",".307",".333",33.8,8.1,38.3,"100.181083417","94.208859417",26,44.3
"Beckham, Tim",542921,2019,29,328,15,31.1,6.4,".237",".461",".293","0.224",".315",".295",33.7,9.5,33.8,"98.720866633","93.392943077",30.7,46.3
"Berti, Jon",542932,2019,29,287,6,25.4,8.4,".273",".406",".348","0.133",".326",".316",32.1,4,38,"98.903971522","93.495692404",24.6,41.6
"Broxton, Keon",542979,2019,29,228,6,45.6,8.8,".167",".275",".242","0.108",".229",".233",28.2,6.5,30.1,"98.39266125","93.218946146",44,45.7
"Crawford, Brandon",543063,2019,32,560,11,20.9,9.5,".228",".350",".304","0.122",".281",".306",36.7,5.9,35.1,"97.781885729","92.971044648",28.3,51.3
"Cron, C.J.",543068,2019,29,500,25,21.6,5.8,".253",".468",".310","0.215",".324",".367",34,16.5,45,"103.083095057","95.828876125",25.4,50.2
"Gomes, Yan",543228,2019,31,358,12,23.5,10.6,".223",".389",".316","0.166",".298",".302",32,7.5,36.1,"98.060562348","93.052168304",25.5,49.7
"Grossman, Robbie",543257,2019,29,482,6,17.8,12.2,".240",".348",".334","0.108",".299",".327",36,2.5,30.9,"96.88005241","92.473119157",15.5,38.4
"Hicks, Aaron",543305,2019,29,255,12,28.2,12.2,".235",".443",".325","0.208",".325",".296",30.3,10.9,36.8,"100.291281316","94.276068026",31.5,40.9
"Hicks, John",543308,2019,29,333,13,32.7,3.9,".210",".379",".240","0.169",".259",".248",34.1,7.4,29.9,"98.566847308","93.283615337",35.6,62
"Hosmer, Eric",543333,2019,29,667,22,24.4,6,".265",".425",".310","0.160",".309",".304",29.1,7.6,46,"102.123969913","95.383913595",28.9,50
"Kipnis, Jason",543401,2019,32,511,17,17.2,7.8,".245",".410",".304","0.165",".301",".316",33.1,6,34.4,"97.701285761","92.914942527",20.4,46.3
"McCann, James",543510,2019,29,476,18,28.8,6.3,".273",".460",".328","0.187",".333",".323",36,9.6,44.2,"100.577583974","94.572465629",28.7,49.6
"Nola, Austin",543592,2019,29,267,10,23.6,8.6,".269",".454",".342","0.185",".337",".296",35,3.6,35.6,"97.969191364","93.060430682",23.1,42.4
"Rendon, Anthony",543685,2019,29,646,34,13.3,12.4,".319",".598",".412","0.279",".413",".414",38.7,13.2,46.6,"100.105818761","94.364729594",12.9,43.1
"Semien, Marcus",543760,2019,28,747,33,13.7,11.6,".285",".522",".369","0.237",".373",".362",34,9.3,38.1,"98.394543077","93.291025385",18.3,42.2
"Shaw, Travis",543768,2019,29,270,7,33,13.3,".157",".270",".281","0.113",".248",".288",34,8.3,37.9,"99.798239714","94.006399712",29.8,45.1
"Springer, George",543807,2019,29,556,39,20.3,12.1,".292",".591",".383","0.299",".400",".400",31.6,15.3,44.8,"102.243162402","95.348781653",26.5,44
"Strange-Gordon, Dee",543829,2019,31,421,3,14.5,4.3,".275",".359",".304","0.084",".282",".264",28.2,0,19,"93.293252484","90.721132516",15.9,55.3
"Vázquez, Christian",543877,2019,28,521,23,19.4,6.3,".276",".477",".320","0.201",".331",".310",38.5,6.4,40.3,"98.607970314","93.531031811",20.5,49.9
"Wong, Kolten",543939,2019,28,549,11,15.1,8.6,".285",".423",".361","0.138",".334",".295",28.6,2.6,25.4,"96.025301799","92.013404021",18.4,48
"Gregorius, Didi",544369,2019,29,344,16,15.4,4.9,".238",".441",".276","0.203",".297",".292",30.8,6.5,35.5,"98.368135147","93.19498864",22.5,55.8
"García, Leury",544725,2019,28,618,8,22.5,3.4,".279",".378",".310","0.099",".294",".272",30.3,4.1,29.9,"97.233707717","92.660403959",24.6,54.4
"Vargas, Ildemaro",545121,2019,27,211,6,11.4,4.3,".269",".413",".299","0.144",".300",".289",25.8,3.6,30.3,"96.704520114","92.377253352",12.2,44.6
"Grichuk, Randal",545341,2019,27,627,31,25.8,5.6,".232",".458",".281","0.226",".307",".304",31.3,9.4,39.8,"100.740131792","94.423631368",28.1,50.2
"Marisnick, Jake",545350,2019,28,318,10,29.9,5.3,".233",".411",".289","0.178",".297",".259",27,4.6,31.2,"98.39839375","93.229621623",29.2,52.8
"Trout, Mike",545361,2019,27,600,45,20,18.3,".291",".645",".438","0.354",".436",".461",43.8,20.9,44.4,"103.466773886","95.970475845",19.2,36.8
"Almora Jr., Albert",546991,2019,25,363,12,17.1,4.4,".236",".381",".271","0.145",".271",".285",31,5.3,27.5,"97.073710432","92.557715596",24.2,52.1
"Ruiz, Rio",547004,2019,25,413,12,21.3,9.7,".232",".376",".306","0.144",".294",".292",33.7,3,36.5,"98.246970638","93.295943652",24.3,46.7
"Wolters, Tony",547172,2019,27,411,1,16.5,8.8,".262",".329",".337","0.067",".290",".286",37.5,0,19.7,"93.761511081","90.91707878",20,44.6
"Harper, Bryce",547180,2019,26,682,35,26.1,14.5,".260",".510",".372","0.250",".365",".387",37.6,15.5,45.6,"103.137354264","96.043547766",33.8,48.7
"Pérez, Roberto",547379,2019,30,449,24,28.3,10,".239",".452",".321","0.213",".326",".322",32.6,11.9,41.3,"101.381071221","94.869235939",30,39.8
"Martin, Leonys",547982,2019,31,264,9,29.5,8,".199",".343",".276","0.144",".269",".262",27.3,7.4,27.3,"97.557633553","92.818935563",33.5,54.3
"Abreu, José",547989,2019,32,693,33,21.9,5.2,".284",".503",".330","0.219",".344",".358",35.2,13.7,48.2,"103.146324797","95.996655894",25.3,49.5
"Díaz, Elias",553869,2019,28,332,2,16.9,6.9,".241",".307",".296","0.066",".265",".277",29.5,2.7,34.3,"99.26563336","93.660186627",23.3,47.7
"Narváez, Omar",553882,2019,27,482,22,19.1,9.8,".278",".460",".353","0.182",".345",".332",40.4,5.8,28.1,"95.546726667","91.774567182",22.9,47.8
"Astudillo, Willians",553902,2019,27,204,4,3.9,2.5,".268",".379",".299","0.111",".288",".319",38.2,3,31.3,"97.030897802","92.515448901",8.9,59
"Suárez, Eugenio",553993,2019,27,662,49,28.5,10.6,".271",".572",".358","0.301",".381",".355",38,14.8,40.8,"100.844864896","94.608867917",28.7,44.4
"Santana, Domingo",570267,2019,26,507,21,32.3,9.9,".253",".441",".329","0.188",".326",".345",40.1,12.9,42.1,"100.050234643","94.228038964",31.9,46.8
"Urshela, Gio",570482,2019,27,476,21,18.3,5.3,".314",".534",".355","0.220",".369",".349",37.3,7.5,41.6,"100.076720559","94.37213352",22.2,56.5
"Sánchez, Yolmer",570560,2019,27,555,2,21.1,7.9,".252",".321",".318","0.069",".281",".274",32.1,1.2,27,"95.805694709","91.918524721",22.8,48.8
"Schoop, Jonathan",570731,2019,27,464,23,25,4.3,".256",".473",".304","0.217",".324",".315",35.5,9.6,38.5,"100.523025472","94.303766025",32.5,58.4
"Adams, Matt",571431,2019,30,333,20,34.5,6,".226",".465",".276","0.239",".306",".320",39.8,16,43.9,"101.473347857","94.825083538",33.4,50.1
"Arenado, Nolan",571448,2019,28,662,41,14,9.4,".315",".583",".379","0.268",".392",".343",34.6,8.8,37.6,"99.240765317","93.75734495",20.9,51.4
"Barnhart, Tucker",571466,2019,28,364,11,22.8,12.1,".231",".380",".328","0.149",".301",".282",32.8,3.5,27.9,"95.615923125","91.808912455",23.5,46.6
"Goodwin, Brian",571718,2019,28,458,17,28.2,8.3,".262",".470",".326","0.208",".332",".304",38.5,6.9,33.3,"97.895933357","92.953846607",27.7,42.2
"Hamilton, Billy",571740,2019,28,353,0,24.6,9.1,".218",".275",".289","0.057",".251",".254",32.9,0,7.3,"89.916051818","89.528641318",23,47.8
"Haniger, Mitch",571745,2019,28,283,15,28.6,10.6,".220",".463",".314","0.243",".326",".330",31.7,13.2,40.9,"99.8113955","93.965994151",26.6,42.4
"Hernández, Enrique",571771,2019,27,460,17,21.1,7.8,".237",".411",".304","0.174",".301",".304",35.5,6.2,34.5,"98.499102125","93.321826144",26.5,47.2
"Holt, Brock",571788,2019,31,295,3,19.3,9.5,".297",".402",".369","0.105",".333",".301",31.6,1.5,30.6,"96.253581262","92.229271359",18.7,42.1
"Lamb, Jake",571875,2019,28,226,6,24.3,14.2,".193",".353",".323","0.160",".297",".347",33.6,8.9,42.5,"100.601395821","94.602444887",25.8,42
"Muncy, Max",571970,2019,28,589,35,25.3,15.3,".251",".515",".374","0.264",".372",".380",38.9,12.7,43.4,"100.624856095","94.560041662",28.9,40.1
"Myers, Wil",571976,2019,28,489,18,34.2,10.4,".240",".419",".322","0.179",".317",".320",32.7,12.2,41.4,"101.566235802","95.04647295",32,44.4
"Naquin, Tyler",571980,2019,28,294,10,22.4,4.8,".288",".467",".325","0.179",".330",".329",32.5,9.8,38.9,"101.033575192","94.826846538",25.5,54.9
"Phegley, Josh",572033,2019,31,342,12,18.4,4.4,".239",".411",".282","0.172",".291",".287",34.5,3.4,24.3,"95.244284252","91.664517154",22.6,47.5
"Piscotty, Stephen",572039,2019,28,393,13,21.4,7.4,".249",".412",".309","0.163",".306",".318",31.8,8.1,41,"100.01466763","94.14751263",28.9,51
"Pollock, AJ",572041,2019,31,342,15,21.6,6.7,".266",".468",".327","0.202",".333",".329",29.8,9,39.9,"99.774752521","94.228176962",26.6,46.9
"Seager, Kyle",572122,2019,31,443,23,19.4,9.9,".239",".468",".321","0.229",".332",".351",36.9,9,39.7,"98.55946875","93.666821053",21.3,45.6
"Voit, Luke",572228,2019,28,510,21,27.8,13.9,".263",".464",".378","0.201",".360",".368",39.6,14.5,42.4,"101.044367708","94.803622951",35.1,47.3
"Walker, Christian",572233,2019,28,603,29,25.7,11.1,".259",".476",".348","0.217",".346",".364",34.1,14,48.8,"102.727625691","95.697243147",28.8,48.7
"Zunino, Mike",572287,2019,28,289,9,33.9,6.9,".165",".312",".232","0.147",".235",".274",26.8,13,36.9,"101.234572262","94.624915",38.3,51.4
"Carpenter, Matt",572761,2019,33,491,15,26.1,12.8,".227",".393",".335","0.166",".315",".320",36.2,7.7,31.1,"97.130606383","92.713489573",25.5,40.6
"Dickerson, Corey",572816,2019,30,279,12,20.1,5.7,".304",".565",".341","0.261",".367",".322",44,9.2,34.8,"98.920345049","93.485303447",27.4,58.4
"Dozier, Brian",572821,2019,32,482,20,21.8,12.7,".238",".430",".340","0.192",".329",".330",32.4,7.3,35.4,"97.965853419","93.121791871",24.3,39.3
"Yastrzemski, Mike",573262,2019,28,411,21,26,7.8,".272",".518",".334","0.246",".353",".342",36.9,12.8,42.9,"100.328345606","94.375012624",27.3,47.6
"Contreras, Willson",575929,2019,27,409,24,24.9,9.3,".272",".533",".355","0.261",".368",".347",31.2,12.8,41.5,"101.564759462","94.848420927",33.1,50.1
"Iglesias, Jose",578428,2019,29,530,11,13.2,3.8,".288",".407",".318","0.119",".306",".286",29.7,2.5,24.2,"94.71843919","91.441140476",15.3,55.5
"Hechavarría, Adeiny",588751,2019,30,221,9,21.7,6.3,".241",".443",".299","0.202",".312",".294",30.8,6.4,30.1,"96.943622105","92.598858355",24.3,53.5
"Osuna, José",591741,2019,26,285,10,16.8,6.3,".264",".456",".310","0.192",".320",".330",32.3,5.7,37.4,"99.311936449","93.80543472",22.6,51.3
"Bryant, Kris",592178,2019,27,634,31,22.9,11.7,".282",".521",".382","0.239",".379",".351",35.8,10.1,34.1,"98.53167269","93.281246777",28.4,48.5
"Canha, Mark",592192,2019,30,497,26,21.5,13.5,".273",".517",".396","0.244",".386",".361",32.1,10.6,41.1,"99.685622252","93.94485394",22.8,40.6
"Casali, Curt",592200,2019,30,236,8,25,10.6,".251",".411",".331","0.160",".316",".309",42.4,6.8,31,"95.934453836","91.994587103",22.2,43.1
"Castellanos, Nick",592206,2019,27,664,27,21.5,6.2,".289",".525",".337","0.236",".357",".363",39.8,11.4,41.5,"99.936858686","94.155142055",26.9,54.7
"DeShields, Delino",592261,2019,26,408,4,24.5,9.3,".249",".347",".325","0.098",".295",".273",34.1,2.5,24.3,"95.350649508","91.685580656",22.2,43.4
"Drury, Brandon",592273,2019,26,447,15,25.3,5.6,".218",".380",".262","0.162",".271",".306",36.7,10,36.7,"99.247389221","93.624401006",27.6,47.4
"Gamel, Ben",592325,2019,27,356,7,29.2,11.2,".248",".373",".337","0.125",".308",".298",35.4,4.1,38,"98.655207184","93.509022098",23.1,40.1
"Goodrum, Niko",592348,2019,27,472,12,29.2,9.7,".248",".421",".322","0.173",".315",".304",38,6.6,41.5,"100.060278881","94.164698916",31.9,48.1
"Jones, JaCoby",592444,2019,27,333,11,28.2,8.1,".235",".430",".310","0.195",".311",".326",35,11.7,47.6,"101.922136893","95.411799317",26.5,47
"Judge, Aaron",592450,2019,27,447,27,31.5,14.3,".272",".540",".381","0.268",".382",".400",40.3,21.2,58.4,"107.048947731","98.862456513",36.7,42
"Machado, Manny",592518,2019,26,661,32,19.4,9.8,".256",".462",".334","0.206",".335",".343",31.2,8.7,43.7,"102.073663723","95.40263803",24.2,46.7
"Moran, Colin",592567,2019,26,503,13,23.3,6,".277",".429",".322","0.152",".315",".316",37.1,8,34.8,"98.556321897","93.372829654",24.7,53.7
"Pederson, Joc",592626,2019,27,514,36,21.6,9.7,".249",".538",".339","0.289",".362",".344",31.4,11.6,43.5,"101.926819048","95.251138896",24.1,46.1
"Realmuto, J.T.",592663,2019,28,593,25,20.7,6.9,".275",".493",".328","0.218",".340",".341",35,9.5,41.1,"101.081746462","94.730632317",23.8,50.7
"Renfroe, Hunter",592669,2019,27,494,33,31.2,9.3,".216",".489",".289","0.273",".320",".314",32.2,13.3,39.4,"101.091156986","94.693304315",30.6,45.9
"Rosario, Eddie",592696,2019,27,590,32,14.6,3.7,".276",".500",".300","0.224",".329",".327",33.2,9.4,36,"98.424787531","93.352567757",21.3,59.3
"Simmons, Andrelton",592743,2019,29,424,7,8.7,5.7,".264",".364",".309","0.100",".290",".272",18.8,1.9,33.6,"97.498130508","92.76261238",13.9,48
"Wilkerson, Stevie",592859,2019,27,361,10,29.9,6.1,".225",".383",".286","0.158",".286",".253",33.5,3.8,30.4,"95.932262973","91.984574253",27.4,46
"Yelich, Christian",592885,2019,27,579,44,20.2,13.8,".330",".672",".430","0.342",".442",".426",33.2,17.1,49.1,"104.869553459","97.015311892",28.3,45.2
"Merrifield, Whit",593160,2019,30,735,16,17.1,6.1,".302",".463",".348","0.161",".340",".325",42.4,4.8,29.2,"96.252648182","92.167329527",20.1,49.3
"Bogaerts, Xander",593428,2019,26,698,33,17.5,10.9,".309",".555",".384","0.246",".390",".356",35.1,9.3,44.5,"101.168690363","94.874752258",20.9,41.1
"Alberto, Hanser",593643,2019,26,550,12,9.1,2.9,".305",".422",".329","0.117",".318",".300",32.5,3.2,18.5,"94.197573506","91.107926269",14.5,59.1
"Polanco, Jorge",593871,2019,25,704,22,16.5,8.5,".295",".485",".356","0.190",".352",".342",41.6,7.5,33.1,"97.46599549","92.78121002",17.5,44.9
"Sanó, Miguel",593934,2019,26,439,34,36.2,12.5,".247",".576",".346","0.329",".378",".369",36,22.6,57.2,"105.196811712","97.791274595",38.1,43.6
"Calhoun, Kole",594777,2019,31,632,33,25.6,11.1,".232",".467",".325","0.235",".330",".340",35.2,12.3,42.6,"99.943105052","94.209946136",32.1,48.2
"Eaton, Adam",594809,2019,30,656,15,16.2,9.9,".279",".428",".365","0.149",".342",".328",33.9,4.4,34.3,"98.729984311","93.47287412",17.8,44.6
"Garcia, Greg",594824,2019,29,372,4,22.3,14.2,".248",".354",".364","0.106",".319",".294",29,2.8,27,"96.047828571","92.035017946",16,34.3
"Kiermaier, Kevin",595281,2019,29,480,14,21.7,5.4,".228",".398",".278","0.170",".284",".296",26.4,6,37.7,"100.003324269","94.058416696",25.1,54.9
"Alfaro, Jorge",595751,2019,26,465,18,33.1,4.7,".262",".425",".312","0.163",".312",".324",33.3,12.2,44.8,"103.194269429","95.842433082",38.4,61.2
"Profar, Jurickson",595777,2019,26,518,20,14.5,9.3,".218",".410",".301","0.192",".301",".329",29.7,7.3,31.3,"97.141906243","92.584582042",20.2,45.2
"Báez, Javier",595879,2019,26,561,29,27.8,5,".281",".531",".316","0.250",".347",".334",36.3,14.5,43.6,"102.448426524","95.481472949",35.5,55.5
"Cave, Jake",595909,2019,26,228,8,31.1,9.2,".258",".455",".351","0.197",".343",".359",38.3,12.8,43.8,"100.842377969","94.839403906",31.8,47.7
"Hedges, Austin",595978,2019,26,347,11,31.4,7.8,".176",".311",".252","0.135",".242",".265",32,9.4,32.5,"97.733819802","92.919899257",33.3,51.3
"Lindor, Francisco",596019,2019,25,654,32,15,7,".284",".518",".335","0.234",".349",".334",29.8,8.4,41,"101.130645418","94.847008982",17.1,51.4
"Odor, Rougned",596059,2019,25,581,30,30.6,9,".205",".439",".283","0.234",".302",".322",30.6,15.4,45.6,"101.734976168","95.31182003",29.2,47.9
"Smith Jr., Dwight",596105,2019,26,392,13,20.9,6.6,".241",".412",".297","0.171",".299",".290",30.4,4.2,39.3,"100.125783957","94.187231727",28.3,45.7
"Story, Trevor",596115,2019,26,656,35,26.5,8.8,".294",".554",".363","0.260",".380",".341",36.5,9.2,46,"101.223764423","95.034883125",26.4,48.1
"Vogelbach, Daniel",596129,2019,26,558,30,26.7,16.5,".208",".439",".341","0.231",".333",".345",39,11.3,38,"100.052249618","94.193186358",26.9,34
"Sánchez, Gary",596142,2019,26,446,34,28,9,".232",".525",".316","0.293",".346",".373",33.8,21.1,41.9,"103.410339559","95.82221136",32.3,44
"Cuthbert, Cheslor",596144,2019,26,330,9,20.3,5.8,".246",".379",".294","0.133",".287",".293",31.4,4.9,37.6,"99.671722149","93.927468678",24.1,48.6
"Kepler, Max",596146,2019,26,596,36,16.6,10.1,".252",".519",".336","0.267",".355",".343",30.5,10,42.1,"100.805599577","94.514078635",20.2,49.4
"Franco, Maikel",596748,2019,26,428,17,14.3,8.4,".234",".409",".297","0.175",".281",".298",24.2,7.9,38.4,"100.63202897","94.350348879",22,51.5
"Choi, Ji Man",596847,2019,28,487,19,22.2,13.1,".261",".459",".363","0.198",".348",".365",37.9,12,42.7,"101.047548701","94.915341299",25.6,43
"Bradley Jr., Jackie",598265,2019,29,567,21,27.3,9.9,".225",".421",".317","0.196",".314",".318",30.5,10.4,44.8,"100.737430117","94.682078123",32.6,48.1
"La Stella, Tommy",600303,2019,30,321,16,8.7,6.2,".295",".486",".346","0.191",".351",".355",34.8,5.9,31.2,"97.070269695","92.641464291",11.9,42.3
"Severino, Pedro",600474,2019,25,341,13,21.4,8.5,".249",".420",".321","0.171",".316",".336",35.7,9.3,33.6,"99.019749573","93.539727039",24.9,44.1
"Núñez, Renato",600524,2019,25,599,31,23.9,7.3,".244",".460",".311","0.216",".323",".335",32.1,11.8,40.9,"101.416437214","94.827385786",27.4,49.5
"Candelario, Jeimer",600869,2019,25,386,8,25.6,11.1,".203",".337",".306","0.134",".283",".308",32.9,6.6,33.8,"99.260932458","93.636242119",25.8,43.6
"Ahmed, Nick",605113,2019,29,625,19,18.1,8.3,".254",".437",".316","0.183",".315",".321",35.7,6.9,34,"97.728699383","92.939083223",21.3,49.5
"Anderson, Brian",605119,2019,26,520,20,21.9,8.5,".261",".468",".342","0.207",".342",".339",31.3,9.7,46,"100.764886494","94.722101667",27.4,47.5
"Barnes, Austin",605131,2019,29,242,5,23.1,9.5,".203",".340",".293","0.137",".272",".256",27.8,5.1,29.1,"96.417563924","92.23558949",22.3,39.6
"Bell, Josh",605137,2019,26,613,37,19.2,12.1,".277",".569",".367","0.292",".378",".384",34.6,13.9,47.2,"103.082487171","96.001241809",25.3,48.1
"Betts, Mookie",605141,2019,26,706,29,14.3,13.7,".295",".524",".391","0.229",".380",".411",39.4,10.9,47.4,"100.567436587","94.76255839",14.5,38.3
"Caratini, Victor",605170,2019,25,279,11,21.1,10.4,".266",".447",".348","0.181",".338",".343",32.4,9.8,35.9,"99.639721196","93.859793207",22.3,46
"Davis, J.D.",605204,2019,26,453,22,21.4,8.4,".307",".527",".369","0.220",".373",".384",36.8,11.9,47.9,"102.839054744","95.769210032",28.1,48.9
"Panik, Joe",605412,2019,28,491,5,9.6,8.8,".244",".336",".315","0.092",".284",".307",33.8,2.2,25.8,"95.338176359","91.672916205",10.7,42.2
"Smith, Mallex",605480,2019,26,566,6,24.9,7.4,".227",".335",".300","0.108",".278",".256",29,2.4,20.1,"94.189873149","91.140372155",28.2,48.6
"Castro, Harold",605612,2019,25,369,5,23.3,2.4,".291",".384",".305","0.093",".292",".279",36.9,3.8,28.6,"96.521335149","92.397637004",24.2,54.1
"Arcia, Orlando",606115,2019,24,546,15,20,7.9,".223",".350",".283","0.127",".269",".273",26.5,4.9,31.3,"97.613876615","92.86605",24.6,47.7
"Tapia, Raimel",606132,2019,25,447,9,22.4,4.7,".275",".415",".309","0.140",".307",".285",36.5,4,31.6,"96.957221534","92.526824862",26.8,58.8
"Aquino, Aristides",606157,2019,25,225,19,26.7,7.1,".259",".576",".316","0.317",".360",".336",30.6,15.6,39,"100.625701972","94.373538652",35.5,55.7
"Hernández, Teoscar",606192,2019,26,464,26,33,9.7,".230",".472",".306","0.242",".325",".312",30.6,13,42.3,"101.608146591","95.066922348",34.8,47.3
"Peraza, José",606299,2019,25,403,6,14.4,4.2,".239",".346",".285","0.107",".272",".301",32.5,0.3,25.6,"95.370811987","91.732562691",16.7,54
"Marte, Ketel",606466,2019,25,628,32,13.7,8.4,".329",".592",".389","0.263",".405",".375",34.6,9.9,40,"101.092484421","94.7158706",17.6,47.8
"Greiner, Grayson",606988,2019,26,224,5,31.3,5.8,".202",".308",".251","0.106",".242",".254",28.6,6.4,32.9,"98.218691714","93.160320432",32,46.2
"Nimmo, Brandon",607043,2019,26,254,8,28,18.1,".221",".407",".375","0.186",".340",".331",35.6,7.1,35.6,"99.24699","93.762587364",27.5,40.8
"Turner, Trea",607208,2019,26,569,19,19.9,7.6,".298",".497",".353","0.199",".356",".339",29.8,7.3,42,"101.230091659","94.839620073",23.4,46.9
"Smith, Kevan",607345,2019,31,211,5,17.5,7.6,".251",".393",".318","0.142",".305",".348",37.4,6.8,41.8,"99.40006987","93.932446078",19.3,44.8
"Beaty, Matt",607461,2019,26,268,9,12.3,6.3,".265",".458",".317","0.193",".324",".319",28.2,5.5,40.5,"100.338583704","94.373558279",18,46.2
"Pillar, Kevin",607680,2019,30,645,21,13.8,2.8,".259",".432",".287","0.173",".298",".299",33.1,5.4,30.8,"98.016751985","93.018091033",17.8,58.9
"Stallings, Jacob",607732,2019,29,210,6,19,7.6,".262",".382",".325","0.120",".297",".319",28.3,6.6,37.8,"98.303555135","93.351015714",25.4,50.7
"Ramírez, José",608070,2019,26,542,23,13.7,9.6,".255",".479",".327","0.224",".334",".344",32.6,6.9,35.7,"98.625705777","93.428589029",14.6,42.5
"Bregman, Alex",608324,2019,25,690,41,12,17.2,".296",".592",".423","0.296",".418",".375",35.5,5.4,38,"98.440477393","93.337376731",14.3,35.1
"Gallo, Joey",608336,2019,25,297,22,38.4,17.5,".253",".598",".389","0.345",".401",".397",34.9,29.8,53.1,"107.288990484","98.537980565",41.6,40.8
"Kelly, Carson",608348,2019,24,365,18,21.6,13.2,".245",".478",".348","0.233",".339",".340",39.8,9.3,40.4,"99.326221441","93.845580894",23.3,41.9
"Russell, Addison",608365,2019,25,241,9,24.1,8.3,".237",".391",".308","0.154",".297",".286",33.1,7.7,28.1,"96.87826481","92.443759051",30.2,48.7
"Seager, Corey",608369,2019,25,541,19,18.1,8.1,".272",".483",".335","0.211",".340",".328",35.2,7.9,38.2,"98.778797128","93.502181872",25.7,51.1
"Winker, Jesse",608385,2019,25,384,16,15.6,9.9,".269",".473",".357","0.204",".351",".350",32,4.7,41.1,"99.735411111","94.073450967",18.1,44.3
"Lugo, Dawel",608475,2019,24,288,6,20.5,2.8,".245",".381",".271","0.136",".272",".287",37.2,4.8,36.7,"98.17526367","93.11062078",21.3,54.8
"Mazara, Nomar",608577,2019,24,469,19,23,6,".268",".469",".318","0.201",".327",".338",33.9,11.7,39.3,"101.041745155","94.634283789",27.2,50.7
"Murphy, Tom",608596,2019,28,281,18,31,6.8,".273",".535",".324","0.262",".355",".299",32.2,11.8,44.8,"100.979318161","94.820561092",30.7,44.9
"Guzmán, Ronald",608597,2019,24,295,10,29.5,10.8,".219",".414",".308","0.195",".306",".327",36.4,9.5,36.5,"98.840543765","93.420968824",32.6,49.3
"Mondesi, Adalberto",609275,2019,23,443,9,29.8,4.3,".263",".424",".291","0.161",".298",".283",31.2,9.6,34,"98.586377622","93.416701224",37.9,58.1
"Reyes, Franmil",614177,2019,23,548,37,28.5,8.6,".249",".512",".310","0.263",".338",".359",33.3,15.5,51,"103.847694162","96.604159768",36.5,51.5
"Robertson, Daniel",621002,2019,25,237,2,24.9,10.1,".213",".295",".312","0.082",".275",".279",25,1.4,33.8,"97.353057432","92.728106939",22.9,45.6
"Martin Jr., Richie",621006,2019,24,309,6,26.9,4.5,".208",".322",".260","0.114",".252",".245",29.6,2.6,25.2,"95.198605361","91.717593316",28.6,53.8
"Swanson, Dansby",621020,2019,25,545,17,22.8,9.4,".251",".422",".325","0.171",".317",".350",36.7,10.6,41.6,"99.797419121","94.192917747",27.6,45.9
"Newman, Kevin",621028,2019,25,531,12,11.7,5.3,".308",".446",".353","0.138",".339",".303",33.4,2.3,24.8,"94.991693333","91.524680704",13.9,51
"Taylor, Chris",621035,2019,28,414,12,27.8,8.9,".262",".462",".333","0.200",".331",".300",39.1,5.8,32.3,"97.5218724","92.78720241",31.5,49.8
"Correa, Carlos",621043,2019,24,321,21,23.4,10.9,".279",".568",".358","0.289",".380",".395",36.4,14.8,42,"102.4206864","95.299037538",24.8,44.3
"Dahl, David",621311,2019,25,413,15,26.6,6.8,".302",".524",".353","0.222",".364",".341",41,11,39.5,"98.77328291","93.506315299",30.9,52.1
"Buxton, Byron",621439,2019,25,295,10,23.1,6.4,".262",".513",".314","0.251",".340",".307",32.5,8.8,38.7,"101.025778218","94.668611931",29.1,54.4
"Brinson, Lewis",621446,2019,25,248,0,29.8,5.2,".173",".221",".236","0.048",".205",".246",25.8,4.1,32.9,"98.122297237","93.07441625",32.8,52.7
"Duggar, Steven",621453,2019,25,281,4,27.8,5.7,".234",".341",".278","0.107",".265",".264",35.5,4.7,32.8,"96.971647143","92.488956209",26.5,47.3
"Stewart, Christin",621514,2019,25,416,10,24.8,8.2,".233",".388",".305","0.155",".294",".321",37.5,7.8,33.8,"98.092919706","93.047032353",28.5,48.8
"Wendle, Joey",621563,2019,29,263,3,17.9,5.3,".231",".340",".293","0.109",".275",".294",31.4,1.6,32.5,"97.049603299","92.53253201",20.1,47.1
"Olson, Matt",621566,2019,25,547,36,25.2,9.3,".267",".545",".351","0.278",".368",".387",36.1,15.7,50.4,"103.334092275","96.341713994",28.1,45.4
"Margot, Manuel",622534,2019,24,441,12,20,8.6,".234",".387",".304","0.153",".296",".276",28.4,3.8,34.8,"98.690901438","93.386922131",23,43.9
"Camargo, Johan",622666,2019,25,248,7,17.3,6,".233",".384",".279","0.151",".279",".284",33.7,4,31.6,"97.769489895","92.914069947",25,54.6
"Reyes, Victor",622682,2019,24,292,3,21.9,4.8,".304",".431",".336","0.127",".325",".290",38.3,2,31.8,"97.168320571","92.630534019",20.7,51.7
"Bote, David",623520,2019,26,356,11,26.1,12.4,".257",".422",".362","0.165",".336",".316",34.9,6.3,36.3,"100.603479623","94.365111557",32.5,45.7
"Ramírez, Harold",623912,2019,24,446,11,20.4,4,".276",".416",".312","0.140",".308",".301",29,7,34.7,"99.716576687","93.90759577",25.7,54.2
"Santander, Anthony",623993,2019,24,405,20,21.2,4.7,".261",".476",".297","0.215",".321",".319",31.2,8.8,36.6,"100.631026419","94.428867399",21.1,52
"Alonso, Pete",624413,2019,24,693,53,26.4,10.4,".260",".583",".358","0.323",".384",".380",36.9,17.4,42.7,"103.52161466","95.867841481",28,46.6
"Biggio, Cavan",624415,2019,24,430,16,28.6,16.5,".234",".429",".364","0.195",".343",".346",44.2,9.7,39.9,"97.95095069","93.214258578",26.1,36.1
"Conforto, Michael",624424,2019,26,648,33,23,13,".257",".494",".363","0.237",".358",".370",35.8,12.7,39.2,"100.0477863","94.1312909",27.1,45.8
"Frazier, Adam",624428,2019,27,608,10,12.3,6.6,".278",".417",".336","0.139",".320",".318",36.4,2,28.3,"96.108033475","92.07951087",15.6,48.1
"Puig, Yasiel",624577,2019,28,611,24,21.8,7.2,".267",".458",".327","0.191",".330",".329",30,10.5,39.1,"100.971591932","94.613191138",28.2,52.6
"Soler, Jorge",624585,2019,27,679,48,26.2,10.8,".265",".569",".354","0.304",".378",".396",34.7,17.9,50.1,"104.405603365","96.703293759",32.5,44.1
"Heredia, Guillermo",628338,2019,28,231,5,26,7.8,".225",".363",".306","0.138",".291",".298",32.7,3,34.7,"97.379718889","92.699987986",27.4,48
"Ervin, Phillip",640447,2019,26,260,7,24.2,6.9,".271",".466",".331","0.195",".334",".305",37.1,5,31.1,"96.967515714","92.540978084",28.3,47.8
"Frazier, Clint",640449,2019,24,246,12,28.5,6.5,".267",".489",".317","0.222",".333",".319",37.3,11.3,36.1,"99.326073671","93.755365823",32.7,44.2
"Meadows, Austin",640457,2019,24,591,33,22.2,9.1,".291",".558",".364","0.267",".380",".375",38.1,13.6,42.9,"101.27902925","94.853411479",23.5,42.2
"Mercado, Óscar",640458,2019,24,482,15,17.4,5.8,".269",".443",".318","0.174",".321",".310",33.4,4.6,34.2,"97.887426023","92.995281966",23.4,51.5
"Pinder, Chad",640461,2019,27,370,13,23.8,5.4,".240",".416",".290","0.176",".298",".321",31.9,9.4,44.4,"101.395071129","95.038595911",25.7,51.8
"Anderson, Tim",641313,2019,26,518,18,21,2.9,".335",".508",".357","0.173",".363",".321",37.6,5.5,37.6,"98.353274592","93.322923632",24.5,58.6
"Bauers, Jake",641343,2019,23,423,12,27.2,10.6,".226",".371",".312","0.145",".296",".293",31.9,5.4,33.1,"98.048297907","93.059068716",24.4,42.1
"Bellinger, Cody",641355,2019,23,661,47,16.3,14.4,".305",".629",".406","0.324",".414",".427",39.6,13.8,45.9,"101.221347768","94.966274787",23.5,44.6
"Calhoun, Willie",641432,2019,24,337,21,15.7,6.8,".269",".524",".323","0.255",".351",".323",35.3,7.1,40.7,"99.712949922","93.943274729",15.9,49.3
"Cordell, Ryan",641477,2019,27,247,7,27.9,7.7,".221",".355",".290","0.134",".279",".273",25.6,8,32.1,"98.663495342","93.444229041",31.4,49
"Crawford, J.P.",641487,2019,24,396,7,21,10.9,".226",".371",".313","0.145",".296",".294",34.7,3.7,24.8,"95.368146183","91.765717405",21,43.3
"Dixon, Brandon",641525,2019,27,420,15,32.4,5,".248",".435",".290","0.187",".303",".308",39,12.1,41.3,"100.547458308","94.423777606",35.5,51.9
"Dozier, Hunter",641531,2019,27,586,26,25.3,9.4,".279",".522",".348","0.243",".360",".338",35.8,10.8,42.9,"102.015977632","95.204411763",27,44.7
"Engel, Adam",641553,2019,27,248,6,31.5,5.6,".242",".383",".304","0.141",".296",".280",33.3,6.2,30,"97.680187465","92.852139789",31.9,50.7
"Garver, Mitch",641598,2019,28,359,31,24.2,11.4,".273",".630",".365","0.357",".404",".382",33.6,16.7,50,"101.425326814","95.198410664",24,35
"Hampson, Garrett",641658,2019,24,327,8,26.9,7.3,".247",".385",".302","0.138",".292",".265",30.2,4.1,26.2,"96.269536931","92.153434307",22.9,40.5
"Locastro, Tim",641796,2019,26,250,1,17.6,5.6,".250",".340",".357","0.090",".314",".295",28.8,1.4,19.4,"93.938776867","91.183691867",21.2,45.1
"Mancini, Trey",641820,2019,27,679,35,21.1,9.3,".291",".535",".364","0.244",".373",".362",36.4,11.1,42.7,"101.635240474","95.06039847",26.9,48.1
"McKinney, Billy",641856,2019,24,276,12,26.4,6.9,".215",".422",".274","0.207",".291",".278",31.3,7.1,31.9,"97.528593667","92.792045531",26.3,46.4
"McMahon, Ryan",641857,2019,24,539,24,29.7,10.4,".250",".450",".329","0.200",".330",".325",36.6,9.7,48,"102.348495723","95.712813868",32.4,49.6
"Tellez, Rowdy",642133,2019,24,409,21,28.4,7.1,".227",".449",".293","0.222",".308",".335",37,14.2,41.6,"101.864006047","95.125615798",31.3,49.1
"VanMeter, Josh",642165,2019,24,260,8,21.5,11.2,".237",".408",".327","0.171",".316",".322",37,4.4,38.1,"98.908482262","93.627792814",22.4,39.8
"Mejía, Francisco",642336,2019,23,244,8,23,5.3,".265",".438",".316","0.173",".317",".276",31.6,5.4,29.8,"97.776759176","92.994198521",25.6,56.7
"Rosario, Amed",642708,2019,23,655,15,18.9,4.7,".287",".432",".323","0.145",".318",".318",35,4.5,39.5,"98.795593821","93.60288",24.2,52
"Adames, Willy",642715,2019,23,584,20,26.2,7.9,".254",".418",".317","0.164",".313",".320",36.1,8.8,35.6,"99.072984309","93.592578431",27.3,47
"Benintendi, Andrew",643217,2019,24,615,13,22.8,9.6,".266",".431",".343","0.165",".330",".336",40.1,8.7,37.7,"98.241980591","93.339900444",25.2,51.4
"Cooper, Garrett",643265,2019,28,421,15,26.1,7.8,".281",".446",".344","0.165",".337",".345",33.7,10.1,40.3,"101.240205","94.656264816",23.4,48.4
"Jansen, Danny",643376,2019,24,384,13,20.6,8.1,".207",".360",".279","0.153",".275",".312",31.9,6.6,40,"99.29700837","93.780262862",20.4,47.1
"Kemp, Tony",643393,2019,27,279,8,16.8,8.2,".212",".380",".291","0.168",".285",".259",27.6,1.7,15.7,"93.517128737","90.776784603",19,46.6
"Kiner-Falefa, Isiah",643396,2019,24,222,1,22.1,6.3,".238",".322",".299","0.084",".272",".263",29.7,1.3,33.5,"96.966178831","92.619608506",18.9,43
"McNeil, Jeff",643446,2019,27,567,23,13.2,6.2,".318",".531",".384","0.213",".384",".350",34.2,5.1,36.7,"98.062735349","93.296269953",19.9,60.1
"Tauchman, Mike",643565,2019,28,296,13,24,11.5,".277",".504",".361","0.227",".364",".319",39.5,6.5,38.9,"98.579674105","93.583860476",21.8,43.2
"White, Tyler",643603,2019,28,279,3,28,12.9,".208",".304",".308","0.096",".274",".271",30.9,4,30.4,"96.349605679","92.201128944",23.6,41.4
"Albies, Ozzie",645277,2019,22,702,24,16,7.7,".295",".500",".352","0.205",".354",".346",36.8,7.1,34,"98.232348151","93.247307887",22.9,55.6
"Robles, Victor",645302,2019,22,617,17,22.7,5.7,".255",".419",".326","0.164",".317",".294",34.5,5.4,23,"94.905795816","91.739895663",23.5,49.9
"Devers, Rafael",646240,2019,22,702,32,17,6.8,".311",".555",".361","0.244",".377",".367",33.1,10,48.5,"103.293569886","96.084697628",24,55
"Naylor, Josh",647304,2019,22,279,8,22.9,9,".249",".403",".315","0.154",".306",".294",30,7,36.3,"100.447291474","94.297610737",22.2,44.8
"Díaz, Aledmys",649557,2019,28,247,9,11.3,10.5,".271",".467",".356","0.196",".345",".343",28.2,7.3,34.2,"98.260126413","93.171656739",19.9,45.2
"Urías, Luis",649966,2019,22,249,4,22.5,10,".223",".326",".329","0.103",".294",".307",30.8,4.7,31.4,"96.821621013","92.47115758",23.6,42.3
"Arraez, Luis",650333,2019,22,366,4,7.9,9.8,".334",".439",".399","0.105",".360",".333",41.7,2.8,22.8,"94.64459953","91.360227508",7.8,42.2
"Jiménez, Eloy",650391,2019,22,504,31,26.6,6,".267",".513",".315","0.246",".343",".347",32.4,13.6,47.9,"102.681413214","95.727878512",32.8,49.9
"Torres, Gleyber",650402,2019,22,604,38,21.4,7.9,".278",".535",".337","0.257",".358",".340",38.2,11,36.8,"99.178781179","93.678797352",28,51.8
"Díaz, Yandy",650490,2019,27,346,14,17.3,10.1,".268",".477",".341","0.209",".342",".356",34,11.1,44.8,"102.453884","95.60036348",22.1,44.8
"Rengifo, Luis",650859,2019,22,406,7,22.9,9.9,".238",".364",".321","0.126",".298",".308",31,6.6,29.9,"97.485341145","92.743079656",25.1,44.5
"Allen, Greg",656185,2019,26,256,4,20.7,4.3,".229",".346",".290","0.117",".274",".276",26.8,3,30.9,"96.582444713","92.32531578",24.1,49.6
"Chapman, Matt",656305,2019,26,670,36,21.9,10.9,".249",".506",".342","0.257",".354",".359",25.1,13.6,49,"103.46333537","96.250434176",23.7,42
"Chavis, Michael",656308,2019,23,382,18,33.2,8.1,".254",".444",".322","0.190",".323",".303",32.3,13,35.5,"100.213843545","94.183450457",38.4,51.6
"Díaz, Isan",656371,2019,23,201,5,29.4,9.5,".173",".307",".259","0.134",".248",".257",25.6,8.5,32.2,"97.4226605","92.783632269",28.1,37.8
"Haseley, Adam",656514,2019,23,242,5,24.8,5.8,".266",".396",".324","0.130",".309",".269",29.4,4.1,28.8,"96.518718519","92.26176",28.7,49.9
"Hoskins, Rhys",656555,2019,26,705,29,24.5,16.5,".226",".454",".364","0.228",".347",".337",31,10.8,38.7,"99.42720995","93.97812603",23.2,39.2
"Luplow, Jordan",656669,2019,25,261,15,23.4,12.6,".276",".551",".372","0.275",".383",".352",33.9,13.2,38.8,"99.047672195","93.646979695",26.6,44.7
"O'Hearn, Ryan",656811,2019,25,370,14,26.8,10.5,".195",".369",".281","0.174",".278",".304",29.9,9.9,43.7,"100.542248879","94.610039827",26.1,45.3
"Schwarber, Kyle",656941,2019,26,610,38,25.6,11.5,".250",".531",".339","0.281",".357",".374",35.6,15.9,51.2,"104.364394516","96.768710054",28,43.3
"Verdugo, Alex",657077,2019,23,377,12,13,6.9,".294",".475",".342","0.181",".341",".339",33.7,6.1,39.7,"99.832463784","94.053509966",16,44.6
"DeJong, Paul",657557,2019,25,664,30,22.4,9.3,".233",".444",".318","0.211",".322",".332",33,9.7,33.9,"98.154188241","93.091659652",24.2,48.8
"Laureano, Ramón",657656,2019,24,481,24,25.6,5.6,".288",".521",".340","0.233",".356",".346",37.2,10.4,40.4,"100.000765128","94.198050256",28.3,48.8
"Moncada, Yoán",660162,2019,24,559,25,27.5,7.2,".315",".548",".367","0.233",".379",".358",40.4,12.9,47.9,"102.936634056","95.959630724",31.1,47.5
"Ohtani, Shohei",660271,2019,24,425,18,25.9,7.8,".286",".505",".343","0.219",".352",".350",31.7,13.1,47.1,"102.948367482","96.064857014",27.4,49.3
"Acuña Jr., Ronald",660670,2019,21,715,41,26.3,10.6,".280",".518",".365","0.238",".369",".390",40.5,16.2,47.4,"103.398305955","96.011363144",27.7,45.5
"Riley, Austin",663586,2019,22,297,18,36.4,5.4,".226",".471",".279","0.245",".307",".309",40.5,15.5,44.6,"101.078740357","94.72754125",38.7,56.3
"France, Ty",664034,2019,24,201,7,24.4,4.5,".234",".402",".294","0.168",".296",".294",31.6,6.3,42.6,"99.771344853","94.127469706",24,48.9
"Lowe, Brandon",664040,2019,24,327,17,34.6,7.6,".270",".514",".336","0.244",".354",".339",40.2,17.5,46.2,"101.287092967","95.215649341",37.7,54.2
"Bader, Harrison",664056,2019,25,406,12,28.8,11.3,".205",".366",".314","0.161",".293",".312",31.3,11.5,35.3,"99.203015625","93.65660426",26.6,41.4
"Fletcher, David",664058,2019,25,653,6,9.8,8.4,".290",".384",".350","0.094",".318",".318",37.5,0.2,17.1,"93.20784584","90.716838337",9.7,36.3
"Kingery, Scott",664068,2019,25,500,19,29.4,6.8,".258",".474",".315","0.216",".329",".316",39.2,8.7,38.9,"99.14878293","93.689147891",31.9,50.6
"Moore, Dylan",664238,2019,26,282,9,33,8.9,".206",".389",".302","0.183",".299",".275",30.3,7.1,36.1,"98.478764605","93.244655197",28.3,44.4
"Tatis Jr., Fernando",665487,2019,20,372,22,29.6,8.1,".317",".590",".379","0.273",".398",".347",33.5,14.2,44.1,"102.598001071","95.498050135",35.2,47.7
"Guerrero Jr., Vladimir",665489,2019,20,514,15,17.7,8.9,".272",".433",".339","0.161",".329",".333",30.9,8.4,38.7,"101.626864628","94.89985352",24.5,46.8
"Soto, Juan",665742,2019,20,659,34,20,16.4,".282",".548",".401","0.266",".394",".409",36.3,13.1,47.8,"102.137286408","95.569584745",24,40.8
"Bichette, Bo",666182,2019,21,212,11,23.6,6.6,".311",".571",".358","0.260",".384",".333",36.1,9.2,43.5,"100.354957808","94.381930137",24.5,53.3
"Gurriel Jr., Lourdes",666971,2019,25,343,20,25.1,5.8,".277",".541",".327","0.264",".358",".340",33.6,12,45.3,"100.566699741","94.614525108",32.6,50.9
"Reynolds, Bryan",668804,2019,24,546,16,22.2,8.4,".314",".503",".377","0.189",".371",".361",37,7.3,41.6,"100.231643152","94.403448207",26.3,48
"Senzel, Nick",669222,2019,24,414,12,24.4,7.2,".256",".427",".315","0.171",".315",".305",31.6,8.8,38.2,"98.782850588","93.504538856",23.7,49.3
"Edman, Tommy",669242,2019,24,350,11,17.7,4.6,".303",".498",".349","0.195",".356",".330",37.4,5.7,33.6,"97.248854697","92.677901027",18.8,47.9
"Hiura, Keston",669374,2019,22,348,19,30.7,7.2,".303",".570",".368","0.267",".388",".355",35.6,14.8,50,"103.0339339","96.005838",36.2,51.3
"Lopez, Nicky",670032,2019,24,402,2,12.7,4.5,".240",".325",".276","0.085",".260",".242",22.3,1.4,19.7,"93.65443825","90.915877147",15.1,49.6
"Alvarez, Yordan",670541,2019,22,369,27,25.5,14.1,".313",".655",".412","0.342",".432",".409",39.4,18.4,48.9,"103.966041818","96.433098402",25.1,43.2
"Cabrera, Miguel",408234,2020,37,231,10,22.1,10.4,".250",".417",".329","0.167",".323",".379",36.8,9.8,49.7,"102.655113117","96.026886144",31.6,47.7
"Cruz, Nelson",443558,2020,39,214,16,27.1,11.7,".303",".595",".397","0.292",".411",".383",39.4,15.2,47.2,"102.723679524","95.93307824",34.2,47.6
"Peralta, David",444482,2020,32,218,5,20.6,6,".300",".433",".339","0.133",".333",".299",29.4,5.1,36.3,"100.556636709","94.354591139",21.1,46.6
"Longoria, Evan",446334,2020,34,209,7,18.7,5.3,".254",".425",".297","0.171",".308",".364",29.9,11.5,45.2,"101.530260256","95.520896474",21,45
"Cabrera, Asdrúbal",452678,2020,34,213,8,18.8,8.9,".242",".447",".305","0.205",".319",".317",30.5,6.5,38.3,"97.982868684","93.323023224",20.5,46.1
"Blackmon, Charlie",453568,2020,33,247,6,17.8,7.7,".303",".448",".356","0.145",".340",".331",38.5,5,29.7,"97.303074157","92.71975736",23.3,50.2
"Solano, Donovan",456781,2020,32,203,3,19.2,4.9,".326",".463",".365","0.137",".357",".320",43.4,4.6,34.9,"98.263815526","93.264044768",22,51.9
"McCutchen, Andrew",457705,2020,33,241,10,19.9,9.1,".253",".433",".324","0.180",".327",".355",36.5,8.3,41.2,"99.22758119","93.968213095",22,40.6
"Votto, Joey",458015,2020,36,223,11,19.3,16.6,".226",".446",".354","0.220",".347",".369",36.4,9.1,35.7,"98.39738875","93.296095944",22.5,36.2
"Santana, Carlos",467793,2020,34,255,8,16.9,18.4,".199",".350",".349","0.151",".316",".372",32.3,6.8,36.6,"99.260366296","93.650599074",20.6,36.3
"Gurriel, Yuli",493329,2020,36,230,6,11.7,5.2,".232",".384",".274","0.152",".281",".318",34.4,3.7,36.5,"98.527696064","93.454652781",15.6,48.8
"Escobar, Eduardo",500871,2020,31,222,4,18.5,6.8,".212",".335",".270","0.123",".257",".306",34.8,5.5,31.7,"97.095200488","92.633428037",21.6,51.4
"Martinez, J.D.",502110,2020,32,237,7,24.9,9.3,".213",".389",".291","0.176",".290",".318",39.6,11.1,41.6,"99.85455974","94.246308758",28.1,51.9
"Reddick, Josh",502210,2020,33,210,4,20,9.5,".245",".378",".316","0.133",".304",".303",34.7,4.8,29.3,"96.145119315","92.092886986",22.6,46.5
"Goldschmidt, Paul",502671,2020,32,231,6,18.6,16,".304",".466",".417","0.162",".387",".396",42.3,10.7,40.9,"99.2678272","93.874685503",23.7,40.6
"Altuve, Jose",514888,2020,30,210,5,18.6,8.1,".219",".344",".286","0.125",".278",".288",24.8,4.6,33.3,"97.480630811","92.777053741",20.2,50
"Hernández, César",514917,2020,30,261,3,21.8,9.2,".283",".408",".355","0.125",".335",".330",37.3,4,37.3,"98.999012093","93.787809064",19.8,43.6
"Segura, Jean",516416,2020,30,217,7,20.7,10.6,".266",".422",".347","0.156",".333",".318",31.8,6.1,38.5,"99.748813288","93.958321438",22.4,46.8
"Marte, Starling",516782,2020,31,250,6,16.4,4.8,".281",".430",".340","0.149",".333",".320",30.3,6.5,30.3,"97.604057802","92.829315028",25.4,52.7
"Freeman, Freddie",518692,2020,30,262,13,14.1,17.2,".341",".640",".462","0.299",".456",".464",49.2,14.8,54.2,"101.812650227","95.798406705",20.1,48.2
"LeMahieu, DJ",518934,2020,31,216,10,9.7,8.3,".364",".590",".421","0.226",".429",".366",29.7,2.9,45.7,"100.540551744","94.953852733",11.2,44.1
"Rizzo, Anthony",519203,2020,30,243,11,15.6,11.5,".222",".414",".342","0.192",".326",".355",34.7,7.8,34.7,"99.57215061","93.849255427",19.3,42.5
"Flores, Wilmer",527038,2020,28,213,12,16.9,6.1,".268",".515",".315","0.247",".347",".309",37.4,6.1,34.4,"97.808676707","93.175661718",17.8,48
"García, Avisaíl",541645,2020,29,207,2,23.7,9.7,".238",".326",".333","0.088",".296",".317",37.1,3.8,37.1,"99.290871364","93.692910455",34.7,54.6
"Ozuna, Marcell",542303,2020,29,267,18,22.5,14.2,".338",".636",".431","0.298",".444",".434",39.1,15.4,54.4,"103.534352941","96.562612663",31.4,46.3
"Villar, Jonathan",542340,2020,29,207,2,26.1,9.2,".232",".292",".301","0.060",".266",".261",18.7,1.5,35.8,"99.470722344","93.853135313",32,51.6
"Aguilar, Jesús",542583,2020,30,216,8,18.5,10.6,".277",".457",".352","0.180",".347",".345",37.5,7.2,37.5,"99.078188947","93.762450461",22.3,47.3
"Hicks, Aaron",543305,2020,30,211,6,18,19.4,".225",".414",".379","0.189",".351",".374",29.8,6.9,38.2,"99.738009846","93.99654093",27.9,39.4
"Rendon, Anthony",543685,2020,30,232,9,13.4,16.4,".286",".497",".418","0.211",".395",".390",39.2,6.4,40.5,"98.602933924","93.634717389",14.7,40.5
"Semien, Marcus",543760,2020,29,236,7,21.2,10.6,".223",".374",".305","0.151",".299",".287",32.9,5,28.6,"96.361638375","92.211459874",23.3,44.1
"Springer, George",543807,2020,30,222,14,17.1,10.8,".265",".540",".359","0.275",".379",".405",35.3,12.6,42.5,"101.012866184","94.708160132",25.3,47.7
"Wong, Kolten",543939,2020,29,208,1,14.4,9.6,".265",".326",".350","0.061",".305",".286",31.2,0.7,26.6,"95.584306892","91.793051554",15.8,43.9
"Gregorius, Didi",544369,2020,30,237,10,11.8,6.3,".284",".488",".339","0.204",".348",".311",35.3,4.2,27.9,"96.139141064","92.158376631",19,53.5
"Grichuk, Randal",545341,2020,28,231,12,21.2,5.6,".273",".481",".312","0.208",".334",".333",27.2,11.4,39.6,"100.547348929","94.472173234",23.1,51.7
"Trout, Mike",545361,2020,28,241,17,23.2,14.5,".281",".603",".390","0.322",".407",".428",36.1,15.3,55.1,"103.522413333","96.756365347",19.5,36.7
"Ruiz, Rio",547004,2020,26,204,9,22.5,8.3,".222",".427",".286","0.205",".303",".277",27.7,8.6,39,"99.181741429","93.707106906",27.3,52
"Harper, Bryce",547180,2020,27,244,13,17.6,20.1,".268",".542",".420","0.274",".400",".454",33.3,17.3,50.7,"104.136840278","96.785819375",28.6,45.9
"Abreu, José",547989,2020,33,262,19,22.5,6.9,".317",".617",".370","0.300",".411",".399",37.4,14.3,53.3,"104.315308571","96.898123022",30.1,48.5
"Suárez, Eugenio",553993,2020,28,231,15,29,13,".202",".470",".312","0.268",".332",".342",29.5,14.4,44.7,"101.191154545","94.886730076",31.7,41.7
"Arenado, Nolan",571448,2020,29,201,8,10,7.5,".253",".434",".303","0.181",".308",".288",27.1,5.4,33.7,"98.207786506","93.152140723",17.9,48.1
"Muncy, Max",571970,2020,29,248,12,24.2,15.7,".192",".389",".331","0.197",".316",".360",29,12.4,40,"99.706862329","94.042931517",26.8,36.6
"Myers, Wil",571976,2020,29,218,15,25.7,8.3,".288",".606",".353","0.318",".400",".396",40.8,15,45.8,"101.631815571","95.352673957",25.9,42.6
"Pollock, AJ",572041,2020,32,210,16,21.4,5.7,".276",".566",".314","0.290",".364",".345",37.9,10.6,43.1,"100.207984474","94.434710861",24.7,47.7
"Seager, Kyle",572122,2020,32,248,9,13.3,12.9,".241",".433",".355","0.192",".338",".365",30.7,10.2,39.8,"98.417159318","93.543557614",20.4,40.3
"Voit, Luke",572228,2020,29,234,22,23.1,7.3,".277",".610",".338","0.333",".393",".389",37.5,13.3,40,"100.684343544","94.623051203",27.6,52.1
"Walker, Christian",572233,2020,29,243,7,20.6,7.8,".271",".459",".333","0.188",".339",".339",34.5,6.5,48.5,"101.908890353","95.476667059",27.1,51.8
"Dickerson, Corey",572816,2020,31,210,7,16.7,7.1,".258",".402",".311","0.144",".308",".305",25.8,5.7,30.8,"97.061493671","92.538034367",25.7,53.4
"Yastrzemski, Mike",573262,2020,29,225,10,24.4,13.3,".297",".568",".400","0.271",".407",".364",35,10.9,42.3,"99.26844913","93.715521022",24.7,39.1
"Contreras, Willson",575929,2020,28,225,7,25.3,8.9,".243",".407",".356","0.164",".336",".353",35.8,10.4,47.8,"102.281617612","95.465128571",33.8,47.9
"Canha, Mark",592192,2020,31,243,5,22.2,15.2,".246",".408",".387","0.162",".351",".359",37.3,7.9,39.4,"98.907806143","93.708491143",24,38
"Castellanos, Nick",592206,2020,28,242,14,28.5,7.9,".225",".486",".298","0.261",".329",".375",39.3,16.1,46.7,"100.5504196","94.703394832",34.2,51.8
"Machado, Manny",592518,2020,27,254,16,14.6,10.2,".304",".580",".370","0.276",".391",".385",34.6,11.1,43.5,"102.695949158","95.565070368",21.7,46.7
"Moran, Colin",592567,2020,27,200,10,26,9.5,".247",".472",".325","0.225",".340",".350",32.3,13.5,47.2,"102.613770159","95.95598352",28,49.9
"Rosario, Eddie",592696,2020,28,231,13,14.7,8.2,".257",".476",".316","0.219",".333",".318",30.3,6.2,35.4,"97.149699091","92.643316171",22.6,51.9
"Yelich, Christian",592885,2020,28,247,12,30.8,18.6,".205",".430",".356","0.225",".343",".374",32.3,12.3,55.6,"103.843596557","97.02065123",33.6,34.6
"Merrifield, Whit",593160,2020,31,265,9,12.5,4.5,".282",".440",".325","0.158",".329",".336",39.8,5.1,27.3,"95.855324206","91.961579112",16.3,49.3
"Bogaerts, Xander",593428,2020,27,225,11,18.2,9.3,".300",".502",".364","0.202",".368",".340",31.3,8.6,36.8,"99.721139136","94.010233642",23,43.6
"Alberto, Hanser",593643,2020,27,231,3,13,2.2,".283",".393",".306","0.110",".301",".261",32.6,1,20.7,"93.472612717","90.856123497",16.9,62.9
"Polanco, Jorge",593871,2020,26,226,4,15.5,5.8,".258",".354",".304","0.096",".289",".304",39,2.8,33.3,"96.651106591","92.358275714",16.8,43.7
"Sanó, Miguel",593934,2020,27,205,13,43.9,8.8,".204",".478",".278","0.274",".317",".326",31.3,23.2,57.3,"107.128241875","98.788112737",42.6,47.3
"Calhoun, Kole",594777,2020,32,228,16,21.9,12.3,".226",".526",".338","0.300",".362",".379",36.1,12.1,38.2,"99.503862113","93.982617872",32.7,46.8
"Duvall, Adam",594807,2020,31,209,16,25.8,7.2,".237",".532",".301","0.295",".348",".342",30.7,14,40.1,"100.670608824","94.472182941",27.1,49
"Profar, Jurickson",595777,2020,27,202,7,13.9,7.4,".278",".428",".343","0.150",".335",".338",35.5,3.3,27.7,"96.940536711","92.4870825",20.1,47.1
"Báez, Javier",595879,2020,27,235,8,31.9,3,".203",".360",".238","0.157",".256",".275",24.8,8.2,40.3,"101.31207375","94.809897708",38.2,53.2
"Lindor, Francisco",596019,2020,26,266,8,15.4,9,".258",".415",".335","0.157",".324",".346",36.5,5.6,41.1,"99.684694433","94.059685052",20.3,48.9
"Story, Trevor",596115,2020,27,259,11,24.3,9.3,".289",".519",".355","0.230",".370",".335",40.1,8.8,41.3,"100.396057209","94.467090526",25.7,45.8
"Franco, Maikel",596748,2020,27,243,8,15.6,6.6,".278",".457",".321","0.179",".329",".307",33.3,5.9,38.6,"100.224684468","94.175420214",24.6,49.9
"Bradley Jr., Jackie",598265,2020,30,217,7,22.1,10.6,".283",".450",".364","0.167",".352",".301",28.5,7.8,36.4,"98.602853571","93.472785429",26.1,45.3
"La Stella, Tommy",600303,2020,31,228,5,5.3,11.8,".281",".449",".370","0.168",".355",".348",32.1,4.8,28.3,"96.273957849","92.214603892",11.2,38.1
"Núñez, Renato",600524,2020,26,216,12,29.6,7.9,".256",".492",".324","0.236",".347",".315",37.9,12.1,36.4,"98.851627273","93.444118636",30.1,52.1
"Candelario, Jeimer",600869,2020,26,206,7,23.8,9.7,".297",".503",".369","0.206",".373",".356",37.5,10.4,47.1,"101.954374925","95.267632164",27.9,45
"Ahmed, Nick",605113,2020,30,217,5,21.2,8.3,".266",".402",".327","0.136",".318",".304",30.1,5.3,33.3,"97.979172667","93.079952",27.4,48.2
"Anderson, Brian",605119,2020,27,229,11,28.8,9.6,".255",".465",".345","0.210",".348",".324",34.8,9.6,39.3,"99.102413382","93.651971037",34.4,49.1
"Bell, Josh",605137,2020,27,223,8,26.5,9.9,".226",".364",".305","0.138",".286",".293",24.3,8.6,42.9,"102.09961","95.3740285",33.6,45.9
"Betts, Mookie",605141,2020,27,246,16,15.4,9.8,".292",".562",".366","0.270",".390",".362",40.1,7.8,43.4,"99.966803556","94.311948056",13.8,40.5
"Davis, J.D.",605204,2020,27,229,6,24.5,13.5,".247",".389",".371","0.142",".339",".355",29.6,9,45.2,"102.105949851","95.319305299",29.3,44.9
"Tapia, Raimel",606132,2020,26,206,1,18.4,6.8,".321",".402",".369","0.081",".338",".285",28.7,2,30,"96.593740405","92.307061689",18.7,51.1
"Hernández, Teoscar",606192,2020,27,207,16,30.4,6.8,".289",".579",".340","0.290",".384",".401",40.6,18.1,53.1,"104.846097031","97.246447559",34.9,46.4
"Nimmo, Brandon",607043,2020,27,225,8,19.1,14.7,".280",".484",".404","0.204",".387",".359",30.8,7.8,32.9,"97.980723714","93.071893214",21.6,41.6
"Turner, Trea",607208,2020,27,259,12,13.9,8.5,".335",".588",".394","0.253",".413",".383",34.2,9.7,40.7,"100.635350612","94.552732551",19.6,46.9
"Pillar, Kevin",607680,2020,31,223,6,18.4,5.8,".288",".462",".336","0.174",".341",".328",34.7,5.5,36.5,"98.092420244","93.134598773",25.3,51.9
"Ramírez, José",608070,2020,27,254,17,16.9,12.2,".292",".607",".386","0.315",".415",".373",36.7,10.2,35.6,"99.264116591","93.668352686",16.6,41.4
"Gallo, Joey",608336,2020,26,226,10,35,12.8,".181",".378",".301","0.197",".297",".315",28.9,14.2,43.9,"102.04771537","95.481172685",37.4,43.6
"Seager, Corey",608369,2020,26,232,15,15.9,7.3,".307",".585",".358","0.278",".394",".430",38.4,16.1,55.9,"103.805088736","96.925112586",25.8,55.6
"Mondesi, Adalberto",609275,2020,24,233,6,30,4.7,".256",".416",".294","0.160",".305",".267",19.9,7.3,39.1,"100.463874118","94.6236125",40,54.5
"Reyes, Franmil",614177,2020,24,241,9,28.6,10,".275",".450",".344","0.175",".341",".342",31.3,13.3,44.9,"103.394751806","96.328288182",38.5,46
"Swanson, Dansby",621020,2020,26,264,10,26.9,8.3,".274",".464",".345","0.190",".348",".354",40.7,11.4,40.7,"99.696452771","94.009281333",31.6,47.2
"Taylor, Chris",621035,2020,29,214,8,25.7,12.1,".270",".476",".366","0.206",".364",".371",35.1,11.5,45,"101.014144762","94.70205312",32.5,44.9
"Correa, Carlos",621043,2020,25,221,5,22.2,7.2,".264",".383",".326","0.119",".308",".311",26.1,6,42.1,"99.799884079","94.072529338",24.4,47.1
"Olson, Matt",621566,2020,26,245,14,31.4,13.9,".195",".424",".310","0.229",".316",".340",30.1,13.1,45.9,"102.764032969","95.948013281",34.8,42.7
"Reyes, Victor",622682,2020,25,213,4,21.1,4.2,".277",".391",".315","0.114",".307",".329",39.5,3.8,41.4,"98.63923961","93.618739286",26.4,54.2
"Alonso, Pete",624413,2020,25,239,16,25.5,10,".231",".490",".326","0.259",".342",".334",30.4,13.1,41.2,"102.386786986","95.44273469",30.4,46.1
"Biggio, Cavan",624415,2020,25,265,8,23,15.5,".250",".432",".375","0.182",".355",".315",31.4,5,30.8,"96.787761519","92.575247452",23,36.3
"Conforto, Michael",624424,2020,27,233,9,24.5,10.3,".322",".515",".412","0.193",".401",".374",38.6,11,36.6,"99.863468082","94.033462897",26,44.2
"Frazier, Adam",624428,2020,28,230,7,15.2,7.4,".230",".364",".297","0.134",".291",".309",34.9,4,25.1,"95.606103488","91.803051744",16.6,46.2
"Anderson, Tim",641313,2020,27,221,10,22.6,4.5,".322",".529",".357","0.207",".376",".352",33.3,10.1,35.8,"99.049571899","93.615060633",30.9,55.2
"Bellinger, Cody",641355,2020,24,243,12,17.3,12.3,".239",".455",".333","0.216",".337",".370",29.2,9.5,41.5,"100.513292857","94.455236287",23.3,47.6
"Crawford, J.P.",641487,2020,25,232,2,16.8,9.9,".255",".338",".336","0.083",".303",".318",34.1,1.8,31.1,"97.315126098","92.657563049",18.2,41.1
"Lewis, Kyle",641786,2020,24,242,11,29.3,14,".262",".437",".364","0.175",".349",".344",37.2,11.8,35,"98.801784265","93.501654412",36.3,43.2
"Adames, Willy",642715,2020,24,205,8,36.1,9.8,".259",".481",".332","0.222",".347",".307",36.9,10,40.5,"100.611447818","94.419791091",38.7,46.2
"Kiner-Falefa, Isiah",643396,2020,25,228,3,14,6.1,".280",".370",".329","0.090",".307",".294",22.2,2.2,31.1,"96.603922889","92.344912179",15.8,47.4
"McNeil, Jeff",643446,2020,28,209,4,11.5,9.6,".311",".454",".383","0.143",".360",".337",37,2.5,26.5,"95.63896284","91.861592484",17.5,57
"Devers, Rafael",646240,2020,23,248,11,27,5.2,".263",".483",".310","0.220",".337",".328",33.3,12.2,43.6,"102.902087073","95.998599329",31.7,55
"Jiménez, Eloy",650391,2020,23,226,14,24.8,5.3,".296",".559",".332","0.263",".373",".364",32.9,16.6,55.7,"103.874396076","96.948955223",29.2,54.4
"Schwarber, Kyle",656941,2020,27,224,11,29.5,13.4,".188",".393",".308","0.205",".307",".336",28.8,11.5,47.2,"103.130327705","96.271187438",28,42.9
"Verdugo, Alex",657077,2020,24,221,6,20.4,7.7,".308",".478",".367","0.170",".362",".299",31.2,6.4,34.4,"98.021422025","93.054003567",18.7,42.8
"White, Evan",657108,2020,24,202,8,41.6,8.9,".176",".346",".252","0.170",".261",".292",27.3,14.1,52.5,"102.396977755","95.801080408",38,43.8
"Laureano, Ramón",657656,2020,25,222,6,26.1,10.8,".213",".366",".338","0.153",".315",".338",34.4,9.4,34.4,"99.202456563","93.694385859",25,40.2
"Moncada, Yoán",660162,2020,25,231,6,31.2,12.1,".225",".385",".320","0.160",".309",".290",33.8,6.2,33.1,"98.732421563","93.432022969",30.5,43.1
"Acuña Jr., Ronald",660670,2020,22,202,14,29.7,18.8,".250",".581",".406","0.331",".413",".422",34,16.2,56,"105.3485436","97.591202626",29.9,40.5
"Riley, Austin",663586,2020,23,206,8,23.8,7.8,".239",".415",".301","0.176",".307",".342",30.7,10.1,42.9,"101.303326667","95.046922681",30.1,54.2
"Tucker, Kyle",663656,2020,23,228,9,20.2,7.9,".268",".512",".325","0.244",".349",".327",34.1,9.1,44.5,"100.585821585","94.801780307",22.5,50.5
"Grisham, Trent",663757,2020,23,252,10,25.4,12.3,".251",".456",".352","0.205",".349",".363",37.9,11.2,41.8,"100.546281528","94.492469653",24.2,38.3
"Happ, Ian",664023,2020,25,231,12,27.3,13,".258",".505",".361","0.247",".369",".362",37.5,10.4,48.5,"101.293754179","95.210163083",35.7,43.5
"Lowe, Brandon",664040,2020,25,224,14,25.9,11.2,".269",".554",".362","0.285",".385",".381",37.2,17.6,43.1,"101.582307353","95.064492574",35.7,46.9
"Fletcher, David",664058,2020,26,230,3,10.9,8.7,".319",".425",".376","0.106",".350",".316",30.8,0.5,17.8,"93.861628587","90.930814293",8.6,37.2
"Tatis Jr., Fernando",665487,2020,21,257,17,23.7,10.5,".277",".571",".366","0.294",".392",".422",32.3,19.5,62.2,"105.418141463","98.319840671",28.2,47
"Guerrero Jr., Vladimir",665489,2020,21,243,9,15.6,8.2,".262",".462",".329","0.200",".338",".338",29.5,8.8,50.8,"104.137539231","96.564434725",24.7,47.9
"Gurriel Jr., Lourdes",666971,2020,26,224,11,21.4,6.3,".308",".534",".348","0.226",".372",".347",39.5,11.8,49.4,"101.125280494","95.206539938",26.3,51.2
"Reynolds, Bryan",668804,2020,25,208,7,27.4,10.1,".189",".357",".275","0.168",".278",".314",35.2,10.2,38.3,"99.182354844","93.601750078",27.7,46.8
"Edman, Tommy",669242,2020,25,227,5,21.1,7,".250",".368",".317","0.118",".302",".315",31,3.8,33.5,"98.038288205","93.038931538",19,42.7
"Solak, Nick",669256,2020,25,233,2,18,7.7,".268",".344",".326","0.076",".297",".318",27.5,4.7,40.4,"99.55755","94.098003235",19.1,43.8
"Hiura, Keston",669374,2020,23,246,13,34.6,6.5,".212",".410",".297","0.198",".304",".318",34.3,14.3,39.6,"99.973661343","94.067657368",42.7,50.1
"Robert Jr., Luis",673357,2020,22,227,11,32.2,8.8,".233",".436",".302","0.203",".316",".329",36.6,13.2,40.5,"101.465314462","94.80674876",41.5,57.6
"Pujols, Albert",405395,2021,41,296,17,15.2,4.7,".236",".433",".284","0.197",".302",".323",29.3,9.1,39.7,"100.714355517","94.638800431",21.7,47.1
"Cabrera, Miguel",408234,2021,38,526,15,22.4,7.6,".256",".386",".316","0.130",".305",".313",32.8,8.4,49,"101.953387486","95.613068408",25.8,49.4
"Molina, Yadier",425877,2021,38,473,11,16.7,5.1,".252",".370",".297","0.118",".290",".308",34.1,5.2,31.6,"97.653775275","92.936144353",24,57.1
"Suzuki, Kurt",435559,2021,37,247,6,17.8,4.9,".224",".342",".294","0.118",".282",".265",28.9,3.9,27.2,"95.984336023","91.998129261",21.7,49
"Cruz, Nelson",443558,2021,40,584,32,21.6,8.7,".265",".497",".334","0.232",".346",".367",31.8,13.6,52.5,"105.497885455","97.364589369",30.7,51
"Peralta, David",444482,2021,33,538,8,17.1,8.6,".259",".402",".325","0.143",".314",".294",27.2,5.1,41.8,"101.204662576","94.748489747",21.3,46.5
"Piña, Manny",444489,2021,34,208,13,18.3,10.6,".189",".439",".293","0.250",".315",".329",32.2,10.6,32.2,"97.71228493","92.909556338",23.8,42.9
"Escobar, Alcides",444876,2021,34,348,4,15.8,4.9,".289",".406",".341","0.117",".326",".310",36.3,3,21,"93.737835538","91.096947761",21.9,52.2
"Longoria, Evan",446334,2021,35,291,13,23.4,12,".261",".482",".351","0.221",".352",".351",34.2,13.4,54.5,"102.080352447","96.205606417",25.1,42.4
"Cabrera, Asdrúbal",452678,2021,35,352,7,22.7,10.2,".230",".366",".313","0.136",".297",".288",30,6,30.9,"97.083983103","92.69338342",25.3,48.3
"Blackmon, Charlie",453568,2021,34,582,13,15.6,9.3,".270",".411",".351","0.141",".333",".358",32.6,7,38.5,"99.359821596","93.750499272",20.2,47.3
"Maldonado, Martín",455117,2021,34,426,12,29.8,11,".172",".300",".272","0.128",".258",".269",30.8,5.7,33.2,"97.340165902","92.740188648",28.9,42.8
"Cain, Lorenzo",456715,2021,35,286,8,16.8,9.1,".257",".401",".329","0.144",".319",".318",29,4.3,37.6,"99.209885333","93.717624115",21.9,44.6
"Solano, Donovan",456781,2021,33,344,7,16.9,7.3,".280",".404",".344","0.124",".324",".337",39.8,7.5,36.6,"98.208590709","93.239344229",20.3,49.7
"McCutchen, Andrew",457705,2021,34,574,27,23,14.1,".222",".444",".334","0.222",".335",".340",33.6,9,39.5,"99.449259775","93.945349747",25.9,41.7
"Upton, Justin",457708,2021,33,362,17,29.6,10.8,".211",".409",".296","0.198",".305",".321",30.4,11.9,41.6,"101.796016952","95.228719143",31.4,45.1
"Turner, Justin",457759,2021,36,612,27,16,10,".278",".471",".361","0.193",".358",".361",36.5,8,42.4,"99.559758318","94.25153575",17.7,44.5
"Posey, Buster",457763,2021,34,454,18,19.2,12.3,".304",".499",".390","0.195",".379",".358",38.4,8.1,39.4,"98.703017161","93.540916742",23.9,44.6
"Votto, Joey",458015,2021,37,533,36,23.8,14.4,".266",".563",".375","0.297",".391",".404",44.3,17.2,53.2,"102.539441104","96.093851969",29.4,43.9
"Gardner, Brett",458731,2021,37,461,10,21.7,13,".222",".362",".327","0.140",".305",".299",29.2,3.4,33.2,"97.795042847","92.940441986",18.4,37.5
"Andrus, Elvis",462101,2021,32,541,3,15,5.7,".243",".320",".294","0.077",".270",".311",34,2.1,34.8,"98.143821256","93.154317918",19.6,48.9
"Santana, Carlos",467793,2021,35,659,19,15.5,13.1,".214",".342",".319","0.128",".294",".333",28,6.9,41.9,"100.529242479","94.571698094",22.3,43.4
"Belt, Brandon",474832,2021,33,381,29,27,12.6,".274",".597",".378","0.323",".406",".371",35.9,17,44.8,"101.188143333","94.847397963",28.3,47.5
"Zimmerman, Ryan",475582,2021,36,273,14,28.2,5.9,".243",".471",".286","0.228",".319",".298",32.2,10.6,47.8,"102.490607667","95.871579889",29,45.7
"Lowrie, Jed",476704,2021,37,512,14,21.1,9.6,".245",".398",".318","0.153",".311",".344",36.5,9.3,45.9,"100.200115198","94.60925779",24.2,46.7
"Brantley, Michael",488726,2021,34,508,8,10.4,6.5,".311",".437",".362","0.126",".347",".361",38.8,5.8,42.9,"99.686219375","94.187918365",10.9,45.6
"Gurriel, Yuli",493329,2021,37,605,15,11.2,9.8,".319",".462",".383","0.143",".363",".326",31,3.4,42,"99.889790127","94.187271203",13.9,42.8
"Rojas, Miguel",500743,2021,32,539,9,13.7,6.9,".265",".392",".322","0.127",".311",".286",32.4,2.8,32.9,"96.919576095","92.460967976",19.3,45.7
"Escobar, Eduardo",500871,2021,32,599,28,20.7,8,".253",".472",".314","0.219",".334",".329",38,8.9,34.5,"98.233403679","93.168115165",23.9,49.5
"Adrianza, Ehire",501303,2021,31,209,5,20.1,10,".247",".401",".327","0.154",".316",".317",36.1,2.8,32.6,"97.240242676","92.662424752",21.1,44.9
"Lagares, Juan",501571,2021,32,327,6,23.2,3.7,".236",".372",".266","0.136",".274",".282",34.9,6.8,42.9,"101.584322018","95.299308502",24.4,50.3
"Pham, Tommy",502054,2021,33,561,15,22.8,13.9,".229",".383",".340","0.154",".318",".349",35.6,10,47.6,"101.782107886","95.261546371",23.6,38.2
"Martinez, J.D.",502110,2021,33,634,28,23.7,8.7,".286",".518",".349","0.232",".364",".372",41.2,12.5,49.4,"102.421753991","95.887919576",29.2,54.2
"Goldschmidt, Paul",502671,2021,33,679,31,20,9.9,".294",".514",".365","0.220",".373",".396",36.9,13.6,50.6,"102.744108602","96.119572675",24.9,44.2
"Gonzalez, Marwin",503556,2021,32,307,5,25.4,6.5,".199",".304",".275","0.105",".259",".282",31.5,4.5,34.5,"98.802506327","93.488964462",24.2,47
"León, Sandy",506702,2021,32,220,4,29.5,5.5,".183",".267",".237","0.084",".225",".220",31.4,2.1,26.4,"95.771584638","91.925814599",26.9,45.2
"Altuve, Jose",514888,2021,31,678,31,13.4,9.7,".278",".489",".350","0.211",".357",".333",32.1,6.4,35,"98.384760909","93.261160455",15.9,47.4
"Hernández, César",514917,2021,31,637,21,21.2,9.3,".232",".386",".308","0.154",".302",".312",32.6,6.9,33.2,"98.368510187","93.237272693",22,47.1
"Segura, Jean",516416,2021,31,567,14,13.8,6.9,".290",".436",".348","0.146",".338",".321",31.1,5.9,37.4,"99.697739358","93.921203784",17.3,48.7
"Castro, Starlin",516770,2021,31,346,3,17.9,7.5,".283",".375",".333","0.092",".309",".327",33.9,5.5,40.1,"99.936740625","94.12089707",22.1,46.2
"Marte, Starling",516782,2021,32,526,12,18.8,8.2,".310",".458",".383","0.148",".364",".343",32.6,8.4,39.6,"100.239516776","94.207705479",24.6,49.5
"Culberson, Charlie",518586,2021,32,271,5,23.6,6.3,".243",".381",".296","0.138",".292",".271",35.6,3.2,29.8,"96.995265435","92.523502896",31.1,52.9
"d'Arnaud, Travis",518595,2021,32,229,7,23.1,7.4,".220",".388",".284","0.168",".291",".310",33.8,7.6,43.9,"100.720567595","94.649667962",24.3,51.9
"Donaldson, Josh",518626,2021,35,543,26,21,13.6,".247",".475",".352","0.228",".353",".386",30.2,17.4,52.7,"104.204804343","97.023133829",27.6,45.2
"Freeman, Freddie",518692,2021,31,695,31,15.4,12.2,".300",".503",".393","0.203",".379",".410",37.2,11.5,46.1,"101.764448826","95.351215951",21,51.2
"Grandal, Yasmani",518735,2021,32,374,23,21.7,23.3,".241",".522",".421","0.281",".403",".411",32.5,13.3,53.2,"103.697350693","96.690811542",24.8,31.9
"Heyward, Jason",518792,2021,31,353,8,19.3,7.6,".214",".347",".280","0.133",".275",".293",27.5,4.8,42.4,"100.619993968","94.455367341",23.9,45.1
"LeMahieu, DJ",518934,2021,32,679,10,13.8,10.8,".268",".362",".349","0.094",".315",".342",33.3,3.8,43.5,"100.113305573","94.512956356",14.4,41.4
"Moreland, Mitch",519048,2021,35,252,10,23,7.1,".227",".415",".286","0.188",".300",".295",31.6,9.2,47.7,"101.311393218","95.136",30.4,47.7
"Moustakas, Mike",519058,2021,32,206,6,22.3,8.7,".208",".372",".282","0.164",".284",".274",29.3,5.7,31.4,"99.054763571","93.531275714",27.8,50.9
"Rizzo, Anthony",519203,2021,31,576,22,15.1,9,".248",".440",".344","0.192",".339",".348",31.4,7.7,41.1,"100.696655631","94.60294966",20.8,46.5
"Stanton, Giancarlo",519317,2021,31,579,35,27.1,10.9,".273",".516",".354","0.243",".370",".362",32.6,15.9,56.3,"108.657830625","99.263673807",32.6,44.2
"Vogt, Stephen",519390,2021,36,238,7,23.5,10.9,".195",".333",".283","0.138",".270",".295",32.1,5.1,35.9,"98.115523247","93.238209481",26.2,45.8
"Galvis, Freddy",520471,2021,31,394,14,19.5,6.9,".242",".407",".302","0.165",".305",".282",34.9,4.9,31.7,"97.368068071","92.754358208",20.7,48.7
"Perez, Salvador",521692,2021,31,665,48,25.6,4.2,".273",".544",".316","0.271",".359",".369",34.1,16.3,56.2,"104.087645903","97.05981185",33.7,58.9
"Flores, Wilmer",527038,2021,29,436,18,12.8,9.4,".262",".447",".335","0.185",".337",".315",32.7,6,35.4,"97.933465595","93.130124",16.4,46
"García, Avisaíl",541645,2021,30,514,29,23.3,7.4,".263",".491",".331","0.228",".346",".365",35.9,12.2,46.4,"102.661785607","95.672483217",33.7,58.1
"Ozuna, Marcell",542303,2021,30,208,7,22.1,9.1,".213",".356",".288","0.143",".284",".346",35.2,9.9,40.8,"101.379969296","94.940367589",27.2,48.5
"Villar, Jonathan",542340,2021,30,505,18,26.1,9.1,".249",".416",".322","0.167",".320",".307",29.9,7.4,34.9,"99.828691447","93.930594182",30.1,49.9
"Ortega, Rafael",542364,2021,30,330,11,21.2,9.1,".291",".463",".360","0.172",".355",".313",36.8,5.7,34.6,"98.23177","93.187027477",21.8,44.9
"Aguilar, Jesús",542583,2021,31,510,22,18.2,9,".261",".459",".329","0.198",".334",".333",34.7,8.5,41,"100.000025495","94.305900248",25.9,44.8
"Berti, Jon",542932,2021,31,271,4,22.5,11.8,".210",".313",".311","0.103",".282",".302",29.1,2.3,38.3,"98.661285862","93.387591264",21.8,42.3
"Crawford, Brandon",543063,2021,34,549,24,19.1,10.2,".298",".522",".373","0.224",".377",".353",35.8,11.5,43.3,"99.818696492","94.078049948",29.3,51.7
"Cron, C.J.",543068,2021,31,547,28,21.4,11,".281",".530",".375","0.249",".383",".366",31.9,11.5,42,"101.733108492","94.934202465",27.4,47.1
"Dickerson, Alex",543105,2021,31,312,13,24.4,7.4,".233",".420",".304","0.187",".313",".335",35.7,10.2,38.6,"100.298478058","94.200962621",28.3,50.3
"Gomes, Yan",543228,2021,33,375,14,20.8,5.1,".252",".421",".301","0.169",".308",".338",39.3,8.8,38.2,"98.939020735","93.768441544",20.6,50.9
"Grossman, Robbie",543257,2021,31,671,23,23.1,14.6,".239",".415",".357","0.176",".337",".335",39.5,7.6,34.1,"97.650887745","92.935303661",21.6,38.4
"Harrison, Josh",543281,2021,33,558,8,13.4,5.6,".279",".400",".341","0.121",".325",".334",39.5,4.4,32.6,"97.20370125","92.65377125",18.8,55.4
"Higashioka, Kyle",543309,2021,31,211,10,28,8.1,".181",".389",".246","0.208",".272",".347",37.8,15.8,48.1,"101.231464179","95.165749323",31.3,46.6
"Hosmer, Eric",543333,2021,31,565,12,17.5,8.5,".269",".395",".337","0.126",".319",".327",26.6,5.9,47,"102.446751471","95.653349314",22.9,48.3
"McCann, James",543510,2021,31,412,10,27.9,7.8,".232",".349",".294","0.117",".281",".280",32.3,6.1,40.7,"99.60505","93.951917356",27,50.2
"Miller, Brad",543543,2021,31,377,20,29.7,11.9,".227",".453",".321","0.226",".331",".343",31.1,12.3,47.9,"103.105330826","96.244066376",30.9,45.9
"Rendon, Anthony",543685,2021,31,249,6,16.5,11.6,".240",".382",".329","0.142",".310",".303",31.5,5.6,38.8,"98.233539888","93.358192584",17.2,46.5
"Semien, Marcus",543760,2021,30,724,45,20.2,9.1,".265",".538",".334","0.273",".368",".336",35.2,9.9,41.3,"99.347364664","93.999108178",21.5,45.1
"Shaw, Travis",543768,2021,31,250,9,27.2,9.6,".200",".373",".286","0.173",".289",".300",31.6,9,38.7,"100.355750132","94.354729342",25.7,46.4
"Springer, George",543807,2021,31,342,22,23.1,10.8,".264",".555",".352","0.291",".381",".365",37.1,15.4,41.6,"101.560583153","95.049735204",27,45.8
"Vázquez, Christian",543877,2021,30,498,6,16.9,6.6,".258",".352",".308","0.094",".289",".273",33,2.7,31.1,"97.030512447","92.53569576",17.6,47
"Wong, Kolten",543939,2021,30,492,14,16.9,6.3,".272",".447",".335","0.175",".337",".310",35.3,5.5,34.8,"98.306274469","93.257560531",18.9,47.9
"Gregorius, Didi",544369,2021,31,408,13,16.4,6.1,".209",".370",".270","0.161",".275",".277",32.1,2.3,26.6,"96.254415526","92.127214605",24.6,54.4
"García, Leury",544725,2021,30,474,5,20.5,8.6,".267",".376",".335","0.109",".312",".292",30.1,3.3,32.5,"97.383117421","92.707989088",24.4,52.6
"Grichuk, Randal",545341,2021,29,545,22,20.9,5,".241",".423",".281","0.182",".300",".297",30.4,8.6,41.1,"101.265902714","94.873053501",23.2,52.3
"Stassi, Max",545358,2021,30,319,13,31.7,8.8,".241",".426",".326","0.185",".327",".319",35.2,11.1,42.5,"100.699396889","94.626615333",31.5,44.5
"Herrera, Odúbel",546318,2021,29,492,13,15.7,5.9,".260",".416",".310","0.156",".312",".305",32.5,4.8,40.1,"100.897753189","94.616140163",20,50.3
"Harper, Bryce",547180,2021,28,599,35,22.4,16.7,".309",".615",".429","0.306",".431",".431",38.9,18.1,49.7,"104.095508409","96.641756068",32,47.5
"Abreu, José",547989,2021,34,659,30,21.7,9.3,".261",".481",".351","0.220",".354",".347",31.2,10.2,49.3,"102.892077685","95.964420464",27.7,48.4
"Díaz, Elias",553869,2021,30,371,18,16.2,8.1,".246",".464",".310","0.218",".330",".315",30.1,7.9,37.6,"99.755097071","93.915122401",24.1,51.3
"Narváez, Omar",553882,2021,29,445,11,18.9,9.2,".266",".402",".342","0.136",".322",".304",40.3,5.1,25.6,"95.24547414","91.64567869",23.6,52.2
"Astudillo, Willians",553902,2021,29,216,7,5.6,1.4,".236",".375",".259","0.139",".272",".282",33.5,4.1,33,"97.826550204","92.937382959",9.9,62.2
"Suárez, Eugenio",553993,2021,29,574,31,29.8,9.8,".198",".428",".286","0.230",".306",".323",33,15,39.8,"100.26923","94.340085339",29.5,42.7
"Polanco, Gregory",570256,2021,29,382,11,27.2,9.4,".208",".354",".283","0.146",".275",".316",32.5,9.7,48.3,"102.625763051","95.732966229",30.6,48.1
"González, Erik",570481,2021,29,229,2,17.5,3.5,".232",".300",".258","0.068",".244",".280",27.1,3.4,31.5,"98.552873","93.308669274",25.6,57.1
"Urshela, Gio",570482,2021,29,442,14,24.7,4.5,".267",".419",".301","0.152",".309",".301",36.2,8,42,"99.811173013","94.060609231",25,54
"Schoop, Jonathan",570731,2021,29,674,22,19.7,5.5,".278",".435",".320","0.157",".324",".311",30.1,6.8,40.2,"101.189261968","94.661372435",24.7,52.5
"Arenado, Nolan",571448,2021,30,653,34,14.7,7.7,".255",".494",".312","0.239",".336",".313",34.1,6.7,37.5,"98.719642976","93.570965437",18.5,46.8
"Barnhart, Tucker",571466,2021,30,388,7,25.8,7.5,".247",".368",".317","0.121",".300",".265",37.1,4,31.1,"96.446621452","92.288152621",26.3,50.4
"Farmer, Kyle",571657,2021,30,529,16,18.3,4.2,".263",".416",".316","0.153",".316",".302",36,4.3,31.9,"97.545416308","92.888295077",20,49.9
"Goodwin, Brian",571718,2021,30,271,8,21.4,12.2,".221",".374",".319","0.153",".306",".326",35.8,6.1,31.8,"97.666668539","92.909063764",27.3,42
"Haniger, Mitch",571745,2021,30,691,39,24.5,7.8,".253",".485",".318","0.232",".340",".348",33.6,12.6,45.1,"100.90811287","94.762439739",29.8,46.6
"Hernández, Enrique",571771,2021,29,585,20,18.8,10.4,".250",".449",".337","0.199",".338",".348",36.5,8.4,43.2,"99.999080443","94.357513827",23.5,44.6
"Holt, Brock",571788,2021,33,260,2,18.8,8.8,".209",".298",".281","0.089",".259",".273",31,1.6,24.6,"94.971155106","91.513393743",19.5,42.6
"Muncy, Max",571970,2021,30,592,36,20.3,14,".249",".527",".368","0.278",".379",".406",34.9,16.2,46.6,"102.0590325","95.545324574",23.4,37.6
"Myers, Wil",571976,2021,30,500,17,28.2,10.8,".256",".434",".334","0.178",".330",".297",31.5,7.5,38,"99.248078867","93.720577324",31.6,46.3
"Naquin, Tyler",571980,2021,30,454,19,23.3,7.7,".270",".477",".333","0.207",".345",".340",31.5,10.5,41.6,"101.606264067","95.061087033",23.7,56.3
"Pollock, AJ",572041,2021,33,422,21,19,7.1,".297",".536",".355","0.239",".375",".356",35,11.2,47.4,"101.215235526","95.03458727",24.2,52.8
"Seager, Kyle",572122,2021,33,670,35,24,8.8,".212",".438",".285","0.226",".308",".320",35.7,12.3,40.1,"99.68216","94.062280564",29.7,49.6
"Taylor, Michael A.",572191,2021,30,528,12,27.3,6.3,".244",".356",".297","0.112",".286",".300",30.6,6.6,40.2,"100.404271228","94.393365396",31.2,51.9
"Voit, Luke",572228,2021,30,241,11,30.7,8.7,".239",".437",".328","0.198",".332",".360",35.3,15.9,52.2,"102.007686522","95.69180529",40.5,51.7
"Walker, Christian",572233,2021,30,445,10,23.8,8.5,".244",".382",".315","0.138",".304",".314",34,6.4,41.1,"100.28235","94.26129266",27.3,53.6
"Zunino, Mike",572287,2021,30,375,33,35.2,9.1,".216",".559",".301","0.343",".358",".355",31.7,24.3,47,"103.927569505","96.400499158",38.8,46.8
"Carpenter, Matt",572761,2021,35,249,3,30.9,14.1,".169",".275",".305","0.106",".269",".338",45,11.5,42,"99.459285625","94.093493906",29.7,38.7
"Dickerson, Corey",572816,2021,32,365,6,18.6,6.8,".271",".408",".326","0.137",".317",".298",29,3,35.7,"99.285067037","93.722231375",24.3,54.3
"Ruf, Darin",573131,2021,34,312,16,27.9,14.7,".271",".519",".385","0.248",".384",".379",41.5,14.3,54.5,"103.131388409","96.537492571",25,38.1
"Yastrzemski, Mike",573262,2021,30,532,25,24.6,9.6,".224",".457",".311","0.233",".326",".316",33.1,10.3,39.3,"99.157264671","93.794353174",24.2,45.9
"Contreras, Willson",575929,2021,29,483,21,28.6,10.8,".237",".438",".340","0.201",".337",".346",30.1,11.2,48.4,"103.658236475","96.307224532",34.7,45.1
"Iglesias, Jose",578428,2021,31,511,9,14.7,4.1,".271",".391",".309","0.120",".304",".299",35.5,3.5,28.6,"96.602792118","92.312438321",18.9,55
"Torreyes, Ronald",591720,2021,28,344,7,11.9,5.5,".242",".346",".286","0.104",".274",".258",30.4,0.4,14.1,"92.098592826","90.2509952",14.2,52.8
"Bryant, Kris",592178,2021,29,586,25,23,10.6,".265",".481",".353","0.216",".356",".347",37.1,10.3,40,"99.222537","93.821051447",28,48.7
"Canha, Mark",592192,2021,32,625,17,20.5,12.3,".231",".387",".358","0.156",".333",".332",36.1,7.1,35.4,"97.938321269","93.004303181",21.5,40.5
"Casali, Curt",592200,2021,32,231,5,28.6,11.3,".210",".350",".313","0.140",".289",".280",35.6,5.9,31.1,"96.608726119","92.448608571",29.5,46.1
"Castellanos, Nick",592206,2021,29,585,34,20.7,7,".309",".576",".362","0.267",".391",".375",44,10.6,46.9,"101.478243413","95.160421779",30.7,55
"Gamel, Ben",592325,2021,29,400,8,26.3,12.8,".247",".388",".347","0.141",".322",".315",41.5,7.9,36.5,"98.769805556","93.550768069",27.2,44.5
"Goodrum, Niko",592348,2021,29,325,9,32.9,8.9,".214",".359",".292","0.145",".286",".304",37.8,10.3,40,"98.972163118","93.633622486",37,48.5
"Judge, Aaron",592450,2021,29,633,39,25,11.8,".287",".544",".373","0.257",".387",".415",38.5,17.8,58.4,"107.090197563","98.864780584",29.1,42.5
"Machado, Manny",592518,2021,28,640,28,15.9,9.8,".278",".489",".347","0.211",".350",".377",33.8,13.3,52.2,"104.861270593","97.161278811",23,48
"Moran, Colin",592567,2021,28,359,10,24.2,10,".258",".390",".334","0.132",".318",".314",34.2,8.2,37.2,"99.644896783","93.994792609",26.9,49.1
"Pederson, Joc",592626,2021,29,481,18,24.3,8.1,".238",".422",".310","0.184",".315",".330",31.2,10.1,47.6,"102.043830449","95.564759776",26.3,48.7
"Realmuto, J.T.",592663,2021,30,537,17,24,8.9,".263",".439",".343","0.176",".336",".329",31.2,8.6,44.7,"101.300227486","94.997809341",27,49.5
"Renfroe, Hunter",592669,2021,29,572,31,22.7,7.7,".259",".501",".315","0.242",".344",".352",32.7,14.4,44.3,"102.674148889","95.514085899",25.9,48.2
"Rosario, Eddie",592696,2021,29,412,14,14.8,6.3,".259",".435",".305","0.176",".316",".322",34.3,5.9,35.8,"98.13205425","93.256977774",19.2,53.5
"Simmons, Andrelton",592743,2021,31,451,3,13.7,7.1,".223",".274",".283","0.051",".252",".263",29.1,0.6,21.8,"94.564850578","91.340361942",16.6,45
"Yelich, Christian",592885,2021,29,475,9,23.8,14.7,".248",".373",".362","0.125",".325",".331",29.4,7.6,48.8,"102.904104931","95.927427979",24.9,41.4
"Merrifield, Whit",593160,2021,32,720,10,14.3,5.6,".277",".395",".317","0.118",".306",".304",40,3.5,28.8,"96.198273099","92.10313669",18.3,50
"Bogaerts, Xander",593428,2021,28,603,23,18.7,10.3,".295",".493",".370","0.198",".368",".358",36.4,9.7,43,"100.949849336","94.630657583",22,45.7
"Alberto, Hanser",593643,2021,28,255,2,10.2,1.6,".270",".402",".291","0.132",".296",".296",32.6,4.5,30.3,"97.114657308","92.602038798",16,64.4
"Polanco, Jorge",593871,2021,27,644,33,18.3,7,".269",".503",".323","0.234",".349",".346",36.1,10.1,37.4,"99.644968803","94.059153897",19.7,49.5
"Sanó, Miguel",593934,2021,28,532,30,34.4,11.1,".223",".466",".312","0.243",".332",".323",32.3,17.8,55.9,"105.463960417","97.768462404",38.2,44.6
"Difo, Wilmer",594694,2021,29,240,4,22.5,8.3,".269",".384",".329","0.115",".312",".276",31.9,4.2,23.5,"94.870747654","91.61334087",28,53.5
"Duvall, Adam",594807,2021,32,555,38,31.4,6.3,".228",".491",".281","0.263",".324",".329",33.3,16.1,43.9,"101.576989532","95.059923684",29.3,50
"Eaton, Adam",594809,2021,32,288,6,24.7,7.6,".201",".327",".282","0.126",".271",".278",29.3,4.3,34,"98.315962778","93.173465556",23.7,47.4
"Gosselin, Phil",594838,2021,32,373,7,21.7,6.4,".261",".362",".314","0.101",".297",".289",30.2,3.4,35.1,"98.441666718","93.387116513",21.2,45.7
"Kiermaier, Kevin",595281,2021,31,390,4,25.4,8.5,".259",".388",".328","0.129",".310",".284",29.6,4,36.4,"97.950420317","93.031935857",31.6,51.5
"Alfaro, Jorge",595751,2021,28,311,4,31.8,3.5,".244",".342",".283","0.098",".274",".293",27.6,8.2,49,"104.04963551","96.498388051",33.2,59.1
"Profar, Jurickson",595777,2021,28,412,4,15.8,11.9,".227",".320",".329","0.093",".293",".304",30.6,2.7,30.2,"96.637331931","92.333732595",17.9,43.7
"Báez, Javier",595879,2021,28,547,31,33.6,5.1,".265",".494",".319","0.229",".344",".318",32.7,13.4,45.2,"102.100878994","95.40051456",40.6,56.9
"Evans, Phillip",595943,2021,28,247,5,21.5,11.3,".206",".299",".312","0.093",".278",".313",25.5,4.3,42.9,"100.887540864","94.73554913",23.6,44.7
"Hedges, Austin",595978,2021,28,312,10,27.9,4.8,".178",".308",".220","0.130",".227",".231",27.8,3.9,30.1,"97.296127449","92.649496531",29.5,54
"Lindor, Francisco",596019,2021,27,524,20,18.3,11.1,".230",".412",".322","0.182",".317",".344",35.6,8.2,44.1,"100.654597006","94.782827712",23.2,47.4
"Odor, Rougned",596059,2021,27,361,15,27.7,7.5,".202",".379",".286","0.177",".289",".292",29.6,9.1,38,"100.043154906","94.176931232",29.1,51
"Slater, Austin",596103,2021,28,306,12,27.5,9.2,".241",".423",".320","0.182",".321",".333",37.4,9.5,41.6,"99.902361489","93.967423936",30.2,45.5
"Story, Trevor",596115,2021,28,595,24,23.4,8.9,".251",".471",".329","0.220",".341",".335",34.2,9.9,42.6,"100.826442959","94.729589592",27.4,50.8
"Vogelbach, Daniel",596129,2021,28,259,9,22.4,16.6,".218",".380",".347","0.162",".323",".337",33.5,8.2,48.7,"101.598522405","95.31562943",19.4,32.9
"Sánchez, Gary",596142,2021,28,440,23,27.5,11.8,".204",".423",".307","0.219",".314",".334",34.4,13.7,42,"101.387474046","94.874494389",29.4,44.1
"Kepler, Max",596146,2021,28,490,19,19.6,11,".211",".413",".306","0.202",".309",".345",35.3,10.8,42.5,"100.947813174","94.654756198",23,44.7
"Franco, Maikel",596748,2021,28,403,11,16.6,5,".210",".355",".253","0.145",".263",".269",28.1,5.1,33.9,"99.462911847","93.782594824",24.1,50.1
"Choi, Ji Man",596847,2021,30,305,11,28.5,14.8,".229",".411",".348","0.182",".334",".340",39.2,9.4,46.8,"101.415282353","95.226775235",31.7,42.5
"Bradley Jr., Jackie",598265,2021,31,428,6,30.8,6.5,".163",".261",".236","0.098",".224",".252",27.9,5.1,40.3,"98.888279922","93.730124086",34.3,47.8
"La Stella, Tommy",600303,2021,32,242,7,10.7,7.4,".250",".405",".308","0.155",".307",".342",36.9,6.2,33.3,"97.900392784","93.14712",12.2,39.7
"Severino, Pedro",600474,2021,27,419,11,26,8.1,".248",".383",".308","0.135",".299",".310",33.5,7.6,38.5,"100.998962681","94.5406432",29.5,47.9
"Candelario, Jeimer",600869,2021,27,626,16,21.6,10.4,".271",".443",".351","0.172",".344",".355",38.6,9,39.1,"99.820428626","94.030826508",23.5,47.6
"Daza, Yonathan",602074,2021,27,331,2,18.1,6.3,".282",".355",".332","0.073",".304",".287",32.3,2,27,"95.398912083","91.715523292",19.8,50.3
"Urías, Ramón",602104,2021,27,296,7,25.7,9.5,".279",".412",".361","0.133",".341",".341",34.4,9.7,42.5,"100.299722391","94.477848641",25.8,43.9
"Ahmed, Nick",605113,2021,31,473,5,22,7.2,".221",".339",".280","0.118",".269",".253",27.9,2.4,27.9,"96.727999817","92.379487034",26.9,50
"Anderson, Brian",605119,2021,28,264,7,24.6,9.8,".249",".378",".337","0.129",".314",".296",33.9,7.7,38.7,"98.54644369","93.476804821",28.3,50.2
"Barnes, Austin",605131,2021,31,225,6,24.9,8.9,".215",".345",".299","0.130",".285",".274",29.7,4.1,31.7,"97.137178611","92.601449231",26.7,44.2
"Bell, Josh",605137,2021,28,568,27,17.8,11.4,".261",".476",".347","0.215",".352",".362",28.5,8.8,52,"103.31235455","96.348443033",24.1,46.7
"Betts, Mookie",605141,2021,28,550,23,15.6,12.4,".264",".487",".367","0.223",".365",".357",34,7.8,41,"99.139157135","94.102277154",16.8,40.4
"Caratini, Victor",605170,2021,27,356,7,23,9.8,".227",".323",".309","0.096",".273",".291",31.5,6.8,44.3,"101.375348291","94.946228034",25.5,44.8
"Davis, J.D.",605204,2021,28,211,5,32.2,11.4,".285",".436",".384","0.151",".357",".337",37.2,12.4,42.5,"100.977158596","94.61092292",41,50.1
"Panik, Joe",605412,2021,30,257,3,13.2,6.6,".208",".284",".266","0.076",".244",".277",33.8,1.5,25.5,"96.124492277","92.076096188",14.4,43.8
"Pérez, Michael",605421,2021,28,231,7,29.4,8.2,".143",".290",".221","0.147",".225",".245",29.6,6.3,33.1,"97.012886714","92.519999643",27.3,46
"Zimmer, Bradley",605548,2021,28,348,8,35.1,8.6,".227",".344",".325","0.117",".300",".319",30.4,9.4,42.5,"102.634386941","95.519158765",36.4,44.8
"Castro, Harold",605612,2021,27,339,3,21.2,4.1,".283",".359",".310","0.076",".291",".319",44,3.2,38.5,"97.96529065","93.316242886",25.8,57.7
"Tapia, Raimel",606132,2021,27,533,6,13.1,7.5,".273",".372",".327","0.099",".305",".276",19.9,2.1,31.5,"96.953380048","92.476739258",14.7,51.2
"Aquino, Aristides",606157,2021,27,204,10,36.8,13.2,".190",".408",".299","0.218",".303",".302",31.7,14.9,39.6,"101.505933529","94.887180594",39.3,45.1
"Hernández, Teoscar",606192,2021,28,595,32,24.9,6.1,".296",".524",".346","0.228",".369",".366",37.4,14,49,"103.3032702","96.169584775",31.8,51.8
"Mercedes, Yermín",606213,2021,28,262,7,17.6,7.6,".271",".404",".328","0.133",".317",".313",35.4,7.2,29.2,"98.111283776","93.084708974",22,53.5
"Marte, Ketel",606466,2021,27,374,14,16,8.3,".318",".532",".377","0.214",".385",".371",33.5,8.9,48.4,"102.733084286","95.652881541",17.3,45.9
"Haase, Eric",606992,2021,28,381,22,31.2,6.8,".231",".459",".286","0.228",".316",".321",35.9,13.7,47.9,"102.221321624","95.458014188",34.7,48.1
"Nimmo, Brandon",607043,2021,28,385,8,20.3,14,".293",".438",".402","0.145",".370",".346",34.3,4.1,41.1,"100.055118689","94.323742263",22.5,42.5
"Peterson, Jace",607054,2021,31,302,6,22.5,12.6,".247",".367",".348","0.120",".318",".320",34.2,5.2,34.7,"98.012142813","93.102308586",27.2,40.3
"Turner, Trea",607208,2021,28,646,28,17,6.3,".328",".536",".375","0.208",".386",".363",34.6,7.4,46.2,"101.311622295","94.938968542",23,49.2
"Beaty, Matt",607461,2021,28,234,7,18.8,8.5,".270",".402",".363","0.132",".339",".306",26.9,3.8,30.6,"97.183536","92.5925725",19.2,45.9
"Pillar, Kevin",607680,2021,32,348,15,23.6,3.2,".230",".414",".276","0.184",".296",".281",34.7,7.3,31.8,"97.289337398","92.668278857",24.6,52.6
"Stallings, Jacob",607732,2021,31,427,8,19.9,11.5,".246",".369",".335","0.123",".312",".313",37.1,4.5,36.4,"98.149676897","93.250874586",23.4,42.5
"Ramírez, José",608070,2021,28,636,36,13.7,11.3,".266",".538",".355","0.272",".372",".376",33.4,11.2,42.4,"100.864817586","94.821900043",14.9,43
"Bregman, Alex",608324,2021,27,400,12,13.3,11,".270",".422",".355","0.152",".336",".334",33.8,6.4,38.1,"98.729469933","93.691938758",13.5,41.4
"Gallo, Joey",608336,2021,27,616,38,34.6,18,".199",".458",".351","0.259",".348",".350",29.4,18.7,45.8,"103.455349562","96.100400474",38.8,40.4
"Kelly, Carson",608348,2021,26,359,13,20.6,12.3,".240",".411",".343","0.171",".328",".345",37.9,8.5,34,"98.077323898","93.187875532",25,42
"Seager, Corey",608369,2021,27,409,16,16.1,11.7,".306",".521",".394","0.215",".389",".392",36.6,12.4,49.3,"102.128592069","95.562976483",28.1,53.3
"Winker, Jesse",608385,2021,27,485,24,15.5,10.9,".305",".556",".394","0.251",".403",".388",38.2,11.2,47.1,"101.264512356","95.148046121",20.2,45.1
"Murphy, Tom",608596,2021,30,325,11,30.5,12.3,".202",".350",".304","0.148",".291",".291",30.9,8.8,38.1,"99.422102637","93.881376906",33.3,44.5
"Mayfield, Jack",608686,2021,30,290,10,23.4,5.9,".218",".387",".272","0.169",".284",".252",28.2,6.5,26.7,"96.160469167","92.102882708",24.7,52.9
"Reyes, Franmil",614177,2021,25,466,30,32,9.2,".254",".522",".324","0.268",".354",".354",31.3,17.2,48.5,"104.748650075","96.767001157",33.7,45.4
"Torrens, Luis",620443,2021,25,378,15,26.2,7.4,".243",".431",".299","0.188",".311",".318",34.4,10.4,43.2,"100.339014677","94.639265968",27.4,45.3
"Swanson, Dansby",621020,2021,27,653,27,25.6,8,".248",".449",".311","0.201",".322",".329",36.8,11.4,42.7,"99.888272056","94.152698735",30.4,48.1
"Newman, Kevin",621028,2021,27,554,5,7.4,4.9,".226",".309",".265","0.083",".249",".278",32,1.6,26,"95.837500212","91.93298839",12.1,44.9
"Taylor, Chris",621035,2021,30,582,20,28.7,10.8,".254",".438",".344","0.184",".338",".329",38.1,10.2,38.1,"99.754756176","93.990311298",32.8,45.6
"Correa, Carlos",621043,2021,26,640,26,18.1,11.7,".279",".485",".366","0.206",".364",".370",33.5,9.4,42.7,"101.559240852","95.042767326",20.9,42.1
"Dahl, David",621311,2021,27,220,4,26.8,4.5,".210",".322",".247","0.112",".246",".295",37.3,6.7,36.7,"98.355703067","93.28542953",26.7,52.9
"Phillips, Brett",621433,2021,27,292,13,38.7,11.3,".206",".427",".300","0.221",".313",".285",31.9,11.1,45.1,"100.118117143","94.459645357",36.5,42.6
"Taylor, Tyrone",621438,2021,27,271,12,21.8,7.4,".247",".457",".321","0.210",".333",".313",29.7,7.6,37.3,"99.420409247","93.871791838",23.6,49.2
"Buxton, Byron",621439,2021,27,254,19,24.4,5.1,".306",".647",".358","0.341",".419",".408",35.3,17.9,53.8,"104.685828953","97.053762616",29.4,53
"Brinson, Lewis",621446,2021,27,290,9,24.8,4.5,".226",".376",".263","0.150",".275",".285",29.9,6.4,37.7,"99.908491863","94.080305911",31.8,55.6
"Duggar, Steven",621453,2021,27,297,8,29.6,9.1,".257",".437",".330","0.180",".327",".303",40,8.4,33.9,"98.188827865","93.277028757",27.7,41.9
"Stewart, DJ",621466,2021,27,318,12,28,13.8,".204",".374",".324","0.170",".310",".313",29.3,9.4,34.3,"99.077311","93.573858771",31.8,47.1
"Ward, Taylor",621493,2021,27,237,8,23.2,8.4,".250",".438",".332","0.188",".333",".342",39.1,10.3,39.7,"100.613691486","94.599493581",25.1,47
"Wisdom, Patrick",621550,2021,29,375,28,40.8,8.5,".231",".518",".305","0.287",".346",".320",39.5,16.2,51.9,"102.998189677","96.238947568",41.3,50
"Wendle, Joey",621563,2021,31,501,11,22.6,5.6,".265",".422",".319","0.157",".317",".287",30.6,4.6,34.6,"98.186461965","93.246941532",25,48.1
"Olson, Matt",621566,2021,27,673,39,16.8,13.1,".271",".540",".371","0.269",".379",".378",32.4,12.7,48.8,"102.889106926","95.968662554",23.1,47
"Duffy, Matt",622110,2021,30,322,5,19.6,7.8,".287",".381",".357","0.094",".327",".326",40.5,4,34.8,"97.109602655","92.7019352",15.4,42.4
"Margot, Manuel",622534,2021,26,464,10,15.1,8,".254",".382",".313","0.128",".301",".316",31.5,5.1,40.2,"99.808768523","93.961249772",20.5,51.1
"Reyes, Victor",622682,2021,26,220,5,25,3.6,".258",".416",".284","0.158",".298",".296",37.6,8.3,35,"98.719452763","93.428455263",25.3,55.1
"Mateo, Jorge",622761,2021,26,209,4,26.3,4.3,".247",".376",".293","0.129",".291",".287",33.3,5.7,31.2,"97.805720714","92.986843669",30.4,50.9
"Bote, David",623520,2021,28,327,8,22.3,8.3,".199",".330",".276","0.131",".268",".308",27.5,10,43.7,"102.139621636","95.308141545",25,47.4
"Ramírez, Harold",623912,2021,26,361,7,15.5,3.9,".268",".398",".305","0.130",".302",".306",24.5,6.3,47.2,"102.899398392","95.900678077",23.9,55.2
"Santander, Anthony",623993,2021,26,438,18,23.1,5.3,".241",".433",".286","0.192",".307",".329",34.5,8.4,43.5,"101.427339286","95.071361201",25.1,51.5
"Alonso, Pete",624413,2021,26,637,37,19.9,9.4,".262",".519",".344","0.257",".363",".376",34.5,14.9,47.3,"103.709055662","96.163804165",24.9,49.3
"Biggio, Cavan",624415,2021,26,294,7,26.5,12.6,".224",".356",".322","0.132",".298",".291",32.8,5.6,31.6,"97.655151477","93.044143543",25.7,41.5
"Conforto, Michael",624424,2021,28,479,14,21.7,12.3,".232",".384",".344","0.152",".322",".349",32.9,9.2,39.5,"99.624073158","93.947085809",23.3,44.3
"Frazier, Adam",624428,2021,29,639,5,10.8,7.5,".305",".411",".368","0.106",".341",".325",38.9,1,25.2,"94.770636087","91.395336317",12.4,47.6
"Trevino, Jose",624431,2021,28,302,5,18.9,4,".239",".340",".267","0.101",".261",".288",33.5,4.3,36.9,"98.521216983","93.321543463",22.4,48.2
"Gordon, Nick",624503,2021,25,216,4,25.5,5.6,".240",".355",".292","0.115",".283",".320",35.6,6.8,47.9,"99.872461781","94.586008425",28.4,57.7
"McGuire, Reese",624512,2021,26,217,1,20.3,6.9,".253",".343",".310","0.090",".289",".283",39.7,2.6,32.7,"97.267607105","92.776742384",21.4,50.3
"Nuñez, Dom",624513,2021,26,263,10,34.6,12.9,".189",".399",".293","0.210",".294",".261",39.1,9.4,31.2,"97.334386957","92.77074562",32.8,41.1
"Soler, Jorge",624585,2021,29,602,27,23.6,11.1,".223",".432",".316","0.209",".323",".359",30.9,12.7,47,"103.589178942","96.139729418",29.2,44.8
"Sosa, Edmundo",624641,2021,25,326,6,19.3,5.2,".271",".389",".346","0.118",".322",".320",28.9,4,32,"97.971031681","93.0175588",27.9,53.6
"Heredia, Guillermo",628338,2021,30,347,5,23.3,9.2,".220",".354",".311","0.134",".292",".291",35.6,4,34.7,"98.091220179","93.063741473",27.5,49.6
"Hernandez, Yadiel",628450,2021,33,289,9,20.4,7.6,".273",".413",".329","0.140",".320",".312",31.4,5.8,38.6,"98.77171534","93.810419175",28.3,49
"Ibáñez, Andy",628451,2021,28,272,7,12.9,5.5,".277",".435",".321","0.158",".325",".318",35.5,7.3,38.6,"98.872548532","93.626062615",20.5,51.6
"Cronenworth, Jake",630105,2021,27,643,21,14,8.6,".266",".460",".340","0.194",".341",".344",35.8,7.3,35,"98.727004664","93.509905895",13.7,43.2
"Frazier, Clint",640449,2021,26,218,5,29.8,14.7,".186",".317",".317","0.131",".289",".312",28.8,10.2,41.5,"101.669189322","94.867958729",30.1,37.8
"Meadows, Austin",640457,2021,26,591,27,20.6,10,".234",".458",".315","0.224",".327",".325",36.1,8.7,37.9,"99.236473035","93.763605871",24.4,46.7
"Mercado, Óscar",640458,2021,26,238,6,17.6,8.8,".224",".369",".300","0.145",".294",".283",24.9,4.1,27.7,"96.160471786","92.105837186",26.7,47.6
"Pinder, Chad",640461,2021,29,233,6,26.6,6.9,".243",".411",".300","0.168",".307",".352",36.6,16.3,54.2,"102.714990909","96.220786993",28.1,49.1
"Anderson, Tim",641313,2021,28,551,17,21.6,4,".309",".469",".338","0.160",".345",".322",32.5,8,42.3,"100.468994726","94.526930721",25.9,57.8
"Bauers, Jake",641343,2021,25,315,4,24.8,9.5,".209",".277",".290","0.068",".257",".293",36.3,5.4,37.7,"98.990606238","93.653642836",26.9,47.5
"Bellinger, Cody",641355,2021,25,350,10,26.9,8.9,".165",".302",".240","0.137",".237",".279",33.5,7.2,34.4,"98.249680721","93.232864369",29.7,51.4
"Calhoun, Willie",641432,2021,26,284,6,12,7.4,".250",".381",".310","0.131",".301",".322",28.6,3.5,41.9,"100.611673158","94.711764802",16,44.5
"Collins, Zack",641470,2021,26,232,4,30.2,14.7,".209",".337",".329","0.128",".299",".319",40.9,10.3,44.1,"101.124713871","95.218920726",28.4,44.2
"Crawford, J.P.",641487,2021,26,687,9,16.6,8.4,".273",".376",".338","0.103",".314",".300",34.3,2.4,30.6,"97.337774462","92.671236474",15.5,44.2
"Dozier, Hunter",641531,2021,29,543,16,28.4,7.9,".216",".394",".285","0.178",".293",".298",33,8.8,42.2,"100.920294588","94.659477906",32.4,48.8
"Fraley, Jake",641584,2021,26,265,9,26.8,17.4,".210",".369",".352","0.159",".322",".337",38.4,6.2,33.6,"97.840943699","92.954708414",28.6,39.8
"Garver, Mitch",641598,2021,30,243,13,29.2,12.8,".256",".517",".358","0.261",".372",".387",38.4,17.4,53.6,"103.147161304","96.32265529",30,38.8
"Hampson, Garrett",641658,2021,26,494,11,23.9,6.7,".234",".380",".289","0.146",".288",".293",34.7,5,31.2,"97.242538491","92.696106215",23.9,46
"Heim, Jonah",641680,2021,26,285,10,20.4,5.3,".196",".358",".239","0.162",".256",".287",34.6,6.2,37.9,"99.166240095","93.627588278",21.6,50
"Mancini, Trey",641820,2021,29,616,21,23.2,8.3,".255",".432",".326","0.177",".326",".340",36,10.4,42,"101.505868937","94.869304891",29.6,47
"McKinney, Billy",641856,2021,26,300,9,26.3,10.7,".192",".358",".280","0.166",".277",".289",30.9,6.4,34.6,"98.187748191","93.259317074",23.3,43.2
"McMahon, Ryan",641857,2021,26,596,23,24.7,9.9,".254",".449",".331","0.195",".334",".326",40.2,7.3,43.5,"100.810510524","94.736908351",29.2,48.8
"O'Neill, Tyler",641933,2021,26,537,34,31.3,7.1,".286",".560",".352","0.274",".384",".387",39.9,17.9,52.2,"104.172238365","97.016212516",34.7,49.8
"Smith, Dominic",642086,2021,26,493,11,22.7,6.5,".244",".363",".304","0.119",".291",".325",40.6,6.5,40.6,"99.236681294","93.860401735",27.7,52
"Tellez, Rowdy",642133,2021,26,325,11,20,7.1,".242",".414",".305","0.172",".306",".339",35.6,11.7,48.1,"103.628501293","96.278980779",23.3,48.5
"Valaika, Pat",642162,2021,28,281,5,27,5.7,".201",".290",".250","0.089",".238",".268",40.6,4.8,32.6,"97.799003978","92.940658432",27.3,52.5
"VanMeter, Josh",642165,2021,26,310,6,26.8,10.6,".212",".354",".297","0.142",".287",".274",30.1,5.2,36.8,"98.3083825","93.411424635",26.8,39.7
"White, Eli",642201,2021,27,220,6,30,8.2,".177",".308",".259","0.131",".253",".250",31.1,6.8,22.7,"95.641756719","91.824571328",30.2,48.7
"Mejía, Francisco",642336,2021,25,277,6,17.7,6.1,".260",".416",".322","0.156",".320",".285",34.8,4.4,28.9,"96.732260693","92.387852388",20.5,55.4
"Sierra, Magneuris",642423,2021,25,225,0,22.2,6.7,".230",".268",".281","0.038",".239",".242",26.3,0,18.8,"93.137664615","90.706650581",22.2,50.3
"Rosario, Amed",642708,2021,25,588,11,20.4,5.3,".282",".409",".321","0.127",".315",".303",32,2.8,43.5,"100.074259533","94.248108388",24.8,48.9
"Adames, Willy",642715,2021,25,555,25,28.1,10.3,".262",".481",".337","0.219",".349",".324",35.1,11.4,44.7,"100.71382731","94.667554152",32.6,48.9
"Gutiérrez, Kelvin",642721,2021,26,295,3,25.8,6.4,".232",".316",".292","0.084",".270",".266",27.6,3.6,44.9,"101.851865918","95.242715795",31.2,45
"Alcántara, Sergio",642727,2021,24,255,5,29,11.8,".205",".327",".303","0.122",".279",".279",32.9,3.4,33.6,"96.804458514","92.614091497",30,42.5
"Benintendi, Andrew",643217,2021,26,538,17,18,6.7,".276",".442",".324","0.166",".328",".328",38.5,8.9,43.2,"98.80441545","93.810618421",22.5,52.5
"Cooper, Garrett",643265,2021,30,250,9,27.2,12,".284",".465",".380","0.181",".367",".361",36.5,10.8,52.7,"103.574053108","96.420640135",27.2,45.9
"Jansen, Danny",643376,2021,26,205,11,21.5,8.3,".223",".473",".299","0.250",".329",".333",34.8,8.6,44.7,"100.434504348","94.821972609",25.6,49.1
"Kemp, Tony",643393,2021,29,397,8,12.8,13.1,".279",".418",".382","0.139",".351",".324",38.9,1,21.9,"94.470356522","91.31408413",15.9,42
"Kiner-Falefa, Isiah",643396,2021,26,677,8,13.3,4.1,".271",".357",".312","0.086",".293",".292",31.6,1.8,28.8,"96.328326447","92.167027033",14.5,46.5
"McNeil, Jeff",643446,2021,29,426,7,13.6,6.8,".251",".360",".319","0.109",".301",".316",30.4,4.3,33.4,"97.717491472","93.070663221",18.2,56.1
"Schwindel, Frank",643524,2021,29,259,14,15.8,6.2,".326",".591",".371","0.265",".403",".333",32.8,8,39.8,"100.1826606","94.153569497",23.2,52.1
"Chang, Yu",644374,2021,25,251,9,27.5,4.4,".228",".426",".267","0.198",".294",".281",37.9,7.1,33.7,"98.78260881","93.420081726",26.8,49.8
"Albies, Ozzie",645277,2021,24,686,30,18.7,6.9,".259",".488",".310","0.229",".336",".327",37,9.3,37.2,"98.68556664","93.56121501",24.9,56.8
"Robles, Victor",645302,2021,24,368,2,22.8,9,".204",".296",".310","0.092",".275",".290",31.9,2.6,27.2,"96.924650463","92.463055",25.6,47.7
"Devers, Rafael",646240,2021,24,664,38,21.5,9.3,".279",".538",".352","0.259",".373",".391",35.2,15.1,51.8,"104.101831156","96.761008486",27.7,53.6
"Naylor, Josh",647304,2021,24,250,7,18,5.6,".253",".399",".301","0.146",".302",".304",31.4,7.4,42.6,"101.336485851","94.959186489",21.3,52.7
"Toro, Abraham",647351,2021,24,375,11,14.4,8.3,".239",".373",".315","0.134",".303",".324",29.7,7.5,33.9,"97.863176028","93.019502989",17.6,47.9
"Díaz, Aledmys",649557,2021,30,319,8,19.4,5,".259",".405",".317","0.146",".311",".318",34.1,6.5,44.8,"100.732657328","94.707685647",22.5,53.4
"Urías, Luis",649966,2021,24,570,23,20.4,11.1,".249",".445",".345","0.196",".340",".330",34.9,9.3,40.5,"99.110538783","93.797357825",22.8,46.3
"Arraez, Luis",650333,2021,24,479,2,10,9,".294",".376",".357","0.082",".321",".340",41.5,2.3,30.6,"96.178421451","92.305646935",10.8,43.5
"Jiménez, Eloy",650391,2021,24,231,10,24.7,6.9,".249",".437",".303","0.188",".317",".323",29.9,11.1,45.8,"101.804865195","95.260156405",33.8,52.6
"Torres, Gleyber",650402,2021,24,516,9,20.2,9.7,".259",".366",".331","0.107",".307",".330",37.1,7.8,35.7,"98.748265196","93.463817961",26.3,46.7
"Castro, Willi",650489,2021,24,450,9,24.2,5.1,".220",".351",".273","0.131",".271",".285",35.2,5.2,29.4,"98.135850329","93.089373663",29.3,56.6
"Díaz, Yandy",650490,2021,29,541,13,15.7,12.8,".256",".387",".353","0.131",".325",".333",28.9,7,40.6,"101.639064531","95.019968229",19.3,42.6
"De La Cruz, Bryan",650559,2021,24,219,5,24.2,8.2,".296",".427",".356","0.131",".339",".303",35.4,5.4,42.2,"99.438884865","93.895452993",25.2,50.1
"Bradley, Bobby",656252,2021,25,279,16,35.5,9,".208",".445",".294","0.237",".314",".332",37.6,16.8,40.9,"101.4954344","94.956755839",40.3,47.8
"Chapman, Matt",656305,2021,28,622,27,32.5,12.9,".210",".403",".314","0.193",".311",".318",32.1,13.7,41.7,"101.114826012","94.75382",32.7,44.6
"Díaz, Isan",656371,2021,25,278,4,26.3,12.2,".193",".282",".293","0.089",".252",".273",27.6,4.1,36.5,"99.047439048","93.623123393",32.1,43.7
"Hilliard, Sam",656541,2021,27,238,14,36.6,9.7,".215",".463",".294","0.248",".318",".311",32.3,15,38.6,"101.761216508","95.169902778",41.5,47.2
"Hoskins, Rhys",656555,2021,28,443,27,24.4,10.6,".247",".530",".334","0.283",".364",".377",36.7,17,46.3,"101.79413669","95.329740106",26.4,44.4
"Joe, Connor",656582,2021,28,211,8,19.4,12.3,".285",".469",".379","0.184",".366",".369",39.7,9.9,39,"99.739888451","93.940764681",23.5,41.7
"Mullins, Cedric",656775,2021,26,675,30,18.5,8.7,".291",".518",".360","0.227",".372",".338",35.7,8.1,39.4,"99.369452076","93.977727373",20.8,46.3
"O'Hearn, Ryan",656811,2021,27,254,9,28,5.1,".225",".369",".268","0.144",".274",".293",33.3,8.4,45.2,"101.514606548","95.165597186",29.2,51.1
"Peters, DJ",656847,2021,25,240,13,34.2,5,".197",".422",".242","0.225",".272",".275",30.6,11.3,38.9,"101.229175352","94.728454085",36.9,56.8
"Schwarber, Kyle",656941,2021,28,471,32,27,13.6,".266",".554",".374","0.288",".392",".397",36.9,17.6,52.2,"103.877508029","96.636824762",28.6,41.4
"Smith, Pavin",656976,2021,25,545,11,19.4,7.7,".267",".404",".328","0.137",".318",".315",33.6,5.1,42.7,"100.06822449","94.188626913",17.3,42.1
"Thomas, Lane",657041,2021,25,264,7,23.9,14,".235",".412",".341","0.177",".328",".322",31.7,7.4,45.7,"100.617516173","94.834024691",21.1,40
"Verdugo, Alex",657077,2021,25,604,13,15.9,8.4,".289",".426",".351","0.137",".334",".342",34.9,7.3,43.3,"100.363833673","94.50134427",17.7,44.7
"DeJong, Paul",657557,2021,27,402,19,25.6,8.7,".197",".390",".284","0.193",".293",".311",33.3,10.6,35.3,"98.561855703","93.314646549",27.9,50
"Laureano, Ramón",657656,2021,26,378,14,25.9,7.1,".246",".443",".317","0.197",".327",".333",37.7,10.7,40.2,"100.500252231","94.372962107",27,48.4
"Fuentes, Joshua",658069,2021,28,284,7,22.9,4.2,".225",".351",".257","0.126",".261",".233",28,2.4,27.5,"95.76821125","91.906407923",27.2,59.3
"Moncada, Yoán",660162,2021,26,616,14,25.5,13.6,".263",".412",".375","0.149",".347",".352",40,8.3,41.2,"100.949227444","94.870101083",28.1,42.6
"Ohtani, Shohei",660271,2021,26,639,46,29.6,15,".257",".592",".372","0.335",".393",".410",35.4,22.4,53.6,"105.900177151","97.802022297",35.1,45.8
"Tsutsugo, Yoshi",660294,2021,29,262,8,27.5,11.1,".217",".383",".307","0.166",".302",".280",28.7,6.9,38.1,"98.980018375","93.599029623",27.3,45.4
"Acuña Jr., Ronald",660670,2021,23,360,24,23.6,13.6,".283",".596",".394","0.313",".412",".430",39.6,20.4,54.8,"105.900401111","97.833230741",27.6,42.8
"Sánchez, Jesús",660821,2021,23,251,14,31.1,8,".251",".489",".319","0.238",".339",".331",38,12.7,42.7,"102.065094933","95.253609267",29.2,50.2
"Varsho, Daulton",662139,2021,24,315,11,21.3,9.5,".246",".437",".318","0.191",".322",".324",31.7,7.3,39.9,"99.81795981","94.023502143",24.7,51.5
"Riley, Austin",663586,2021,24,662,33,25.4,7.9,".303",".531",".367","0.228",".379",".365",36.5,13.3,45.6,"102.871134252","95.650249087",28.3,50.2
"Madrigal, Nick",663611,2021,24,215,2,7.9,5.1,".305",".425",".349","0.120",".335",".289",27.7,1.1,23.4,"95.013567143","91.522681099",8.4,45.5
"Larnach, Trevor",663616,2021,24,301,7,34.6,10.3,".223",".350",".322","0.127",".300",".308",34.8,9.5,41.1,"102.03220038","95.168202975",39,43.8
"Mountcastle, Ryan",663624,2021,24,586,33,27.5,7,".255",".487",".309","0.232",".335",".325",38.9,11.8,39.7,"100.499725842","94.394270947",31.6,55.1
"Hayes, Ke'Bryan",663647,2021,24,396,6,22,7.8,".257",".373",".316","0.116",".301",".292",27.4,5.1,45.8,"101.38046971","95.083472",20.6,43.5
"Tucker, Kyle",663656,2021,24,567,30,15.9,9.3,".294",".557",".359","0.263",".383",".394",42,11.6,47.5,"100.838759238","95.0535942",20.3,52.5
"India, Jonathan",663697,2021,24,631,21,22.3,11.3,".269",".459",".376","0.190",".363",".352",33.6,9.6,38.6,"99.492120758","93.903783494",25.1,39
"Grisham, Trent",663757,2021,24,527,15,22.6,10.2,".242",".413",".327","0.171",".320",".305",31,5.2,36.8,"99.288052118","93.873059115",21.7,40.5
"Stephenson, Tyler",663886,2021,24,402,10,18.7,10.2,".286",".431",".366","0.145",".346",".325",36.1,5.4,38.2,"98.493700286","93.431145484",19.2,40.4
"Rodgers, Brendan",663898,2021,24,415,15,20.2,4.6,".284",".470",".328","0.186",".341",".310",30.5,6.3,40.3,"100.401677303","94.342929835",23,52.5
"Lowe, Nathaniel",663993,2021,25,642,18,25.2,12.5,".264",".415",".357","0.151",".337",".323",31.4,9.5,45.5,"101.920030352","95.281020854",23.5,44.7
"Happ, Ian",664023,2021,26,535,25,29.2,11.6,".226",".434",".323","0.208",".328",".319",30.8,11,41.3,"100.682785163","94.566082557",32.3,43.9
"France, Ty",664034,2021,26,650,18,16.3,7.1,".291",".445",".368","0.154",".353",".346",35.9,6.8,38.9,"99.630842766","93.91855583",19.1,50.3
"Lowe, Brandon",664040,2021,26,615,39,27.2,11.1,".247",".523",".340","0.276",".363",".355",37.2,14,43.1,"100.943196413","94.724953913",32.8,52.5
"Bader, Harrison",664056,2021,27,401,16,21.2,6.7,".267",".460",".324","0.193",".331",".291",27.1,7,31.7,"98.203918169","93.140672887",24.7,47.5
"Stevenson, Andrew",664057,2021,27,215,5,29.3,6,".227",".335",".291","0.108",".274",".295",28.4,6,44.8,"101.036386875","94.811575234",28.5,49.3
"Fletcher, David",664058,2021,27,665,2,9,4.7,".262",".324",".297","0.062",".273",".283",30.4,0,15.7,"92.699582975","90.523997527",9.5,46.5
"Moore, Dylan",664238,2021,28,377,12,29.4,10.6,".181",".334",".276","0.153",".271",".288",33.3,8.6,33.3,"98.057805046","93.030969495",26.1,41.3
"Straw, Myles",664702,2021,26,638,4,19,10.5,".271",".348",".349","0.077",".311",".305",42.4,1.4,26.2,"95.745180045","91.903120433",13.6,40.4
"Bohm, Alec",664761,2021,24,417,7,26.6,7.4,".247",".342",".305","0.095",".285",".312",33.3,6.6,49.5,"101.960323162","95.478773173",26.7,48.9
"Wade Jr., LaMonte",664774,2021,27,381,18,23.4,8.7,".253",".482",".326","0.229",".343",".344",37.8,10.6,41.7,"99.91660256","94.305052008",20,46.1
"Brown, Seth",664913,2021,28,307,20,29,7.5,".214",".480",".274","0.266",".315",".315",33.5,13.9,40.2,"100.576939794","94.384315773",32.4,44.9
"Walsh, Jared",665120,2021,27,585,29,26,8.2,".277",".509",".340","0.232",".357",".326",33.6,11.4,41.3,"101.717289841","94.980015517",26.1,49.3
"Tatis Jr., Fernando",665487,2021,22,546,42,28,11.4,".282",".611",".364","0.329",".403",".407",33.1,21.3,55.6,"105.698422927","97.793088537",34.8,51.5
"Guerrero Jr., Vladimir",665489,2021,22,698,48,15.8,12.3,".311",".601",".401","0.290",".419",".422",33.7,15.2,55.2,"106.811861538","98.446351968",27.8,47.3
"Soto, Juan",665742,2021,22,654,29,14.2,22.2,".313",".534",".465","0.221",".420",".429",29.7,13.3,52.7,"104.58028599","97.062348402",20,35
"Chisholm Jr., Jazz",665862,2021,23,507,18,28.6,6.7,".248",".425",".303","0.177",".312",".307",29,9,42,"100.832046938","94.723985799",29.9,47.2
"Giménez, Andrés",665926,2021,22,210,5,25.7,5.2,".218",".351",".282","0.133",".277",".273",23.2,3.6,30.4,"97.754171791","92.896008284",29.9,58
"Kirilloff, Alex",666135,2021,23,231,8,22.5,6.1,".251",".423",".299","0.172",".307",".364",39,12.8,43.9,"100.368274756","94.800398049",26.9,54.7
"Lux, Gavin",666158,2021,23,381,7,21.8,10.8,".242",".364",".328","0.122",".303",".319",34.6,3.9,40.2,"99.896720315","94.19011626",22.9,46.6
"Bichette, Bo",666182,2021,23,690,29,19.9,5.8,".298",".484",".343","0.186",".354",".349",33.5,9.9,47.5,"102.637648103","95.817675415",22.3,57.8
"Carlson, Dylan",666185,2021,22,619,18,24.6,9.2,".266",".437",".343","0.171",".336",".320",40.6,7.1,31.1,"97.425225408","92.83641898",27.9,45
"Kieboom, Carter",666198,2021,23,249,6,24.9,10,".207",".318",".301","0.111",".275",".300",28.7,3.8,36.3,"97.870414684","92.966641783",29.5,49.1
"Dalbec, Bobby",666915,2021,26,453,25,34.4,6.2,".240",".494",".298","0.254",".334",".344",36.3,20.2,48.1,"103.531018321","96.182176603",38.2,50.4
"García, Adolis",666969,2021,28,622,31,31.2,5.1,".243",".454",".286","0.211",".314",".296",29.4,11.5,45.5,"101.116772974","95.023074923",34.2,54.1
"Gurriel Jr., Lourdes",666971,2021,27,541,21,18.9,5.9,".276",".466",".319","0.190",".333",".339",35.8,9.7,43,"100.4470094","94.556565915",24.2,50.9
"Rooker, Brent",667670,2021,26,213,9,32.9,7,".201",".397",".291","0.196",".301",".339",37.8,12.6,48.7,"102.936339333","95.956213445",33.4,47.8
"Arozarena, Randy",668227,2021,26,604,20,28.1,9.3,".274",".459",".356","0.185",".350",".298",29.7,8.3,42.3,"101.268214833","94.942033565",32.6,44.2
"Baddoo, Akil",668731,2021,22,461,13,26.5,9.8,".259",".436",".330","0.177",".329",".310",37.4,8.8,32.3,"97.336299252","92.67365534",30.3,46.4
"Reynolds, Bryan",668804,2021,26,646,24,18.4,11.6,".302",".522",".390","0.220",".385",".385",39.9,10.4,40.8,"100.899979412","94.776504943",23.9,48.9
"Rojas, Josh",668942,2021,27,550,11,24.9,10.5,".264",".411",".341","0.147",".327",".295",40.7,4.9,31.1,"97.144273046","92.673279109",23.6,42.2
"Marsh, Brandon",669016,2021,23,260,2,35,7.7,".254",".356",".317","0.102",".296",".325",44.2,11,51.7,"101.945319861","95.955381818",33,45.5
"Murphy, Sean",669221,2021,26,448,17,25.4,8.9,".216",".405",".306","0.189",".309",".338",31.9,11.4,42.6,"100.661814539","94.600015196",27.8,47.6
"Edman, Tommy",669242,2021,26,691,11,13.7,5.5,".262",".387",".308","0.125",".301",".318",31.5,4.2,35.1,"98.07999625","93.108010092",14.9,47.4
"Solak, Nick",669256,2021,26,511,11,20.9,6.7,".242",".362",".314","0.120",".299",".300",29.3,6.5,33.5,"98.209109143","93.137323639",24.8,46
"Smith, Will",669257,2021,26,501,25,20.2,11.6,".258",".495",".365","0.237",".364",".363",38,10.8,43.8,"99.821996975","94.229229784",21.2,41.9
"Espinal, Santiago",669289,2021,26,246,2,12.2,8.9,".311",".405",".376","0.094",".344",".307",35.8,1.6,22.8,"95.154150313","91.602046649",15.3,47.3
"Hays, Austin",669720,2021,25,529,22,20.2,5.3,".256",".461",".308","0.205",".328",".316",32.2,9.1,39.2,"99.72384466","93.967000942",24.6,46.4
"Lopez, Nicky",670032,2021,26,565,2,13.1,8.7,".300",".378",".365","0.078",".329",".286",27.6,0.7,26.9,"95.857798365","91.988841157",15.7,45.1
"Alvarez, Yordan",670541,2021,24,597,33,24.1,8.4,".278",".532",".347","0.254",".370",".386",37.2,15.9,54.2,"104.437748426","97.123948655",22.7,43.1
"García Jr., Luis",671277,2021,21,247,6,17.4,4.5,".242",".411",".275","0.169",".291",".279",32.1,5.2,30.6,"97.408231667","92.70434151",24.5,52.6
"Kelenic, Jarred",672284,2021,21,377,14,28.1,9.5,".181",".350",".265","0.169",".270",".313",33.2,10,39.2,"99.215218783","93.764851609",26.9,47.6
"Robert Jr., Luis",673357,2021,23,296,13,20.6,4.7,".338",".567",".378","0.229",".399",".386",39.4,12.8,45.1,"102.65444566","95.681735166",28.2,61.5
"Kim, Ha-Seong",673490,2021,25,298,8,23.8,7.4,".202",".352",".270","0.150",".270",".265",31.3,4.5,31.8,"97.736604444","92.873757778",21.6,44.5
"McCormick, Chas",676801,2021,26,321,14,32.7,7.8,".256",".446",".318","0.190",".326",".315",35.8,10.2,49.2,"99.992361064","94.645085401",35.5,46.6
"Franco, Wander",677551,2021,20,308,7,12,7.8,".288",".463",".347","0.175",".348",".331",33.9,4.9,37.6,"98.98682","93.588455673",16.4,49.4
"Jeffers, Ryan",680777,2021,24,293,14,36.9,7.5,".199",".401",".270","0.202",".289",".296",35.8,14.5,44,"101.12803275","94.822462956",34.2,46.3
"Miller, Owen",680911,2021,24,202,4,26.7,4.5,".204",".309",".243","0.105",".241",".267",35.5,5.9,32.6,"97.743301471","92.934511985",26.2,48.9
"Vaughn, Andrew",683734,2021,23,469,15,21.5,8.7,".235",".396",".309","0.161",".306",".333",33.6,11,47.3,"101.715651","95.245244169",24.6,45.4
"Pujols, Albert",405395,2022,42,351,24,15.7,8,".270",".550",".345","0.280",".380",".367",34.5,12,47.3,"102.064436899","95.425491822",21.3,48.2
"Cabrera, Miguel",408234,2022,39,433,5,23.3,6.5,".254",".317",".305","0.063",".275",".277",35.2,4.7,38.2,"99.360961867","93.99969786",27,50.2
"Molina, Yadier",425877,2022,39,270,5,14.8,1.9,".214",".302",".233","0.088",".235",".260",34.1,3.1,26,"95.0195225","91.560423363",22,58.6
"Cruz, Nelson",443558,2022,41,507,10,23.5,9.7,".234",".337",".313","0.103",".292",".322",28,9.4,46.1,"102.29838061","95.468978262",32,50.8
"Peralta, David",444482,2022,34,490,12,23.3,8.4,".251",".415",".316","0.164",".315",".317",35,8.5,44.4,"101.233296566","94.9223429",26.4,50.4
"Longoria, Evan",446334,2022,36,298,14,27.9,9.1,".244",".451",".315","0.207",".330",".330",33.3,12.4,46.8,"101.592486559","95.291511667",29.4,44.4
"Blackmon, Charlie",453568,2022,35,577,16,18.9,5.5,".264",".419",".314","0.155",".317",".304",36.7,4.4,30.6,"97.426435333","92.732128429",21.4,51.5
"Maldonado, Martín",455117,2022,35,379,15,30.6,5.8,".186",".352",".248","0.166",".264",".257",31.6,8.2,40.2,"98.987733509","93.59831443",32.2,49.9
"Chirinos, Robinson",455139,2022,38,220,4,30.5,8.6,".179",".287",".265","0.108",".251",".246",30.8,6.9,33.1,"97.472003281","92.774084488",33.3,50.3
"Solano, Donovan",456781,2022,34,304,4,20.1,6.3,".284",".385",".339","0.101",".319",".318",36.1,6,41.2,"98.956029815","93.601690602",20.9,49.5
"McCutchen, Andrew",457705,2022,35,580,17,21.4,9.8,".237",".384",".316","0.147",".309",".325",36.2,8.6,40,"99.92693269","94.143160838",24.2,44.9
"Turner, Justin",457759,2022,37,532,13,16.7,9.4,".278",".438",".350","0.160",".343",".345",40.6,8,40.6,"99.002545648","93.736858523",20.3,48.2
"Votto, Joey",458015,2022,38,376,11,25.8,11.7,".205",".370",".319","0.165",".310",".327",32.9,11.2,41.3,"100.424827857","94.43276435",29.6,46.5
"Andrus, Elvis",462101,2022,33,577,17,15.9,6.8,".249",".404",".303","0.155",".310",".296",29.1,4.5,34.8,"98.336003699","93.236647643",21.4,45.6
"Santana, Carlos",467793,2022,36,506,19,17.4,14,".202",".376",".316","0.174",".308",".356",31.6,9.3,44.9,"100.993708488","94.851060233",21.3,42.6
"Belt, Brandon",474832,2022,34,298,8,27.2,12.4,".213",".350",".326","0.137",".303",".328",38.5,12.6,38.5,"99.264489048","93.872087679",32.4,47.1
"Brantley, Michael",488726,2022,35,277,5,10.8,11.2,".288",".416",".370","0.128",".345",".374",39.5,6.1,45.1,"99.739801321","94.323002844",12.7,41.5
"Gurriel, Yuli",493329,2022,38,584,8,12.5,5.1,".242",".360",".288","0.118",".285",".275",30.3,1.9,35.6,"98.291200127","93.270425297",14.3,48.5
"Rojas, Miguel",500743,2022,33,507,6,12,5.1,".236",".323",".283","0.087",".268",".292",33.1,1.9,27.1,"96.249960631","92.126001845",15.8,47.9
"Escobar, Eduardo",500871,2022,33,542,20,23.8,7.4,".240",".430",".295","0.190",".311",".321",38.7,9.4,37.6,"99.290072903","93.799689784",27.7,52.4
"Pham, Tommy",502054,2022,34,622,17,26.8,9,".236",".374",".312","0.138",".304",".314",33.2,7.9,48.5,"102.514437436","95.778101436",26,42
"Martinez, J.D.",502110,2022,34,596,16,24.3,8.7,".274",".448",".341","0.174",".343",".352",42,12.5,41.7,"100.92394699","94.707836352",30.1,51.9
"Goldschmidt, Paul",502671,2022,34,651,35,21.7,12.1,".317",".578",".404","0.261",".419",".372",31.8,11.6,47.4,"102.244608246","95.440152299",26.8,41.7
"Gonzalez, Marwin",503556,2022,33,207,6,26.1,6.8,".185",".321",".255","0.136",".257",".285",34.1,5.9,37.3,"98.901115758","93.629768931",23.1,50
"Altuve, Jose",514888,2022,32,604,28,14.4,10.9,".300",".533",".387","0.233",".397",".356",35.4,7.8,29.7,"97.300246419","92.671072541",16.3,44.3
"Hernández, César",514917,2022,32,617,1,18.5,7.3,".248",".318",".311","0.070",".283",".295",33.3,2.5,29.7,"96.449267051","92.257329931",21,47.5
"Segura, Jean",516416,2022,32,387,10,15,6.5,".277",".387",".336","0.110",".320",".303",28.3,4.4,38.4,"99.507672313","93.804578639",18.5,48.8
"Marte, Starling",516782,2022,33,505,16,19.2,5.1,".292",".468",".347","0.176",".355",".333",38.5,6.8,33.9,"99.153544837","93.595179373",24.3,49.8
"d'Arnaud, Travis",518595,2022,33,426,18,21.1,4.5,".268",".472",".319","0.204",".343",".313",35,8.6,38.9,"99.567378882","93.920566898",26.9,52.8
"Donaldson, Josh",518626,2022,36,546,15,27.1,9.9,".222",".374",".308","0.152",".302",".302",34.8,9.9,43.3,"100.977600417","94.867949761",33.3,47.3
"Freeman, Freddie",518692,2022,32,708,21,14.4,11.9,".325",".511",".407","0.186",".393",".406",42.9,9.9,47.8,"100.761588016","95.094269494",19.5,49.3
"Grandal, Yasmani",518735,2022,33,376,5,21,12,".202",".269",".301","0.067",".263",".288",30,4.8,40,"99.46926856","94.06261824",21.6,39.7
"LeMahieu, DJ",518934,2022,33,541,12,13.1,12.4,".261",".377",".357","0.116",".329",".348",32.8,5.3,41.1,"99.499628485","94.048075494",15.7,39.5
"Moustakas, Mike",519058,2022,33,285,7,26.3,8.4,".214",".345",".295","0.131",".286",".275",36.1,6.1,33.9,"98.852222556","93.461727111",29.2,54.3
"Rizzo, Anthony",519203,2022,32,548,32,18.4,10.6,".224",".480",".338","0.256",".352",".352",33.9,11,40.8,"99.612268626","94.102554011",22.8,46.1
"Stanton, Giancarlo",519317,2022,32,452,31,30.3,11.1,".211",".462",".297","0.251",".327",".350",26.9,19.4,52.3,"107.816149318","98.594697985",36.5,43.1
"Perez, Salvador",521692,2022,32,473,23,23,3.8,".254",".465",".292","0.211",".324",".324",34.8,11.2,49,"101.468749294","95.293979056",31.8,57.4
"Flores, Wilmer",527038,2022,30,602,19,17.1,9.8,".229",".394",".316","0.165",".312",".312",35.7,6.3,35.4,"97.672013814","92.963528089",18.9,45.6
"García, Avisaíl",541645,2022,31,380,8,28.7,4.5,".224",".317",".266","0.093",".258",".286",27.6,6.5,44.8,"101.460367339","95.003346734",36.7,59
"Bethancourt, Christian",542194,2022,30,333,11,24,3.6,".252",".409",".283","0.157",".301",".319",31.4,11.8,44.8,"101.959454237","95.365619619",34.7,62.5
"Ozuna, Marcell",542303,2022,31,507,23,24.1,6.1,".226",".413",".274","0.187",".298",".337",31.8,13.1,43.8,"101.775141886","95.035047714",28.7,49.4
"Villar, Jonathan",542340,2022,31,220,3,26.8,6.8,".208",".302",".260","0.094",".250",".251",24.7,2.8,40.4,"100.671592429","94.551199137",35.1,51
"Ortega, Rafael",542364,2022,31,371,7,19.9,11.9,".241",".358",".331","0.117",".305",".319",37.6,4.8,33.7,"97.447746423","92.750083049",19.6,45.4
"Aguilar, Jesús",542583,2022,32,507,16,23.5,5.5,".235",".379",".281","0.144",".288",".302",39.7,6.9,36,"98.459753543","93.301003066",27,49.5
"Berti, Jon",542932,2022,32,404,4,22,10.4,".240",".338",".324","0.098",".298",".311",30.7,5.9,37,"98.782159778","93.452015688",24.5,44.5
"Crawford, Brandon",543063,2022,35,458,9,21.4,8.5,".231",".344",".308","0.113",".289",".292",31,6.7,35.1,"97.909462452","93.081156699",31.9,50.7
"Cron, C.J.",543068,2022,32,632,29,25.9,6.8,".257",".468",".315","0.211",".335",".319",36.8,10.8,42.3,"101.410198894","94.867484771",24.3,47.7
"Gomes, Yan",543228,2022,34,293,8,16,2.7,".235",".365",".260","0.130",".271",".288",37.9,3.4,28.9,"96.735466466","92.387642035",19.4,54.2
"Grossman, Robbie",543257,2022,32,477,7,27,11.7,".209",".311",".310","0.102",".283",".287",38.5,3.5,30.4,"96.176090559","92.129787754",23.9,40.9
"Harrison, Josh",543281,2022,34,425,7,16.7,4.9,".256",".370",".317","0.114",".305",".289",32,3.8,32.3,"96.783559748","92.431292303",21.5,54.7
"Hicks, Aaron",543305,2022,32,453,8,24.1,13.7,".216",".313",".330","0.097",".292",".302",25.2,5.8,33.1,"98.078223577","93.127214322",25.8,41.1
"Higashioka, Kyle",543309,2022,32,248,10,21,4.8,".227",".389",".264","0.162",".282",".322",36.6,9.9,48.1,"101.231678333","95.189627056",26.8,50.6
"Hosmer, Eric",543333,2022,32,419,8,15.3,8.8,".268",".382",".334","0.114",".313",".308",29.3,5.8,39.7,"101.224912803","94.690963706",18.9,49
"Miller, Brad",543543,2022,32,241,7,29,7.5,".212",".320",".270","0.108",".263",".269",27.5,7.9,39.9,"100.033437368","94.372039868",36.3,50.7
"Nola, Austin",543592,2022,32,397,4,15.1,8.6,".251",".329",".321","0.078",".290",".312",35.4,2.4,39.7,"98.960360608","93.682414983",14.4,42.8
"Semien, Marcus",543760,2022,31,724,26,16.6,7.3,".248",".429",".304","0.181",".317",".311",32.4,6.8,34.9,"97.838624343","93.00847117",20.6,47.2
"Springer, George",543807,2022,32,583,25,17.2,9.3,".267",".472",".342","0.205",".352",".345",31.8,8.4,42.3,"101.320507081","94.768491799",28.2,50.9
"Vázquez, Christian",543877,2022,31,426,9,16.2,5.2,".274",".399",".315","0.125",".312",".300",36.1,5.1,36.4,"97.833724337","92.999999849",17.2,49.2
"Wong, Kolten",543939,2022,31,497,15,17.7,9.3,".251",".430",".339","0.179",".336",".309",33.5,5.5,35.5,"97.674374503","92.864768387",20.4,43.1
"Gregorius, Didi",544369,2022,32,232,1,15.5,5.6,".210",".304",".263","0.094",".251",".282",33.3,2.8,22.8,"94.452718539","91.340268249",24,60.5
"García, Leury",544725,2022,31,315,3,20.6,2.2,".210",".267",".233","0.057",".221",".264",30,4.2,35.6,"97.781782479","92.939701197",24.4,56.4
"Vargas, Ildemaro",545121,2022,30,222,4,10.4,3.6,".263",".392",".299","0.129",".302",".259",28.2,2.1,29.3,"96.943626739","92.531312459",12.1,47.7
"Grichuk, Randal",545341,2022,30,538,19,23.6,4.5,".259",".425",".299","0.166",".315",".288",27.3,6.9,43.6,"101.601495926","95.066145714",24.7,50.6
"Stassi, Max",545358,2022,31,375,9,29.9,10.1,".180",".303",".267","0.123",".258",".267",26,9.5,39.5,"98.972653514","93.67534181",34,44.1
"Trout, Mike",545361,2022,30,499,40,27.9,10.8,".283",".630",".369","0.347",".418",".398",37.7,19.7,51,"104.135929733","96.5588815",30.2,43.4
"Almora Jr., Albert",546991,2022,28,235,5,19.6,7.2,".223",".349",".282","0.126",".279",".272",29.8,1.8,25.4,"95.828660964","91.938692242",23.6,51.5
"Harper, Bryce",547180,2022,29,426,18,20.4,10.8,".286",".514",".364","0.228",".369",".381",37.2,12.8,47.9,"102.954593636","96.099964685",28.3,56.2
"Abreu, José",547989,2022,35,679,15,16.2,9.1,".304",".446",".378","0.142",".361",".374",34.5,9.5,51.8,"102.953606518","96.20270568",23.2,47.3
"Díaz, Elias",553869,2022,31,381,9,21.5,6.6,".228",".368",".281","0.140",".284",".273",28.3,5.9,39.3,"100.058292985","94.204058315",22.7,51.8
"Narváez, Omar",553882,2022,30,296,4,19.3,9.8,".206",".305",".292","0.099",".269",".269",36.7,2.4,18.4,"94.078356176","91.054216305",23.4,50
"Suárez, Eugenio",553993,2022,30,629,31,31.2,11.6,".236",".459",".332","0.223",".344",".344",36.4,14.8,43.5,"100.691818466","94.681885812",33.1,41.8
"Urshela, Gio",570482,2022,30,551,13,17.4,7.4,".285",".429",".338","0.144",".332",".327",38.6,7.1,37.6,"99.120552402","93.736875907",21.4,53.1
"Schoop, Jonathan",570731,2022,30,510,11,21,3.7,".202",".322",".239","0.120",".245",".275",29.1,4.8,38.6,"99.967628556","93.993791257",28.2,55.5
"Arenado, Nolan",571448,2022,31,620,30,11.6,8.4,".293",".533",".358","0.240",".381",".343",35.4,8.2,38.9,"99.558566721","93.952810862",19.1,48.4
"Barnhart, Tucker",571466,2022,31,308,1,24,8.1,".221",".267",".287","0.046",".253",".244",30.3,1.9,26,"95.275826176","91.655968177",22.5,46.2
"Farmer, Kyle",571657,2022,31,583,14,17,5.7,".255",".386",".315","0.131",".309",".317",37.7,4.4,33.8,"97.050252093","92.534027326",19.4,50.3
"Haniger, Mitch",571745,2022,31,247,11,26.3,8.1,".246",".429",".308","0.183",".319",".331",31.1,11.8,47.2,"101.996690741","95.72188441",29.6,45.5
"Hernández, Enrique",571771,2022,30,402,6,17.7,8.5,".222",".338",".291","0.116",".280",".298",33.3,5.8,35,"98.797690959","93.474506164",24.6,47.7
"Maile, Luke",571912,2022,31,206,3,26.2,9.2,".221",".326",".301","0.105",".281",".266",33.8,5.4,25.4,"95.943675231","91.987641385",27.6,44.9
"Muncy, Max",571970,2022,31,565,21,25,15.9,".196",".384",".329","0.188",".318",".346",34.3,13.4,45.6,"100.488456196","94.680756043",26.1,38.6
"Myers, Wil",571976,2022,31,286,7,30.1,7.3,".261",".398",".315","0.137",".311",".289",37.6,7.4,37.6,"98.804888523","93.5431",31.2,45.3
"Naquin, Tyler",571980,2022,31,334,11,27.8,5.7,".229",".423",".282","0.194",".303",".325",39.9,9.7,40.8,"100.892608302","94.925001896",30.5,58
"Pollock, AJ",572041,2022,34,527,14,18.6,6.1,".245",".389",".292","0.144",".297",".324",32.9,9.4,42,"100.414319188","94.34853632",24.7,53.6
"Taylor, Michael A.",572191,2022,31,456,9,23.9,7.7,".254",".357",".313","0.103",".297",".294",33.5,6.8,32.9,"98.005175695","93.019305249",29.3,51.5
"Thompson, Trayce",572204,2022,31,255,13,36.5,12.5,".256",".507",".353","0.251",".370",".370",45.3,16.4,46.9,"103.303449063","96.133570313",37.8,43.9
"Voit, Luke",572228,2022,31,568,22,31.5,9.7,".226",".402",".308","0.176",".311",".328",34.6,14.7,44.3,"101.411871585","94.98573844",37.6,52
"Walker, Christian",572233,2022,31,667,36,19.6,10.3,".242",".477",".327","0.235",".346",".362",33.3,11.6,44,"101.466371179","95.00141326",24.6,44.7
"Dickerson, Corey",572816,2022,33,297,6,16.2,4,".267",".399",".300","0.132",".303",".294",32.8,3.8,32.8,"97.888667863","93.019717253",22.8,58.4
"Ruf, Darin",573131,2022,35,388,11,27.1,11.6,".204",".338",".307","0.134",".291",".315",34.5,8.6,40.5,"100.481181724","94.46914931",27.5,40.4
"Yastrzemski, Mike",573262,2022,31,558,17,25.3,10.9,".214",".392",".305","0.178",".307",".314",36.2,11.1,42.5,"99.830966069","94.251098237",22.7,42.9
"Contreras, Willson",575929,2022,30,487,22,21.1,9.2,".243",".466",".349","0.223",".357",".368",30.2,10.6,48.6,"103.238284065","96.034015696",31,50.6
"Iglesias, Jose",578428,2022,32,467,3,12,3.6,".292",".380",".328","0.088",".312",".282",30.6,0.5,27.7,"95.592199372","91.820181257",13.2,51.9
"Canha, Mark",592192,2022,33,542,13,17.9,8.9,".266",".403",".367","0.137",".343",".328",32.2,4.9,36.6,"98.317698315","93.261380654",22.2,42.9
"Castellanos, Nick",592206,2022,30,558,13,23.3,5.2,".263",".389",".305","0.126",".304",".306",36.9,6.6,35.1,"98.393032843","93.293370431",32.2,57
"Drury, Brandon",592273,2022,29,568,28,22.2,6.7,".263",".492",".320","0.229",".350",".321",34.8,10.4,42.2,"100.586892132","94.438998321",21.5,45.9
"Gamel, Ben",592325,2022,30,423,9,23.2,11.3,".232",".369",".324","0.137",".308",".321",38,6.2,37.6,"99.298905","93.815298881",24.1,43.1
"Judge, Aaron",592450,2022,30,696,62,25.1,15.9,".311",".686",".425","0.375",".458",".466",39,26.6,61.9,"107.110072714","99.053359221",29.8,42.7
"Machado, Manny",592518,2022,29,644,32,20.7,9.8,".298",".531",".366","0.233",".382",".345",36.7,9.8,49,"102.622706786","95.790495526",24.9,50.8
"Pederson, Joc",592626,2022,30,433,23,23.1,9.7,".274",".521",".353","0.247",".373",".367",34.2,15.2,52.1,"103.347393857","96.58467276",24.5,46.1
"Realmuto, J.T.",592663,2022,31,562,22,21.2,7.3,".276",".478",".342","0.202",".354",".354",35.6,11.3,47.2,"101.252893641","95.157569177",25.7,49
"Renfroe, Hunter",592669,2022,30,522,29,23.2,7.5,".255",".492",".315","0.237",".347",".324",32.7,10.9,43.6,"101.645981292","95.173188394",27,47.8
"Rosario, Eddie",592696,2022,30,270,5,25.2,6.3,".212",".328",".259","0.116",".258",".254",32.4,5.4,33,"97.161292527","92.836894341",32.2,53.5
"Yelich, Christian",592885,2022,30,671,14,24.1,13.1,".252",".383",".355","0.131",".328",".340",30.3,8.2,48.6,"102.984892126","96.020852446",25.1,43.2
"Merrifield, Whit",593160,2022,33,550,11,15.5,6.9,".250",".375",".298","0.125",".294",".297",37.9,4.2,31.1,"96.383459857","92.27510481",19.4,50.9
"Bogaerts, Xander",593428,2022,29,631,15,18.7,9,".307",".456",".377","0.149",".363",".325",30.3,6.5,39.5,"99.97943964","94.08380455",24.8,45.7
"Polanco, Jorge",593871,2022,28,445,16,21.3,14.4,".235",".405",".346","0.170",".333",".363",37.7,10.2,38.7,"99.924839571","94.156301183",25.7,42.4
"Calhoun, Kole",594777,2022,34,424,12,32.1,6.4,".196",".330",".257","0.134",".260",".298",40.4,9.8,48.2,"100.862031797","94.921499922",36.3,53.1
"Duvall, Adam",594807,2022,33,315,12,32.1,6.7,".213",".401",".276","0.188",".295",".296",36.2,12.8,41,"100.566076596","94.3357175",29.2,50.5
"Kiermaier, Kevin",595281,2022,32,221,7,27.6,6.3,".228",".369",".281","0.141",".286",".310",33.8,6.9,38.6,"98.886186164","93.570432966",31.9,51.7
"Alfaro, Jorge",595751,2022,29,274,7,35.8,4,".246",".383",".285","0.137",".291",".298",38.5,11.3,38.5,"102.020939625","95.196380755",38,62.6
"Profar, Jurickson",595777,2022,29,658,15,15.7,11.1,".243",".391",".331","0.148",".320",".318",34.7,4,34.3,"97.859468559","92.98708518",18.8,43.6
"Báez, Javier",595879,2022,29,590,17,24.9,4.4,".238",".393",".278","0.155",".291",".285",29.7,8.1,38,"99.689131182","93.890376232",35.8,55.8
"Hedges, Austin",595978,2022,29,338,7,23.1,7.4,".163",".248",".241","0.085",".225",".242",31.9,3.1,22.3,"94.912102385","91.52196977",27.7,47.6
"Lindor, Francisco",596019,2022,28,706,26,18.8,8.4,".270",".449",".339","0.179",".342",".333",29.2,8.3,41.3,"99.740565418","94.14308743",22.9,47.8
"Odor, Rougned",596059,2022,28,472,13,23.1,6.8,".207",".357",".275","0.150",".278",".280",30.5,6.6,33.3,"98.233676795","93.245734647",27.6,50.6
"Slater, Austin",596103,2022,29,325,7,27.4,12.3,".264",".408",".366","0.144",".344",".351",43.2,10.5,39.5,"99.908713548","94.170847514",31.5,45.2
"Story, Trevor",596115,2022,29,396,16,30.8,8.1,".238",".434",".303","0.196",".316",".306",36,11.3,40.6,"100.613635333","94.400984812",30.8,49.8
"Vogelbach, Daniel",596129,2022,29,461,18,24.7,15.8,".238",".433",".360","0.195",".349",".354",38.1,10.7,39.9,"99.817658603","94.085066691",20.4,32.2
"Sánchez, Gary",596142,2022,29,471,16,28.9,8.5,".205",".377",".282","0.172",".290",".321",29.2,13.6,49.3,"103.200555347","96.181078537",30.8,44
"Kepler, Max",596146,2022,29,446,9,14.8,11,".227",".348",".318","0.121",".298",".342",31.9,7.1,39.9,"100.09058546","94.217393221",20,46.1
"Franco, Maikel",596748,2022,29,388,9,19.3,3.1,".229",".342",".255","0.113",".261",".275",33.1,4.7,34.4,"98.818458378","93.432468176",28,53.6
"Choi, Ji Man",596847,2022,31,419,11,29.4,13.8,".233",".388",".341","0.155",".322",".338",37.3,11.9,47.5,"101.295507712","95.335577574",32.3,41.7
"Bradley Jr., Jackie",598265,2022,32,370,4,20.8,6.5,".203",".311",".255","0.108",".252",".272",29.4,4.8,37.2,"98.071881353","93.116593208",29.4,49.7
"Candelario, Jeimer",600869,2022,28,467,13,23.3,6,".217",".361",".272","0.144",".277",".295",37,8.4,34.6,"98.352499379","93.27808162",25.4,52.6
"Daza, Yonathan",602074,2022,28,408,2,14.2,6.4,".301",".384",".349","0.083",".323",".316",34.1,1.9,25,"95.180250189","91.627182587",18.7,50.5
"Urías, Ramón",602104,2022,28,445,16,22,6.7,".248",".414",".305","0.166",".313",".322",32.1,9.7,46.5,"100.690244675","94.67897342",27.4,49.8
"Anderson, Brian",605119,2022,29,383,8,26.4,9.7,".222",".346",".311","0.124",".293",".312",31.1,9.7,42,"100.372461008","94.372032152",30.4,50.7
"Barnes, Austin",605131,2022,32,212,8,17.5,12.7,".212",".380",".324","0.168",".315",".298",31,4.8,35.2,"98.048094085","93.029970704",17.9,42.1
"Bell, Josh",605137,2022,29,647,17,15.8,12.5,".266",".422",".362","0.156",".344",".347",30.7,7.3,40.8,"100.551357456","94.511584791",21.7,45.3
"Betts, Mookie",605141,2022,29,639,35,16.3,8.6,".269",".533",".340","0.264",".373",".348",36.2,9.8,44.9,"99.954466043","94.497072751",16.5,44.2
"Caratini, Victor",605170,2022,28,314,9,21.3,9.9,".199",".342",".300","0.143",".289",".311",30,6.3,43.5,"100.649286408","94.496842039",20.9,42.3
"Davis, J.D.",605204,2022,29,365,12,33.4,10.7,".248",".418",".340","0.170",".333",".352",34.8,16.2,56.1,"103.966730202","96.76614",37.5,51.3
"Machín, Vimael",605353,2022,28,253,1,18.6,9.9,".220",".287",".300","0.067",".268",".307",36.3,3.9,39.1,"98.588009667","93.53259419",17.9,44.7
"Castro, Harold",605612,2022,28,443,7,17.8,3.8,".271",".381",".300","0.110",".297",".317",41.6,6.1,33.3,"97.109259586","92.622759201",20,53.7
"Arcia, Orlando",606115,2022,27,234,9,21.8,9,".244",".416",".316","0.172",".321",".330",30,7.5,42.5,"100.210780633","94.636873734",27.3,44.7
"Tapia, Raimel",606132,2022,28,433,7,18.7,3.7,".265",".380",".292","0.115",".293",".288",27.5,5.1,38,"99.701438303","93.926071212",21.5,55.4
"Aquino, Aristides",606157,2022,28,276,10,36.6,6.2,".197",".363",".246","0.166",".267",".248",27.2,8.4,34.6,"99.168037143","93.584018571",37.9,56.6
"Hernández, Teoscar",606192,2022,29,535,25,28.4,6.4,".267",".491",".316","0.224",".348",".356",36.3,15,53.3,"103.420419483","96.496717867",35.1,48.8
"Marte, Ketel",606466,2022,28,558,12,18.1,9.9,".240",".407",".321","0.167",".317",".317",31.6,6.1,41.9,"101.202754619","94.845027056",20.7,46.1
"Haase, Eric",606992,2022,29,351,14,27.6,6.8,".254",".443",".305","0.189",".322",".304",32.3,8.8,42.4,"100.507001491","94.311526476",32.8,51.4
"Nimmo, Brandon",607043,2022,29,673,16,17.2,10.5,".274",".433",".367","0.159",".353",".337",28.1,7.1,39.8,"100.251301732","94.354698482",19.6,43.8
"Peterson, Jace",607054,2022,32,328,8,25.9,10.1,".236",".382",".316","0.146",".306",".307",33.7,7.2,36.1,"98.360158137","93.264631576",26.7,40.9
"Turner, Trea",607208,2022,29,708,21,18.5,6.4,".298",".466",".343","0.168",".350",".338",35.3,7.6,41.6,"100.188198893","94.238854962",26.3,51.2
"Stallings, Jacob",607732,2022,32,384,4,21.6,7.6,".223",".292",".292","0.069",".265",".277",33.5,3.4,32.3,"96.725527727","92.385356023",22.7,43.7
"Ramírez, José",608070,2022,29,685,29,12,10.1,".280",".514",".355","0.234",".363",".325",33.7,6.6,36.9,"98.871944811","93.503434175",15.3,46.3
"Bregman, Alex",608324,2022,28,656,23,11.7,13.3,".259",".454",".366","0.195",".358",".357",36.2,7.3,37.8,"98.378645333","93.364139021",14.9,40.3
"Gallo, Joey",608336,2022,28,410,19,39.8,13.7,".160",".357",".280","0.197",".286",".302",29.3,17.6,50.5,"103.219150538","95.983145645",40.6,47.4
"Kelly, Carson",608348,2022,27,354,7,20.1,8.2,".211",".334",".282","0.123",".275",".293",33.2,5.2,36.8,"98.3885","93.265690161",21.1,43.6
"Seager, Corey",608369,2022,28,663,33,15.5,8.7,".245",".455",".317","0.210",".331",".373",38.4,10.5,45.5,"101.598305628","95.219542252",26.5,54.5
"Winker, Jesse",608385,2022,28,547,14,18.8,15.4,".219",".344",".344","0.125",".313",".346",32,7.6,34.3,"98.674499266","93.339254492",19.9,43.3
"Reynolds, Matt",608703,2022,31,272,3,28.7,9.6,".246",".332",".320","0.086",".293",".283",36.5,3,42.4,"99.450327831","94.04816097",29.2,41.5
"Meneses, Joey",608841,2022,30,240,13,21.7,6.3,".324",".563",".367","0.239",".395",".337",39,9.9,47.1,"101.552249535","95.227615673",23.3,48.4
"Cordero, Franchy",614173,2022,27,275,8,33.5,10.2,".219",".397",".300","0.178",".304",".317",39,12.3,45.5,"103.480728533","95.902442667",37.3,48.9
"Reyes, Franmil",614177,2022,26,473,14,33.2,6.3,".221",".365",".273","0.144",".280",".280",27.8,11.3,45.8,"102.075082606","95.415814488",37.1,47.8
"Swanson, Dansby",621020,2022,28,696,25,26.1,7,".277",".447",".329","0.170",".337",".342",37,10.8,46.3,"100.839209567","94.810341952",30.7,49.4
"Newman, Kevin",621028,2022,28,309,2,15.5,5.2,".274",".372",".316","0.098",".303",".287",31.7,1.7,27.2,"96.298301429","92.167220464",15.8,48.1
"Taylor, Chris",621035,2022,31,454,10,35.2,9.7,".221",".373",".304","0.152",".298",".280",40.8,10.2,38,"98.711167025","93.447132946",39.9,49.9
"Correa, Carlos",621043,2022,27,590,22,20.5,10.3,".291",".467",".366","0.176",".362",".361",35.3,11.4,44.7,"101.992873251","95.284200765",22,44.4
"Phillips, Brett",621433,2022,28,225,5,41.8,7.1,".144",".249",".217","0.105",".213",".226",32.1,4.5,29.5,"97.432571887","92.851488396",39.4,44.5
"Taylor, Tyrone",621438,2022,28,405,17,25.2,5.4,".233",".442",".286","0.209",".314",".312",34.7,9.9,37.6,"99.154219632","93.742033346",26.5,50.9
"Buxton, Byron",621439,2022,28,382,28,30.4,8.9,".224",".526",".306","0.302",".356",".359",34.2,16.4,50.2,"103.777473894","96.593327289",34.1,46.8
"Ward, Taylor",621493,2022,28,564,23,21.3,10.6,".281",".473",".360","0.192",".362",".363",41.8,12.4,42.9,"100.184571947","94.439550026",22.3,41.4
"Nido, Tomás",621512,2022,28,313,3,24.3,4.5,".239",".324",".276","0.085",".265",".285",40.1,6.3,33.3,"97.78503301","92.921847902",34.4,60.5
"Wisdom, Patrick",621550,2022,30,534,25,34.3,9.9,".207",".426",".298","0.219",".316",".296",29.8,14.4,46.3,"102.164032394","95.695873993",36.5,48.1
"Wendle, Joey",621563,2022,32,371,3,13.5,4,".259",".360",".297","0.101",".289",".280",27.9,1.7,36.2,"98.002213624","93.083673569",16.7,53.2
"Olson, Matt",621566,2022,28,699,34,24.3,10.7,".240",".477",".325","0.237",".344",".347",33.8,13.6,50.9,"103.665099911","96.545680491",28.9,49.5
"Duffy, Matt",622110,2022,31,247,2,20.2,6.9,".250",".311",".308","0.061",".279",".286",38.8,2.8,25.8,"96.07908618","92.086828814",21.8,45.7
"Margot, Manuel",622534,2022,27,363,4,18.7,6.6,".274",".375",".325","0.101",".308",".301",30.9,3.7,37.9,"99.958428538","94.191039654",24.9,52.7
"Reyes, Victor",622682,2022,27,336,3,22.9,3.9,".254",".362",".289","0.108",".284",".297",35.5,5,36.8,"98.899174333","93.571189707",27.3,56
"Mateo, Jorge",622761,2022,27,533,13,27.6,5.1,".221",".379",".267","0.158",".281",".276",35.5,6,32.7,"98.63578407","93.337279593",31.1,53.9
"Velazquez, Andrew",623205,2022,27,349,9,34.1,4.3,".196",".304",".236","0.108",".239",".253",33,6.6,34,"98.780373093","93.494339433",34.3,53.9
"Ramírez, Harold",623912,2022,27,435,6,16.6,4.4,".300",".404",".343","0.104",".327",".315",32.2,4.8,41.2,"101.050881737","94.664812126",25.5,56.4
"Santander, Anthony",623993,2022,27,647,33,18.9,8.5,".240",".455",".318","0.215",".336",".356",33.5,11.6,43.3,"101.330998114","94.979132939",21.5,47.7
"Alonso, Pete",624413,2022,27,685,40,18.7,9.8,".271",".518",".352","0.247",".366",".357",34.5,12.3,44.8,"102.849215397","95.616516548",24.2,49.9
"Arroyo, Christian",624414,2022,27,300,6,16.3,4.3,".286",".414",".322","0.128",".319",".332",34.9,6.4,42.1,"100.637264188","94.490642232",20.5,57.5
"Biggio, Cavan",624415,2022,27,303,6,28.1,12.5,".202",".350",".318","0.148",".302",".291",36.2,6.9,32.8,"97.288596395","92.82033538",25.9,40.3
"Frazier, Adam",624428,2022,30,602,3,12.1,7.6,".238",".311",".301","0.073",".274",".300",37.7,1.5,24.5,"95.048135872","91.524067936",14.4,48.7
"Trevino, Jose",624431,2022,29,353,11,17.6,4.2,".248",".388",".283","0.140",".293",".280",31,5.2,35,"98.396823259","93.244987844",21.1,50
"Gordon, Nick",624503,2022,26,443,9,23.7,4.3,".272",".427",".316","0.155",".321",".336",36.6,9.4,44.7,"99.949105229","94.408223268",28,59.4
"McGuire, Reese",624512,2022,27,274,3,20.4,4.4,".269",".369",".307","0.100",".297",".270",33.2,2.5,29.7,"96.374747396","92.217287539",21,51.7
"Soler, Jorge",624585,2022,30,306,13,29.4,10.1,".207",".400",".295","0.193",".305",".329",33.1,12.2,43.6,"103.631341","96.127923222",31.5,46
"Hernandez, Yadiel",628450,2022,34,327,9,22.6,5.8,".269",".410",".312","0.141",".315",".315",35.6,8.7,42.1,"98.936412348","93.716495522",29.5,51.5
"Cronenworth, Jake",630105,2022,28,684,17,19.2,10.2,".239",".390",".332","0.151",".318",".304",32.3,5.6,34.1,"97.917362826","93.091918039",18,41.8
"Pinder, Chad",640461,2022,30,379,12,31.1,3.7,".235",".385",".263","0.150",".281",".280",33.3,6.6,40.7,"100.06829876","94.061727355",34.5,52.9
"Azócar, José",640492,2022,26,216,0,20.4,5.6,".257",".332",".298","0.075",".278",".278",31.3,2.5,30.6,"97.407050789","92.782399276",24.1,55.7
"Anderson, Tim",641313,2022,29,351,6,15.7,4,".301",".395",".339","0.094",".323",".342",37.5,5.8,41.2,"98.957560507","93.5528044",23.2,57.9
"Bellinger, Cody",641355,2022,26,550,19,27.3,6.9,".210",".389",".265","0.179",".284",".281",34.4,8.4,38.1,"98.149983833","93.243694234",27.2,49.9
"Crawford, J.P.",641487,2022,27,603,6,13.3,11.3,".243",".336",".339","0.093",".306",".318",32.4,2,29.7,"96.663647706","92.35483867",14.3,41.3
"Dozier, Hunter",641531,2022,30,500,12,25,6.8,".236",".387",".292","0.151",".298",".306",33.1,7.7,38.5,"99.977574226","94.108179224",29.2,50.6
"Engel, Adam",641553,2022,30,260,2,29.2,4.2,".224",".310",".269","0.086",".256",".249",30.8,1.8,33.1,"98.589188571","93.376579521",33.8,47.4
"Fraley, Jake",641584,2022,27,247,12,21.9,10.5,".259",".468",".344","0.209",".352",".333",33.5,7.4,27.6,"96.829050864","92.417868519",24.1,45.9
"Garver, Mitch",641598,2022,31,215,10,24.7,10.7,".207",".404",".298","0.197",".308",".324",37.2,8.8,38.7,"99.517286232","93.963293942",25.3,42.3
"Guillorme, Luis",641645,2022,27,335,2,13.7,10.1,".273",".340",".351","0.067",".311",".304",35.6,2.4,24.9,"95.53920878","91.784068496",13.5,40.6
"Hampson, Garrett",641658,2022,27,226,2,27.9,9.3,".211",".307",".287","0.096",".267",".265",29.8,4.3,27.7,"96.783443077","92.495778992",25.4,44.4
"Heim, Jonah",641680,2022,27,450,16,19.3,9.1,".227",".399",".298","0.172",".306",".292",29.6,6.9,39.9,"99.379567107","93.916796887",21.4,50.8
"Mancini, Trey",641820,2022,30,587,18,23,9,".239",".391",".319","0.152",".312",".335",39.6,9.8,40.4,"100.078586134","94.256654381",27.4,48.1
"McMahon, Ryan",641857,2022,27,597,20,26.5,10.1,".246",".414",".327","0.168",".326",".333",36.4,10.5,46.5,"102.094383676","95.689199432",28.2,45.2
"Neuse, Sheldon",641914,2022,27,293,4,27.3,6.8,".214",".288",".273","0.074",".253",".258",23,3.2,38.2,"98.983222447","93.674738289",27.2,50.7
"O'Neill, Tyler",641933,2022,27,383,14,26.9,9.9,".228",".392",".308","0.164",".307",".329",36.6,11.4,43.3,"101.028153782","94.805530169",30.9,46.3
"Tellez, Rowdy",642133,2022,27,599,35,20.2,10.4,".219",".461",".306","0.242",".327",".351",31.4,12.9,46,"102.553838927","95.690567213",23.8,43.5
"Mejía, Francisco",642336,2022,26,299,6,21.7,2.3,".242",".381",".264","0.139",".279",".263",39.1,2.7,28,"96.324122655","92.181366356",23.6,61.2
"Siri, Jose",642350,2022,26,325,7,33.2,6.2,".213",".339",".268","0.126",".268",".266",35.1,6.2,33,"99.295575789","93.653804368",35.9,51.7
"Rosario, Amed",642708,2022,26,670,11,16.6,3.7,".283",".403",".312","0.120",".311",".311",31.1,4.5,38.3,"99.690201132","93.991990529",21,53.1
"Adames, Willy",642715,2022,26,617,31,26.9,7.9,".238",".458",".298","0.220",".325",".329",36.4,13,43.6,"100.099002736","94.300793591",28.2,49.6
"Alcántara, Sergio",642727,2022,25,224,6,25.4,5.4,".220",".356",".261","0.136",".269",".250",32.5,1.9,32.5,"95.873264737","91.967081987",23.8,42.8
"Estrada, Thairo",642731,2022,26,541,14,16.5,6.1,".260",".400",".322","0.140",".317",".302",31.6,4.5,31.1,"97.092146345","92.54814231",20.3,49.2
"Benintendi, Andrew",643217,2022,27,521,5,14.8,10,".304",".399",".373","0.095",".342",".337",39.2,5.1,38.7,"98.21078057","93.391636347",20.7,48.2
"Cooper, Garrett",643265,2022,31,469,9,25.4,8.5,".261",".415",".337","0.154",".330",".345",39,10.7,43.7,"101.295185","94.99247689",25.1,45.2
"Dubón, Mauricio",643289,2022,27,266,5,11.7,4.9,".213",".311",".251","0.098",".247",".278",28.1,2.3,29.9,"96.436572294","92.243366359",15.4,55.7
"Jansen, Danny",643376,2022,27,248,15,17.7,10.1,".260",".516",".339","0.256",".364",".368",34.7,13.1,46.6,"101.172294886","95.039463314",21.8,45.3
"Kemp, Tony",643393,2022,30,558,7,12.4,8.1,".235",".334",".307","0.099",".287",".273",33.9,1.6,14.9,"93.050155144","90.545713639",13.4,48.9
"Kiner-Falefa, Isiah",643396,2022,27,531,4,13.6,6.6,".261",".327",".314","0.066",".285",".292",29.6,1.2,30.1,"96.614692718","92.355143236",11.3,44.7
"McNeil, Jeff",643446,2022,30,589,9,10.4,6.8,".326",".454",".382","0.128",".365",".326",39,2.7,30.2,"96.275278692","92.172015654",15.9,53.8
"Schwindel, Frank",643524,2022,30,292,8,19.9,6.5,".229",".358",".277","0.129",".278",".281",31.6,4.7,35.5,"98.512789626","93.354396573",26.5,54.7
"Albies, Ozzie",645277,2022,25,269,8,17.5,5.9,".247",".409",".294","0.162",".305",".299",34.8,5.4,26.5,"96.497792157","92.315202794",22.9,58.2
"Robles, Victor",645302,2022,25,407,6,25.6,4.2,".224",".311",".273","0.087",".260",".251",29.2,3.2,23.8,"96.221152581","92.171514939",27.7,53.8
"Devers, Rafael",646240,2022,25,614,27,18.6,8.1,".295",".521",".358","0.226",".373",".365",33.1,11.5,50.9,"103.784239231","96.704402472",28.2,54.6
"Naylor, Josh",647304,2022,25,498,20,16.1,7.6,".256",".452",".319","0.196",".331",".325",28.9,8.6,42.8,"101.054916237","94.744173602",19.5,51
"Toro, Abraham",647351,2022,25,352,10,18.5,6.3,".185",".324",".239","0.139",".246",".284",31.2,6.8,29.7,"97.172547348","92.624451255",21.6,47.3
"Díaz, Aledmys",649557,2022,31,327,12,16.2,5.5,".243",".403",".287","0.160",".301",".310",30.3,6.3,36.8,"99.127629206","93.589932143",22.7,52.4
"Urías, Luis",649966,2022,25,472,16,21,10.6,".239",".404",".335","0.165",".327",".328",34.3,8.4,35.3,"97.964867677","93.080449903",22.2,43.2
"Arraez, Luis",650333,2022,25,603,8,7.1,8.3,".316",".420",".375","0.104",".350",".341",38.7,3.6,30.2,"96.195004348","92.276757036",7.1,42.9
"Jiménez, Eloy",650391,2022,25,327,16,22,8.6,".295",".500",".358","0.205",".370",".370",31.7,14.7,54.9,"103.54562625","96.686543438",30.3,49.8
"Torres, Gleyber",650402,2022,25,572,24,22.6,6.8,".257",".451",".310","0.194",".328",".325",36.2,10.7,45.3,"100.5348042","94.660057845",27.2,49.6
"Castro, Willi",650489,2022,25,392,8,20.9,3.8,".241",".367",".284","0.126",".285",".288",35.5,3.5,31.4,"97.165751549","92.663004452",28.5,58.2
"Díaz, Yandy",650490,2022,30,558,9,10.8,14,".296",".423",".401","0.127",".366",".365",30.7,4.9,49,"103.107838195","96.208559878",14.3,41.3
"De La Cruz, Bryan",650559,2022,25,355,13,25.4,5.4,".252",".432",".294","0.180",".313",".360",43.6,11.9,47.3,"101.407773607","95.226009918",28.7,49.2
"Rengifo, Luis",650859,2022,25,511,17,15.5,3.3,".264",".429",".294","0.165",".314",".299",31.1,5.4,33.6,"98.09743639","93.096324743",21.5,55.7
"Chapman, Matt",656305,2022,29,621,27,27.4,11,".229",".433",".324","0.204",".331",".345",34,12.9,51.2,"102.906606237","96.223630699",28.7,41.7
"Chavis, Michael",656308,2022,26,426,14,29.6,4.5,".229",".389",".265","0.160",".282",".263",33,7.5,38.7,"99.520768345","93.803336787",30.8,57.7
"Hilliard, Sam",656541,2022,28,200,2,28.5,11.5,".184",".264",".280","0.080",".251",".304",27.7,9.2,48.7,"102.616565833","95.872595546",35.1,43.9
"Hoskins, Rhys",656555,2022,29,672,30,25.1,10.7,".246",".462",".332","0.216",".345",".342",37.3,11.1,44.3,"100.842284953","94.804616643",25.7,41.9
"Joe, Connor",656582,2022,29,467,7,20.8,11.8,".238",".359",".338","0.121",".314",".313",35.1,4.6,33.8,"97.624297516","92.833330754",21.2,40.4
"Luplow, Jordan",656669,2022,28,234,11,25.6,10.7,".176",".361",".274","0.185",".281",".292",24,7.6,32.9,"97.877095068","92.98903131",29.9,47.9
"Mullins, Cedric",656775,2022,27,672,16,18.8,7,".258",".403",".318","0.145",".315",".289",29.3,4.9,37.3,"98.895231356","93.569582691",22.2,51.3
"Rivera, Emmanuel",656896,2022,26,359,12,23.1,6.4,".233",".409",".292","0.176",".306",".309",32.3,9.3,38.3,"99.960196371","94.242469274",25.8,50.1
"Schwarber, Kyle",656941,2022,29,669,46,29.9,12.9,".218",".504",".323","0.286",".355",".379",35.4,20.1,54.4,"104.793857287","97.247555372",29.4,40.6
"Smith, Pavin",656976,2022,26,277,9,24.2,10.1,".220",".367",".300","0.147",".294",".301",28.7,9.9,35.9,"98.397917802","93.251592099",21.7,39.5
"Thomas, Lane",657041,2022,26,548,17,24.1,7.5,".241",".404",".301","0.163",".308",".291",32.6,6.5,34.5,"98.449522283","93.255458474",21.1,44.1
"Verdugo, Alex",657077,2022,26,644,11,13.4,6.5,".280",".405",".328","0.125",".319",".332",37.8,6,38.2,"99.112574241","93.706486823",15.5,45.3
"DeJong, Paul",657557,2022,28,237,6,33.3,8.9,".157",".286",".245","0.129",".241",".272",25.6,9.8,37.6,"99.542111493","93.858530902",35.2,48.8
"Laureano, Ramón",657656,2022,27,383,13,27.2,6.5,".211",".376",".287","0.165",".294",".308",28.9,11.6,38.4,"100.041538347","94.16358876",30.3,46.4
"Sheets, Gavin",657757,2022,26,410,15,21,6.6,".241",".411",".295","0.170",".308",".284",32.3,6.5,36.1,"98.93534363","93.559241787",21.9,47.7
"Moncada, Yoán",660162,2022,27,433,12,26.3,7.4,".212",".353",".273","0.141",".275",".291",35.1,9.9,37.5,"99.519949858","93.912687082",27.8,47.1
"Ohtani, Shohei",660271,2022,27,666,34,24.2,10.8,".273",".519",".356","0.246",".370",".387",35,16.9,49.8,"103.823624272","96.520363788",28.1,49.3
"Castillo, Diego",660636,2022,24,283,11,26.5,4.9,".206",".382",".251","0.176",".272",".296",37.7,9.9,38.7,"98.736440729","93.490571675",26.9,43.7
"Acuña Jr., Ronald",660670,2022,24,533,15,23.6,9.9,".266",".413",".351","0.147",".335",".368",32.8,12.9,49.7,"103.759318129","96.440064282",24.9,47.9
"Ruiz, Keibert",660688,2022,23,433,7,11.5,6.9,".251",".360",".313","0.109",".299",".329",36.3,3.8,32.3,"97.283247895","92.718755058",14.9,50.9
"Gonzalez, Oscar",660757,2022,24,382,11,19.6,3.9,".296",".461",".327","0.165",".339",".325",32.5,7.3,40.1,"101.045260903","94.682138153",26.7,59.3
"Yepez, Juan",660766,2022,24,274,12,22.3,5.8,".253",".447",".296","0.194",".319",".292",33.2,9.2,33.7,"98.66909102","93.337373827",26.1,54.5
"Sánchez, Jesús",660821,2022,24,343,13,26.8,7.6,".214",".403",".280","0.189",".298",".296",25.7,9.9,40.5,"101.710457117","95.181364706",29.6,47.8
"Contreras, William",661388,2022,24,376,20,27.7,10.4,".278",".506",".354","0.228",".370",".343",31.9,13.4,46.6,"102.334962328","95.58762026",34.3,44.6
"Serven, Brian",661531,2022,27,205,6,21.5,6.3,".203",".332",".261","0.129",".263",".262",32.9,2.8,29.5,"96.245205139","92.177853427",27.2,54.5
"Varsho, Daulton",662139,2022,25,592,27,24.5,7.8,".235",".443",".302","0.208",".323",".301",33.6,10.3,35.6,"99.211725904","93.6867316",25.3,50.6
"Nootbaar, Lars",663457,2022,24,347,14,20.5,14.7,".228",".448",".340","0.220",".342",".352",30.4,12.1,46,"101.790400273","95.340542192",23.9,39.2
"Hoerner, Nico",663538,2022,25,517,10,11,5.4,".281",".410",".327","0.129",".320",".309",32.4,2.6,33.5,"97.678971875","92.920531108",14.2,49.2
"Riley, Austin",663586,2022,25,693,38,24.2,8.2,".273",".528",".349","0.255",".377",".385",37.7,15.7,50.8,"104.398300222","96.785171533",27.6,51.5
"Madrigal, Nick",663611,2022,25,228,0,11.8,6.1,".249",".282",".305","0.033",".267",".287",26.6,0,24.6,"94.969870795","91.48588483",10.3,44.5
"Mountcastle, Ryan",663624,2022,25,609,22,25.3,7.1,".250",".423",".305","0.173",".316",".363",39.5,15.1,46.3,"101.941494208","95.335163391",29.8,56.2
"Hayes, Ke'Bryan",663647,2022,25,560,7,21.8,8.6,".244",".345",".314","0.101",".294",".304",30.6,3.9,46.8,"102.263213822","95.477046745",20.7,43.3
"Tucker, Kyle",663656,2022,25,609,30,15.6,9.7,".257",".478",".330","0.221",".348",".362",34.4,10.2,42.4,"100.332560357","94.468288036",20,52.7
"India, Jonathan",663697,2022,25,431,10,21.8,7.2,".249",".378",".327","0.129",".314",".306",36,4.8,28.8,"97.40599669","92.71951917",23.6,41.3
"Bart, Joey",663698,2022,25,291,11,38.5,8.9,".215",".364",".296","0.149",".294",".298",32.2,10.1,43,"101.289725342","94.721199726",38,47.2
"Raleigh, Cal",663728,2022,25,415,27,29.4,9.2,".211",".489",".284","0.278",".330",".329",36,15.4,43.5,"101.200073622","95.046335375",32.1,52.6
"Fortes, Nick",663743,2022,25,240,9,18.8,7.5,".230",".392",".304","0.162",".308",".325",30.2,7.1,37.8,"99.460571882","93.908283529",22.9,44.7
"Grisham, Trent",663757,2022,25,524,17,28.6,10.9,".184",".341",".284","0.157",".280",".298",25.5,8.1,35.5,"99.46593125","93.84436934",26.2,38.7
"Vierling, Matt",663837,2022,25,357,6,19.6,6.4,".246",".351",".297","0.105",".285",".325",35.2,5,47.1,"101.211212846","94.995167231",19.5,44.6
"Rivas III, Alfonso",663845,2022,25,287,3,30.3,10.1,".235",".307",".322","0.072",".285",".285",34.7,4.2,35.3,"98.449898395","93.317647826",26.2,42
"Rodgers, Brendan",663898,2022,25,581,13,17.4,7.9,".266",".408",".325","0.142",".321",".326",31.3,7.2,45.9,"101.127645047","94.882864603",22.7,49.4
"Lowe, Nathaniel",663993,2022,26,645,27,22.8,7.4,".302",".492",".358","0.190",".368",".346",34.1,9.9,44.8,"101.963916216","95.317229707",24.9,52.2
"Happ, Ian",664023,2022,27,641,17,23.2,9,".271",".440",".342","0.169",".339",".313",29.2,6.6,40.4,"100.312408396","94.405566288",27.2,49
"France, Ty",664034,2022,27,613,20,15.3,5.7,".274",".436",".338","0.162",".337",".323",34.8,5.5,36.8,"99.035163319","93.565264683",19.3,52.5
"Lowe, Brandon",664040,2022,27,266,8,22.9,10.2,".221",".383",".308","0.162",".306",".319",35.4,10.3,38.9,"99.918656897","94.284977069",33.5,53.3
"Bader, Harrison",664056,2022,28,313,5,19.8,4.8,".250",".356",".294","0.106",".286",".272",28.4,3.4,26.3,"96.180596034","92.143730991",22.3,48
"Fletcher, David",664058,2022,28,228,2,7,3.1,".255",".333",".288","0.078",".275",".295",41.1,0,7.4,"91.09124866","89.628919691",12.2,48.4
"Haggerty, Sam",664059,2022,28,201,5,26.4,9,".256",".403",".335","0.147",".320",".285",32.5,4,24.6,"96.38917","92.207266333",28.2,49.3
"Moore, Dylan",664238,2022,29,255,6,29.4,13.3,".224",".385",".368","0.161",".338",".327",39.4,12.9,36.4,"98.982847692","93.508799615",27.9,38.7
"Straw, Myles",664702,2022,27,596,0,14.6,9.1,".221",".273",".291","0.052",".257",".281",34.1,0.7,26.5,"95.486124533","91.784236481",12.6,40.5
"Isbel, Kyle",664728,2022,25,278,5,27,5.8,".211",".340",".264","0.129",".265",".269",30.4,4.9,44.6,"100.466422667","94.564799889",21.9,46.3
"Higgins, P.J.",664731,2022,29,229,6,25.3,9.6,".229",".383",".310","0.154",".306",".270",34.7,3.4,25.5,"95.709141571","91.886405683",27.6,43.1
"Bohm, Alec",664761,2022,25,631,13,17.4,4.9,".280",".398",".315","0.118",".310",".334",37.7,6.8,43,"100.649873374","94.552579815",21.1,51.2
"Wade Jr., LaMonte",664774,2022,28,251,8,20.3,10.4,".207",".359",".305","0.152",".298",".320",33.7,9.5,34.3,"98.05927131","93.112804491",18,44.8
"Zavala, Seby",664874,2022,28,205,2,31.2,9.3,".270",".382",".347","0.112",".323",".290",41.2,9.3,37,"98.11221069","93.374340172",37.6,53.5
"Brown, Seth",664913,2022,29,555,25,26.3,9.2,".230",".444",".305","0.214",".323",".342",34.9,13,41.4,"101.723429266","95.001222068",29.6,48.3
"McCarthy, Jake",664983,2022,24,354,8,21.5,6.5,".283",".427",".342","0.144",".337",".305",32.5,4.8,33.3,"98.235931513","93.298753151",28,53.1
"Walsh, Jared",665120,2022,28,454,15,30.4,5.9,".215",".374",".269","0.159",".278",".282",34,9.5,42.5,"100.931193759","94.894355638",27.7,49.1
"Peña, Jeremy",665161,2022,24,558,22,24.2,3.9,".253",".426",".289","0.173",".309",".307",32.9,9.7,36.7,"99.803563646","93.99255276",29.7,55.2
"Celestino, Gilberto",665482,2022,23,347,2,22.2,9.2,".238",".302",".313","0.064",".280",".275",27.1,2.6,34.3,"98.33701431","93.262711767",23.4,44.5
"Guerrero Jr., Vladimir",665489,2022,23,706,32,16.4,8.2,".274",".480",".339","0.206",".351",".354",27.9,11.3,50.4,"105.507038582","97.328619789",24.4,49.7
"Pache, Cristian",665506,2022,23,260,3,26.9,5.8,".166",".241",".218","0.075",".207",".264",25.3,3.5,40.8,"100.207713059","94.45821355",31,50.5
"Soto, Juan",665742,2022,23,664,27,14.5,20.3,".242",".452",".401","0.210",".376",".403",28.5,12.4,47.4,"102.236934112","95.653888852",19.4,35.5
"Taveras, Leody",665750,2022,23,341,5,25.8,6.2,".261",".366",".309","0.105",".297",".269",28.7,4.3,36.1,"99.307027387","93.803918054",28.5,49.2
"Cruz, Oneil",665833,2022,23,361,17,34.9,7.8,".233",".450",".294","0.217",".320",".303",30.6,15.6,46.1,"104.662067282","96.683239073",35.4,40.5
"Chisholm Jr., Jazz",665862,2022,24,241,14,27.4,8.7,".254",".535",".325","0.281",".365",".350",37.3,16.8,46.7,"100.669336216","94.818931905",32.8,47.2
"Giménez, Andrés",665926,2022,23,557,17,20.1,6.1,".297",".466",".371","0.169",".364",".332",31.3,6.2,37.8,"99.022592","93.615976351",26.4,53.7
"Lux, Gavin",666158,2022,24,471,6,20.2,10,".276",".399",".346","0.123",".328",".315",34,6.1,39.8,"98.887037439","93.675126098",23.3,42.6
"Adell, Jo",666176,2022,23,286,8,37.8,3.8,".223",".372",".263","0.149",".277",".248",33.3,9.9,37.7,"99.589186914","93.836446584",36.3,52
"Bichette, Bo",666182,2022,24,697,24,22.2,5.9,".290",".469",".333","0.179",".347",".334",33.3,9.7,50.3,"102.743171296","96.003278846",23,55.9
"Carlson, Dylan",666185,2022,23,488,8,19.3,9.2,".236",".380",".316","0.144",".306",".304",35.7,4.4,27.2,"96.293953036","92.150882262",25.7,46.2
"Morel, Christopher",666624,2022,23,425,16,32.2,8.9,".235",".433",".308","0.198",".322",".326",30,13.6,40.3,"101.819951356","95.086096314",38.5,50.1
"Castro, Rodolfo",666801,2022,23,277,11,26.7,7.9,".233",".427",".296","0.194",".314",".288",25.6,6.7,35,"99.31755","93.717343409",32.8,47.5
"Dalbec, Bobby",666915,2022,27,353,12,33.4,8.2,".215",".369",".283","0.154",".287",".302",32,11.9,45.8,"101.246531881","94.95935203",35,46.5
"García, Adolis",666969,2022,29,657,27,27.9,6.1,".250",".456",".300","0.206",".324",".326",36.9,12.9,47.4,"102.368780141","95.786867388",33.5,53.5
"Gurriel Jr., Lourdes",666971,2022,28,493,5,16.8,6.3,".291",".400",".343","0.109",".327",".325",34.7,3.8,45.7,"100.376795914","94.662022446",21.3,48.7
"Arozarena, Randy",668227,2022,27,645,20,24.2,7.1,".263",".445",".327","0.182",".336",".299",28.2,7.9,41,"101.17822","94.772195116",28.7,46.1
"Bleday, JJ",668709,2022,24,238,5,28.2,12.6,".167",".309",".277","0.142",".266",".280",37.4,8.6,33.8,"97.363228429","92.749834317",27.9,46.7
"Baddoo, Akil",668731,2022,23,225,2,28.4,10.7,".204",".269",".289","0.065",".256",".256",29.9,3.7,27,"96.42330597","92.211959254",28.8,47.1
"Mitchell, Cal",668751,2022,23,232,5,22.4,7.8,".226",".349",".286","0.123",".281",".296",34,4.9,40.7,"99.042591235","93.818245342",26.8,50.5
"Knizner, Andrew",668800,2022,27,293,4,21.2,8.9,".215",".300",".301","0.085",".275",".279",28.6,3.5,33.2,"97.694226667","92.856279899",22.7,48.8
"Reynolds, Bryan",668804,2022,27,614,27,23,9.1,".262",".461",".345","0.199",".349",".332",35.5,7.9,42.9,"100.882578564","94.722792556",27.8,50.4
"Rutschman, Adley",668939,2022,24,470,13,18.3,13.8,".254",".445",".362","0.191",".354",".341",35.6,7.9,36.8,"99.028130823","93.60531527",17.9,40.5
"Rojas, Josh",668942,2022,28,510,9,19.2,10.8,".269",".391",".349","0.122",".326",".308",33.5,4.5,36.1,"98.050444128","93.265048338",22.3,41
"Melendez, MJ",669004,2022,23,534,18,24.5,12.4,".217",".393",".313","0.176",".310",".336",31,10.4,43.5,"100.595888323","94.716383713",27.8,44.6
"Marsh, Brandon",669016,2022,24,461,11,34.3,6.1,".245",".384",".295","0.139",".296",".292",40.8,7.4,38.2,"99.629003534","94.108601774",29.2,47.9
"Murphy, Sean",669221,2022,27,612,18,20.3,9.2,".250",".426",".332","0.176",".331",".346",34.7,10.5,41.4,"101.085158756","94.706891435",24,49.3
"Senzel, Nick",669222,2022,27,420,5,18.1,7.1,".231",".306",".296","0.075",".272",".304",35,3.4,33.9,"97.72590723","92.94147061",21.8,47.7
"Edman, Tommy",669242,2022,27,630,13,17.6,7.3,".265",".400",".324","0.135",".318",".314",31.6,6.2,37.8,"98.931648319","93.598664536",20.6,47
"Smith, Will",669257,2022,27,578,24,16.6,9.7,".260",".465",".343","0.205",".349",".358",36.8,10.3,43,"99.764565096","94.188464255",19.3,42.6
"Suwinski, Jack",669261,2022,23,372,19,30.6,11,".202",".411",".298","0.209",".311",".313",26.3,12.3,40.4,"100.221227453","94.334188302",30.6,43.2
"Espinal, Santiago",669289,2022,27,491,7,13.8,7.3,".267",".370",".322","0.103",".305",".298",33.8,3.4,31.7,"96.814213298","92.407779843",15.6,46.1
"Miranda, Jose F",669304,2022,24,483,15,18.8,5.8,".268",".426",".325","0.158",".329",".321",34.2,6.2,42.4,"99.818973051","94.236161898",24.3,51.5
"Gorman, Nolan",669357,2022,22,313,14,32.9,8.9,".226",".420",".300","0.194",".316",".345",46.7,14.4,43.3,"100.703871333","94.563796111",34.5,51.1
"Hiura, Keston",669374,2022,25,266,14,41.7,8.6,".226",".449",".316","0.223",".334",".320",41.1,15.4,45.2,"103.00306629","95.913755285",40.1,49
"Allen, Nick",669397,2022,23,326,4,19.6,5.8,".207",".291",".256","0.084",".245",".244",26,1.2,22.3,"94.329041897","91.214480087",23.4,53
"Hummel, Cooper",669450,2022,27,201,3,31.8,11.4,".176",".307",".274","0.131",".262",".296",30.1,7.1,35.4,"99.536416429","93.823074324",27.5,40.9
"Smith, Josh",669701,2022,24,253,2,19.8,11.1,".197",".249",".307","0.052",".262",".300",34.5,2.4,28.6,"96.124871098","92.093542209",23.4,41.1
"Hays, Austin",669720,2022,26,582,16,19.6,5.8,".250",".413",".306","0.163",".314",".301",32.3,5.2,37.7,"98.997922429","93.543165976",23.5,51
"Lopez, Nicky",670032,2022,27,480,0,13.1,6,".227",".273",".281","0.046",".251",".279",31.3,1.6,22.9,"94.94043827","91.479636504",17.3,49.1
"Alvarez, Yordan",670541,2022,25,561,37,18.9,13.9,".306",".613",".406","0.307",".427",".459",40.7,21,59.8,"105.676985081","98.195923324",23.5,42.7
"Paredes, Isaac",670623,2022,23,381,20,17.6,11.5,".205",".435",".304","0.230",".323",".301",27.4,6.4,38.7,"98.355538496","93.255665472",16.5,39.8
"Walls, Taylor",670764,2022,25,466,8,25.8,11.2,".172",".285",".268","0.113",".252",".274",32.6,6.2,28.5,"96.121545455","92.072558077",25.5,43
"González, Luis",670768,2022,26,350,4,21.4,8.6,".251",".357",".320","0.106",".299",".272",27,2.5,31.7,"97.568349561","92.834925154",23.3,47.2
"Friedl, TJ",670770,2022,26,258,8,15.5,7.8,".240",".436",".314","0.196",".323",".283",30.9,4.7,29.8,"97.321634111","92.6816085",20.3,43.5
"García Jr., Luis",671277,2022,22,377,7,22.3,2.9,".275",".408",".295","0.133",".303",".305",37.4,7.5,36.7,"98.963627429","93.569820789",27.1,53.5
"Harris II, Michael",671739,2022,21,441,19,24.3,4.8,".297",".514",".339","0.217",".368",".339",32.8,10.1,45.1,"102.581692941","95.614748459",28.1,52.4
"Kirk, Alejandro",672386,2022,23,541,14,10.7,11.6,".285",".415",".372","0.130",".347",".354",32,6.7,45.4,"101.053304663","94.989537614",15.4,41
"Perdomo, Geraldo",672695,2022,22,500,5,20.6,10,".195",".262",".285","0.067",".253",".274",28.1,2.1,25.1,"95.305189236","91.661910605",19.2,41.3
"Robert Jr., Luis",673357,2022,24,401,12,19.2,4.2,".284",".426",".319","0.142",".324",".336",32.6,8.9,42.8,"101.454212895","94.809771678",27.1,61.5
"Kim, Ha-Seong",673490,2022,26,582,11,17.2,8.8,".251",".383",".325","0.132",".313",".314",34,4.3,32.4,"97.647567656","92.869312734",19.1,43.3
"Suzuki, Seiya",673548,2022,27,446,14,24.7,9.4,".262",".433",".336","0.171",".334",".327",36.9,11.1,41.3,"100.244268881","94.350662098",22.8,39
"Velázquez, Nelson",676369,2022,23,206,6,31.6,9.2,".205",".373",".286","0.168",".291",".309",35,13.7,43.6,"100.265489661","94.367476923",36.5,47.4
"McCormick, Chas",676801,2022,27,407,14,26,11.3,".245",".407",".332","0.162",".326",".326",33.5,10.2,39,"98.903106371","93.652024395",32.6,48.4
"Franco, Wander",677551,2022,21,344,6,9.6,7.6,".277",".417",".328","0.140",".323",".339",35.1,4.6,35.8,"98.428767413","93.287600772",13.3,51.3
"Rodríguez, Julio",677594,2022,21,560,28,25.9,7.1,".284",".509",".345","0.225",".366",".338",32.7,13.2,50.7,"103.718795769","96.379006446",30.4,50.2
"Duran, Ezequiel",677649,2022,23,220,5,24.5,5.5,".236",".365",".277","0.129",".282",".257",24.7,4.5,31.8,"97.9242875","93.124773224",29.1,55.7
"Thomas, Alek",677950,2022,22,411,8,18,5.4,".231",".344",".275","0.113",".272",".280",27.9,3.8,34.6,"98.660118182","93.330771656",25,49.2
"Witt Jr., Bobby",677951,2022,22,632,20,21.4,4.7,".254",".428",".294","0.174",".311",".318",32.5,8.7,38.6,"100.836506783","94.527115512",25.2,51.8
"Torkelson, Spencer",679529,2022,22,404,8,24.5,9.2,".203",".319",".285","0.116",".272",".306",35.4,8.4,41.8,"100.743731756","94.657766412",25.6,45.9
"Kwan, Steven",680757,2022,24,638,6,9.4,9.7,".298",".400",".373","0.102",".341",".315",34.6,1.4,20.8,"94.219058287","91.134248486",9,38.1
"Duran, Jarren",680776,2022,25,223,3,28.3,6.3,".221",".363",".283","0.142",".284",".286",27.5,7.7,38,"99.170221176","93.807350882",28.2,49.9
"Jeffers, Ryan",680777,2022,25,236,7,26.3,9.7,".208",".363",".285","0.155",".287",".324",35.8,13.3,42.4,"101.152073919","94.809587415",22.6,46.2
"Miller, Owen",680911,2022,25,472,6,19.7,6.8,".243",".351",".301","0.108",".287",".296",35,3.5,31.2,"97.306117941","92.667096401",18.5,48
"Donovan, Brendan",680977,2022,25,468,5,15,12.8,".281",".379",".394","0.098",".349",".342",32.7,3.4,37.7,"98.14258882","93.299366978",15.6,38.1
"Stott, Bryson",681082,2022,24,466,10,19.1,7.7,".234",".358",".295","0.124",".289",".288",29.4,4.4,36.8,"97.97018994","93.096499761",17.2,45
"Abrams, CJ",682928,2022,21,302,2,16.6,1.7,".246",".324",".280","0.078",".267",".272",28.6,2.1,30.7,"97.184953739","92.612726201",22.6,57
"Greene, Riley",682985,2022,21,418,5,28.7,8.6,".253",".362",".321","0.109",".303",".316",32,9.3,45.2,"102.14516814","95.266459961",25.6,45.3
"Vaughn, Andrew",683734,2022,24,555,17,17.3,5.6,".271",".429",".321","0.158",".327",".322",34.1,8,48.6,"101.162950291","95.12858284",21,47
"Pasquantino, Vinnie",686469,2022,24,298,10,11.4,11.7,".295",".450",".383","0.155",".365",".379",34.1,8.9,46.9,"101.197336607","95.08140192",15.3,46
"Cabrera, Miguel",408234,2023,40,370,4,20,8.4,".257",".353",".322","0.096",".299",".302",34.2,4.2,37.6,"98.972070682","93.630273802",25.6,48.3
"Peralta, David",444482,2023,35,422,7,17.1,4.7,".259",".381",".294","0.122",".290",".312",31.1,4.9,44.2,"100.838135399","94.678134417",22.5,54.5
"Longoria, Evan",446334,2023,37,237,11,30.8,9.7,".223",".422",".295","0.199",".308",".326",37.6,10.6,51.8,"102.131802113","95.858329716",29,42.8
"Blackmon, Charlie",453568,2023,36,413,8,13.3,9.4,".279",".440",".363","0.161",".350",".339",39,4.9,31.5,"97.605451688","92.81067263",19.6,47.3
"Maldonado, Martín",455117,2023,36,407,15,34.2,7.4,".191",".348",".258","0.157",".266",".269",32.8,8.5,40,"99.511383636","93.988423653",34.3,49.6
"Solano, Donovan",456781,2023,35,450,5,22.2,8.9,".282",".391",".369","0.109",".338",".351",43.1,6.1,43.7,"100.102935676","94.475306983",25.4,47.4
"McCutchen, Andrew",457705,2023,36,473,12,21.1,15.9,".256",".397",".378","0.141",".345",".349",33.7,6.8,44.6,"100.329192449","94.60717314",27.4,41.6
"Turner, Justin",457759,2023,38,626,23,17.6,8.1,".276",".455",".345","0.179",".346",".338",36.8,5.7,39,"98.567368238","93.587032225",17.5,45
"Votto, Joey",458015,2023,39,242,14,25.6,11.2,".202",".433",".314","0.231",".326",".302",23.3,11,39.7,"99.750614932","94.225792534",30.8,47.8
"Andrus, Elvis",462101,2023,34,406,6,17.5,6.2,".251",".358",".304","0.107",".290",".270",28.1,2.6,31,"97.859729735","92.978938439",20.1,45
"Santana, Carlos",467793,2023,37,619,23,16.8,10.5,".240",".429",".318","0.189",".323",".309",31.3,6.7,36.4,"99.367236","93.791213073",22.1,45.3
"Belt, Brandon",474832,2023,35,404,19,34.9,15.1,".254",".490",".369","0.236",".369",".333",44.5,15,40,"100.691962551","94.453475333",32.5,41
"Gurriel, Yuli",493329,2023,39,329,4,13.4,7.9,".245",".359",".304","0.114",".287",".275",32.2,1.9,34.9,"97.568536744","92.903397315",16,46.8
"Rojas, Miguel",500743,2023,34,423,5,11.3,6.1,".236",".322",".290","0.086",".271",".286",33.4,2.9,32,"97.505333176","92.848794735",16.5,49.6
"Escobar, Eduardo",500871,2023,34,309,6,25.2,5.8,".226",".344",".269","0.118",".267",".246",30.5,3.8,30.6,"96.536556538","92.269302067",28.3,50.6
"Pham, Tommy",502054,2023,35,481,16,22,9.8,".256",".446",".328","0.190",".332",".359",34.4,10.7,49.1,"103.076305767","96.158685951",23.6,40.5
"Martinez, J.D.",502110,2023,35,479,33,31.1,7.1,".271",".572",".321","0.301",".369",".368",41.1,17.1,55.1,"103.470071027","96.728137226",34.4,53
"Goldschmidt, Paul",502671,2023,35,687,25,23.4,12.7,".268",".447",".363","0.179",".350",".365",35.6,12,50.8,"102.40959555","95.767792759",27.5,44
"Altuve, Jose",514888,2023,33,410,17,17.3,10.7,".311",".522",".393","0.211",".393",".333",29.7,8.3,31.4,"97.888341268","92.956086549",18.7,45.1
"Segura, Jean",516416,2023,33,326,3,14.4,6.7,".219",".279",".277","0.060",".250",".282",22.4,3.5,38.8,"99.845816452","94.042211093",19.2,50.5
"Marte, Starling",516782,2023,34,341,5,20.2,4.7,".248",".324",".301","0.076",".278",".311",30.6,5.7,39.5,"100.135976281","94.129016405",27.8,53.8
"d'Arnaud, Travis",518595,2023,34,292,11,22.9,7.2,".225",".397",".288","0.172",".297",".324",37.8,9,42.8,"101.038586","94.8353646",28.6,52
"Freeman, Freddie",518692,2023,33,730,29,16.6,9.9,".331",".567",".410","0.236",".411",".405",46.6,11.2,42.2,"100.590638269","94.617661541",20.4,51
"Grandal, Yasmani",518735,2023,34,405,8,21.2,8.9,".234",".339",".309","0.105",".288",".282",32.3,4.7,34.4,"98.280329643","93.23662509",24.9,44.7
"Heyward, Jason",518792,2023,33,377,15,17,9,".269",".473",".340","0.204",".348",".318",33,8.1,37.4,"99.253685693","93.70715033",20.7,47
"LeMahieu, DJ",518934,2023,34,562,15,22.2,10.7,".243",".390",".327","0.147",".315",".322",31.6,5.9,43,"100.265359786","94.32212244",19.7,39.2
"Moustakas, Mike",519058,2023,34,386,12,24.6,6,".247",".392",".293","0.145",".294",".271",28.3,5.7,37.9,"99.28083626","93.790160498",27.3,53.2
"Rizzo, Anthony",519203,2023,33,421,12,23,8.3,".244",".378",".328","0.134",".312",".320",41.2,6.9,37.5,"99.161259855","93.823202582",25,48.4
"Stanton, Giancarlo",519317,2023,33,415,24,29.9,9.9,".191",".420",".275","0.229",".297",".325",27.4,15.8,48.4,"106.135021532","97.484200526",34.1,42.5
"Perez, Salvador",521692,2023,33,580,23,23.3,3.3,".255",".422",".292","0.167",".302",".326",38,8.8,44,"101.357412537","94.955683293",30.2,60.2
"Flores, Wilmer",527038,2023,31,454,23,13.9,9,".284",".509",".355","0.225",".368",".335",36.2,7.9,32.5,"97.399441744","92.72835564",15.8,44.9
"Bethancourt, Christian",542194,2023,31,332,11,27.4,3.9,".225",".381",".254","0.156",".271",".265",28.5,7.9,40.8,"99.662215893","94.065729509",36.6,59.6
"Ozuna, Marcell",542303,2023,32,592,40,22.6,9.6,".274",".558",".346","0.284",".381",".395",34.9,16.7,49,"103.257673232","96.232240934",26.7,48.4
"Berti, Jon",542932,2023,33,424,7,18.2,6.8,".294",".405",".344","0.111",".325",".324",29.7,4.8,31.3,"97.776931847","92.905131597",19.9,45.5
"Crawford, Brandon",543063,2023,36,320,7,25.3,8.8,".194",".314",".273","0.120",".260",".293",32.4,10.1,43,"99.565776078","94.12075299",29.6,52.2
"Cron, C.J.",543068,2023,33,278,12,23.4,6.1,".248",".434",".295","0.186",".312",".333",31.8,13.8,40,"101.506528673","94.849164308",28.3,47.6
"Gomes, Yan",543228,2023,35,419,10,19.3,5,".267",".408",".315","0.141",".312",".322",37,7.8,36.4,"98.498293636","93.349708864",24.2,52.5
"Grossman, Robbie",543257,2023,33,420,10,23.3,13.6,".238",".394",".340","0.156",".323",".309",32.3,6.8,37.3,"98.380623258","93.356276654",20.1,38.1
"Hicks, Aaron",543305,2023,33,312,8,22.1,13.5,".253",".383",".353","0.130",".326",".283",26.4,4,29.4,"96.660790808","92.357553401",25.6,40.3
"Higashioka, Kyle",543309,2023,33,260,10,28.5,5.4,".236",".413",".274","0.177",".293",".310",36.6,11,48.3,"101.070818721","94.981513333",28.6,49.5
"McCann, James",543510,2023,33,226,6,25.2,4,".222",".377",".269","0.155",".279",".318",37.4,7.1,43.9,"100.5154664","94.458814667",31.4,54.2
"Semien, Marcus",543760,2023,32,753,29,14.6,9.6,".276",".478",".348","0.202",".354",".335",37.5,6.6,37,"98.08417844","93.189258191",18,47.1
"Springer, George",543807,2023,33,683,21,18.3,8.8,".258",".405",".327","0.147",".320",".330",32.2,7.8,39.9,"100.34851102","94.297792755",22.3,49.3
"Vázquez, Christian",543877,2023,32,355,6,23.1,7,".223",".318",".280","0.095",".264",".267",36,3.3,32.8,"96.86717918","92.517706337",26.2,48.7
"Wong, Kolten",543939,2023,32,250,4,21.2,7.2,".183",".263",".256","0.080",".236",".266",28.7,1.7,27,"96.00426619","92.008496429",21.7,47.9
"Vargas, Ildemaro",545121,2023,31,286,4,7,6.6,".252",".363",".304","0.111",".292",".306",26,2.4,31.3,"97.156948151","92.578474076",12.6,45.9
"Grichuk, Randal",545341,2023,31,471,16,20.4,6.2,".267",".459",".321","0.192",".333",".325",35,7.1,45.3,"101.490095235","95.074647765",26.7,50.1
"Trout, Mike",545361,2023,31,361,18,28.5,12.5,".264",".492",".368","0.228",".369",".390",38.3,16,51.9,"104.231780971","96.666975874",29.2,44.4
"Harper, Bryce",547180,2023,30,546,21,21.8,14.7,".293",".499",".401","0.206",".384",".396",36.8,15.2,46.8,"103.839812899","96.235486154",33.5,51.4
"Abreu, José",547989,2023,36,594,18,21.9,7.1,".237",".383",".296","0.146",".295",".316",32.5,8.7,41.6,"100.821833606","94.59770588",26.4,50.1
"Díaz, Elias",553869,2023,32,526,14,22.4,6.5,".267",".409",".316","0.142",".314",".295",31.2,6.2,38.4,"100.035107459","94.071648482",28.4,54.8
"Suárez, Eugenio",553993,2023,31,694,22,30.8,10.1,".232",".391",".323","0.159",".313",".323",37.7,13.2,43,"100.661115455","94.726665316",32.8,44.5
"Urshela, Gio",570482,2023,31,228,2,15.8,4.4,".299",".374",".329","0.075",".307",".292",34.8,3.9,33.7,"97.28858011","92.735387017",18.8,54.8
"Arenado, Nolan",571448,2023,32,612,26,16.5,6.7,".266",".459",".315","0.193",".327",".320",33,7.3,38.1,"99.311427863","93.760489679",20.2,48.5
"Farmer, Kyle",571657,2023,32,369,11,23.3,6.2,".256",".408",".317","0.152",".316",".314",36.1,6.8,32.9,"97.416251746","92.785266614",23.2,47.7
"Haniger, Mitch",571745,2023,32,229,6,28.4,6.6,".209",".365",".266","0.156",".274",".313",36.7,10.9,46.9,"100.797604054","94.934929728",27.8,45.8
"Hernández, Enrique",571771,2023,31,508,11,19.1,6.7,".237",".357",".289","0.120",".282",".272",31,4.5,33.7,"97.831208503","92.980265241",23.6,46.7
"Muncy, Max",571970,2023,32,579,36,26.4,14.7,".212",".475",".333","0.263",".344",".362",33.7,14.6,46.6,"101.315308623","95.11269018",29.6,39.3
"Taylor, Michael A.",572191,2023,32,388,21,33.5,6.7,".220",".442",".278","0.222",".308",".309",30.6,13.5,38,"101.375261009","94.840009083",34.1,49
"Walker, Christian",572233,2023,32,661,33,19.2,9.4,".258",".497",".333","0.239",".351",".340",32.6,11.4,40.4,"100.601281422","94.397470475",26.4,48.6
"Carpenter, Matt",572761,2023,37,237,5,28.3,17.3,".176",".319",".322","0.143",".293",".308",35.7,11.2,31,"97.461539355","92.730769677",28.3,40.4
"Yastrzemski, Mike",573262,2023,32,381,15,26,11.8,".233",".445",".330","0.212",".333",".326",35,9.8,44,"100.690515526","94.656883114",23.6,41.2
"Contreras, Willson",575929,2023,31,495,20,22.4,10.3,".264",".467",".358","0.203",".358",".374",34.1,12.2,46.9,"103.922488176","96.441608585",29,48.5
"Bryant, Kris",592178,2023,31,335,10,20.3,8.7,".233",".367",".313","0.134",".302",".324",34.1,6,31.5,"97.280290431","92.645822586",25,45.9
"Canha, Mark",592192,2023,34,507,11,15.6,9.7,".262",".400",".355","0.138",".333",".323",30.9,4.7,36.7,"98.959607624","93.632062936",18.3,41.6
"Castellanos, Nick",592206,2023,31,671,29,27.6,5.4,".272",".476",".311","0.204",".335",".322",36.5,10.3,43.2,"100.3894813","94.419143027",35.4,56.2
"Drury, Brandon",592273,2023,30,523,26,26,4.8,".262",".497",".306","0.235",".339",".318",35,11,46.3,"101.80875267","95.132794574",30.2,51.6
"Judge, Aaron",592450,2023,31,458,37,28.4,19.2,".267",".613",".406","0.346",".420",".465",37.1,27.6,64.2,"107.408656167","99.7487841",36.6,41.3
"Machado, Manny",592518,2023,30,601,30,18.1,8.3,".258",".462",".319","0.204",".334",".335",30.2,10.5,45.9,"102.375377","95.525381708",23.9,49.3
"Pederson, Joc",592626,2023,31,425,15,20.9,13.4,".235",".416",".348","0.181",".331",".367",33.5,12.2,52.2,"103.009948074","96.305444852",24.6,45.2
"Realmuto, J.T.",592663,2023,32,540,20,25.6,6.5,".252",".452",".310","0.200",".324",".334",36.2,11.2,43.3,"101.30139764","94.961935393",26.2,50.5
"Renfroe, Hunter",592669,2023,31,548,20,22.8,8,".233",".416",".297","0.183",".308",".289",29.5,6.2,39.1,"100.508778984","94.37524563",26.4,50.8
"Rosario, Eddie",592696,2023,31,516,21,23.6,6.6,".255",".450",".305","0.195",".322",".317",35.9,9.5,35.4,"98.60055257","93.424315434",29.8,57.4
"Yelich, Christian",592885,2023,31,632,19,22.2,12.3,".278",".447",".370","0.169",".353",".356",30.4,9.3,50.1,"103.18368722","96.096251589",26.8,45
"Merrifield, Whit",593160,2023,34,592,11,17.1,6.1,".272",".382",".318","0.110",".304",".278",37.2,2.4,24.3,"94.880835796","91.453019024",19.5,51.1
"Bogaerts, Xander",593428,2023,30,665,19,16.5,8.4,".285",".440",".350","0.155",".343",".317",28.3,6.1,34.6,"98.476149796","93.284202061",20.4,42.6
"Polanco, Jorge",593871,2023,29,343,14,25.7,10.5,".255",".454",".335","0.199",".340",".351",39.6,13.8,40.6,"100.221097963","94.291735787",24.9,46.4
"Duvall, Adam",594807,2023,34,353,21,31.2,6.2,".247",".531",".303","0.284",".347",".305",33,13.1,39.1,"100.072491121","94.161800748",31,48.3
"Kiermaier, Kevin",595281,2023,33,408,8,21.1,7.1,".265",".419",".322","0.154",".320",".299",29.4,3.5,33.2,"97.999902837","93.084577651",30.6,49.6
"Profar, Jurickson",595777,2023,30,521,9,17.3,9.6,".242",".368",".321","0.126",".304",".307",37.7,4,31.8,"97.18982877","92.606877674",20,47.2
"Báez, Javier",595879,2023,30,547,9,22.9,4.4,".222",".325",".267","0.103",".261",".281",28.9,5.2,39.7,"100.19637776","94.157773958",32.7,54.8
"Cave, Jake",595909,2023,30,203,5,27.1,7.4,".212",".348",".272","0.136",".271",".277",29.5,7.6,34.8,"98.602982576","93.425616336",27,48.8
"Hedges, Austin",595978,2023,30,212,1,22.2,5.2,".184",".227",".234","0.043",".209",".256",29.1,0.7,31.1,"97.087257286","92.598786763",28,52.1
"Lindor, Francisco",596019,2023,29,687,31,19.9,9.6,".254",".470",".336","0.216",".346",".345",35.8,10.4,43.9,"100.821281314","94.916417775",22.8,48
"Slater, Austin",596103,2023,30,207,5,28,9.7,".270",".400",".348","0.130",".330",".334",34.6,11.8,46.5,"101.910679365","95.591557937",29.8,42.3
"Vogelbach, Daniel",596129,2023,30,319,13,25.4,13.2,".233",".404",".339","0.171",".327",".325",31.4,9.3,50,"101.166799794","95.217899227",21.6,36
"Sánchez, Gary",596142,2023,30,267,19,25.1,7.9,".217",".492",".288","0.275",".329",".342",27.4,15.4,44.6,"101.705364318","95.143946857",27.6,41.8
"Kepler, Max",596146,2023,30,491,24,21.6,9.2,".260",".484",".332","0.224",".348",".362",35.7,12.2,47.9,"102.056672262","95.65094244",19.8,47.5
"Candelario, Jeimer",600869,2023,29,576,22,22,9.2,".251",".471",".336","0.220",".346",".318",36.9,7.9,36.4,"99.185208","93.708029184",24.2,47.4
"Urías, Ramón",602104,2023,29,396,4,25.5,6.8,".264",".375",".328","0.111",".310",".281",30.4,6.9,38.1,"99.139793769","93.685443346",28.7,49.1
"Ahmed, Nick",605113,2023,33,210,2,24.8,5.7,".212",".303",".257","0.091",".247",".264",32.9,2.8,31.5,"97.507589437","92.754850282",26.9,50.4
"Anderson, Brian",605119,2023,30,361,9,29.9,10,".226",".368",".310","0.142",".299",".314",34.3,10.4,37.1,"99.655808491","93.945080472",33.3,48.9
"Barnes, Austin",605131,2023,33,200,2,21.5,8.5,".180",".242",".256","0.062",".229",".273",28.3,2.9,25.4,"96.019005147","92.044198148",22.2,44
"Bell, Josh",605137,2023,30,617,22,21.7,10.2,".247",".419",".325","0.172",".323",".343",31.3,10.2,43,"101.611186796","94.955559951",25.8,47.7
"Betts, Mookie",605141,2023,30,693,39,15.4,13.9,".307",".579",".408","0.272",".416",".408",42.5,12.4,48.5,"100.865674689","95.28290971",16.7,38.1
"Caratini, Victor",605170,2023,29,226,7,19.9,8.4,".259",".383",".327","0.124",".312",".309",23.3,5,44.7,"101.5286345","95.04057195",21.1,45.3
"Davis, J.D.",605204,2023,30,546,18,27.8,9.5,".248",".412",".325","0.164",".321",".323",33.5,9.6,45.2,"101.437064311","95.258851108",34,53.1
"Castro, Harold",605612,2023,29,270,1,24.4,3.3,".252",".314",".275","0.062",".258",".264",38.5,3.1,28.7,"96.109616082","92.139749948",28.6,56.3
"Arcia, Orlando",606115,2023,28,533,17,19.1,7.3,".264",".420",".321","0.156",".321",".302",30.6,6.9,41.1,"99.189217927","93.735384508",24.3,46.2
"Hernández, Teoscar",606192,2023,30,678,26,31.1,5.6,".258",".435",".305","0.177",".317",".334",35.2,13.8,49.4,"103.014681476","96.109592578",35.8,53.6
"Marte, Ketel",606466,2023,29,650,25,16.8,10.9,".276",".485",".358","0.209",".361",".342",30.8,8,42.8,"101.585403319","95.10445528",20.5,45.5
"Haase, Eric",606992,2023,30,293,4,27.6,5.8,".201",".281",".247","0.080",".233",".255",29.2,4.6,35.9,"98.489376289","93.341904124",32.6,54
"Nimmo, Brandon",607043,2023,30,682,24,21.4,10.9,".274",".466",".363","0.192",".359",".352",33.5,9.5,47.9,"101.50757","95.462726837",22,42.4
"Peterson, Jace",607054,2023,33,430,6,23.5,10.9,".211",".307",".304","0.096",".275",".287",33.5,4.7,28.1,"96.5144975","92.272958155",25,42.2
"Turner, Trea",607208,2023,30,691,26,21.7,6.5,".266",".459",".320","0.193",".333",".331",36.1,8.4,42.2,"100.292342286","94.550003245",29.6,53.1
"Pillar, Kevin",607680,2023,34,206,9,24.3,2.9,".228",".416",".248","0.188",".280",".296",39.3,8,38.7,"98.402506267","93.29131396",26.5,56.3
"Stallings, Jacob",607732,2023,33,276,3,24.3,9.8,".191",".286",".278","0.095",".256",".265",28.5,5.6,40.2,"98.748890698","93.710206784",22.8,40.9
"Ramírez, José",608070,2023,30,691,24,10.6,10.6,".282",".475",".356","0.193",".346",".361",36.8,7,40.4,"100.07775","94.35370079",15.6,46.6
"Bregman, Alex",608324,2023,29,724,25,12,12.7,".262",".441",".363","0.179",".351",".353",35.8,5.4,38.2,"98.071537732","93.248960689",14.1,38.7
"Gallo, Joey",608336,2023,29,332,21,42.8,14.5,".177",".440",".301","0.263",".320",".298",28.6,19.3,52.9,"104.361492143","97.127446835",44.3,47.1
"Seager, Corey",608369,2023,29,536,33,16.4,9.1,".327",".623",".390","0.296",".419",".411",38,15.2,53.2,"103.543493485","96.785948962",25,55.1
"Jankowski, Travis",608671,2023,32,287,1,14.6,12.2,".263",".332",".357","0.069",".312",".303",28.8,0,25.5,"95.420288039","91.716382549",14.8,38.2
"Refsnyder, Rob",608701,2023,32,243,1,19.3,13.6,".248",".317",".365","0.069",".314",".344",42,3.9,34.4,"98.411482208","93.313190455",23.1,40.1
"Meneses, Joey",608841,2023,31,657,13,19.8,5.8,".275",".401",".321","0.126",".314",".289",32.9,5.4,41.7,"99.929364091","94.237468244",23.6,47.6
"Swanson, Dansby",621020,2023,29,638,22,24.1,10.3,".244",".416",".328","0.172",".325",".344",35.1,10.9,39.7,"99.817409223","94.10753236",28.7,47.3
"Newman, Kevin",621028,2023,29,253,3,13.4,6.7,".253",".364",".311","0.111",".296",".313",35.4,2.5,29.3,"96.650571327","92.359183077",14.8,46.6
"Taylor, Chris",621035,2023,32,384,15,32.6,10.7,".237",".420",".326","0.183",".323",".309",38.8,9.8,37.4,"98.961485421","93.52875061",35.8,47.6
"Correa, Carlos",621043,2023,28,580,18,22.6,10.2,".230",".399",".312","0.169",".309",".327",31.1,9.6,45.9,"102.481230628","95.635527984",25.1,43.6
"Taylor, Tyrone",621438,2023,29,243,10,22.6,3.3,".234",".446",".267","0.212",".302",".307",33.9,6.8,39.5,"99.373020909","93.756534489",24.9,51.9
"Buxton, Byron",621439,2023,29,347,17,31.4,10.1,".207",".438",".294","0.231",".311",".316",33.2,14.6,45.7,"102.5176971","95.782166382",30.6,50
"Ward, Taylor",621493,2023,29,409,14,19.6,9.5,".253",".421",".335","0.168",".329",".341",34,8.2,43.9,"100.268469209","94.588852374",21.1,44.3
"Wisdom, Patrick",621550,2023,31,302,23,36.8,9.9,".205",".500",".289","0.295",".333",".333",33.3,20.1,54.7,"103.448312785","96.664593567",33.8,46.7
"Wendle, Joey",621563,2023,33,318,2,21.1,4.1,".212",".306",".248","0.094",".242",".267",31.8,3.4,39.4,"97.966208793","93.354777576",25,47.7
"Olson, Matt",621566,2023,29,720,54,23.2,14.4,".283",".604",".389","0.321",".413",".396",31,16.4,55.5,"104.825276757","97.314084392",28.4,46.8
"Duffy, Matt",622110,2023,32,209,2,18.7,5.7,".251",".325",".306","0.074",".281",".298",35.7,2.6,33.1,"96.70870961","92.368218506",23,48.1
"Margot, Manuel",622534,2023,28,336,4,16.4,5.4,".264",".376",".310","0.112",".299",".301",28.6,3.9,37.8,"99.699502578","93.924441765",24.4,50.5
"Mateo, Jorge",622761,2023,28,350,7,23.4,6.3,".217",".340",".267","0.123",".265",".292",28.3,5.3,38.5,"100.431419748","94.295455274",28.1,50.3
"Ramírez, Harold",623912,2023,28,434,12,18.2,5.1,".313",".460",".353","0.147",".349",".318",29.4,4.6,40.7,"100.416096914","94.469777121",28.1,56.5
"Santander, Anthony",623993,2023,28,656,28,23.2,8.4,".257",".472",".325","0.215",".340",".319",33,10.2,46,"101.732013378","95.319994041",23.5,49
"Alonso, Pete",624413,2023,28,658,46,22.9,9.9,".217",".504",".318","0.287",".346",".369",32.3,14.7,40.1,"102.342134502","95.253955701",26.2,43.7
"Arroyo, Christian",624414,2023,28,206,3,21.8,3.4,".241",".369",".268","0.128",".274",".272",35.9,4.6,32.7,"97.619093067","92.82512",25.3,59.7
"Biggio, Cavan",624415,2023,28,338,9,26,11.8,".235",".370",".340","0.135",".318",".315",41.4,7.4,33,"97.7434156","93.0212046",23.8,39.7
"Conforto, Michael",624424,2023,30,470,15,22.6,11.3,".239",".384",".334","0.145",".315",".330",31.9,7.9,39.8,"100.09818404","94.217973543",24.9,45.3
"Frazier, Adam",624428,2023,31,455,13,14.9,7,".240",".396",".300","0.156",".302",".301",40.9,3.2,23.4,"95.278497399","91.650357101",19.2,48.3
"McGuire, Reese",624512,2023,28,206,1,25.7,5.3,".267",".358",".310","0.091",".293",".243",33.6,2.9,27,"95.837614394","91.965886641",23.1,53.2
"Soler, Jorge",624585,2023,31,580,36,24.3,11.4,".250",".512",".341","0.262",".361",".374",36.5,15,48,"103.053956467","95.950783079",27.6,44.1
"Sosa, Edmundo",624641,2023,27,300,10,24.7,2.7,".251",".427",".293","0.176",".309",".290",34.1,6.8,32.2,"98.656224369","93.335070971",28.7,59.5
"Ibáñez, Andy",628451,2023,30,383,11,18,6.3,".264",".433",".312","0.169",".320",".331",33.2,9,42.9,"99.890798819","94.208427735",22.6,51.8
"Cronenworth, Jake",630105,2023,29,522,10,18.6,8.8,".229",".378",".312","0.149",".301",".306",35.7,4.4,33.2,"97.73147257","92.917093417",16,47.6
"Anderson, Tim",641313,2023,30,524,1,23.3,5,".245",".296",".286","0.051",".260",".280",32.4,3,39.4,"99.22965129","93.713640376",25.3,53.5
"Bauers, Jake",641343,2023,27,272,12,34.9,9.9,".202",".413",".279","0.211",".297",".332",36,18.7,48.7,"102.0116428","95.506092133",33.3,45.8
"Bellinger, Cody",641355,2023,27,556,26,15.6,7.2,".307",".525",".356","0.218",".370",".325",38,6.1,31.4,"97.661544057","92.874372388",20.1,49.9
"Crawford, J.P.",641487,2023,28,638,19,19.6,14.7,".266",".438",".380","0.172",".359",".341",35.3,4.8,36.2,"99.143101569","93.649442623",18.6,38.6
"Fraley, Jake",641584,2023,28,380,15,18.7,9.7,".256",".443",".339","0.187",".338",".327",38,6.4,30.8,"97.120245263","92.614906038",24.1,52
"Garver, Mitch",641598,2023,32,344,19,23.8,12.8,".270",".500",".370","0.230",".374",".364",35.5,12.6,42.1,"100.978311963","94.653887243",23.7,39.6
"Hampson, Garrett",641658,2023,28,252,3,26.6,9.1,".276",".380",".349","0.104",".323",".292",37.1,3.2,28.3,"96.842874595","92.486054257",26.3,43.3
"Heim, Jonah",641680,2023,28,500,18,19,8,".259",".439",".318","0.180",".325",".325",34.3,8,38.5,"99.154937912","93.809775675",22.5,52
"Mancini, Trey",641820,2023,31,263,4,29.7,8,".234",".336",".299","0.102",".280",".274",32.5,3.8,40.6,"99.887541875","94.139181069",32.7,49.5
"McMahon, Ryan",641857,2023,28,627,23,31.6,10.8,".240",".431",".322","0.191",".325",".334",39.4,11.4,44.2,"102.017798324","95.343043101",32.3,47.4
"O'Neill, Tyler",641933,2023,28,266,9,25.2,10.5,".231",".403",".312","0.172",".313",".335",29.2,12.4,43.3,"101.468190235","94.898490824",27.8,44.9
"Palacios, Joshua",641943,2023,27,264,10,21.2,4.5,".239",".413",".279","0.174",".297",".317",30.9,9.8,45.4,"101.193022979","95.127376383",26.7,52
"Smith, Dominic",642086,2023,28,586,12,15.5,8,".254",".366",".326","0.112",".306",".321",37,6.6,30.8,"97.225088721","92.631850959",19.9,49
"Tellez, Rowdy",642133,2023,28,351,13,24.5,10,".215",".376",".291","0.161",".288",".307",35.7,8.7,40.4,"101.162097826","94.892917074",21.9,38.5
"Thaiss, Matt",642136,2023,28,307,9,27,11.7,".214",".340",".319","0.126",".295",".332",34.6,10.4,40.7,"100.494365275","94.474114254",34.2,46
"Siri, Jose",642350,2023,27,364,25,35.7,5.5,".222",".494",".267","0.272",".319",".296",33,13.2,37.7,"100.583268942","94.368878077",40.3,53
"Rosario, Amed",642708,2023,27,545,6,18.2,5.3,".263",".378",".305","0.115",".297",".306",33.8,3.4,39.4,"99.501582705","93.941784576",23.1,53.4
"Adames, Willy",642715,2023,27,638,24,25.9,11.1,".217",".407",".310","0.190",".311",".333",35,12.4,36.5,"99.086365635","93.664258959",31,50
"Estrada, Thairo",642731,2023,27,530,14,22.6,4.2,".271",".416",".315","0.145",".316",".293",34.7,4.8,33.7,"97.898139565","92.983630679",21.5,51.7
"Benintendi, Andrew",643217,2023,28,621,5,14.3,8.4,".262",".356",".326","0.094",".299",".311",40.9,2.9,27,"95.498075212","91.757391695",19.3,49
"Cooper, Garrett",643265,2023,32,457,17,28.9,6.8,".251",".419",".304","0.168",".313",".317",40.4,10.3,41.1,"100.493592808","94.333162534",30.7,52.4
"Dubón, Mauricio",643289,2023,28,492,10,14.2,3.9,".278",".411",".309","0.133",".311",".303",37,4.5,29.5,"96.983512626","92.50482157",17.7,58.6
"Jansen, Danny",643376,2023,28,301,17,20.6,7.6,".228",".474",".312","0.246",".336",".316",35.4,10.7,37.4,"98.938626373","93.548218775",22.9,46.8
"Kemp, Tony",643393,2023,31,419,5,9.5,10.5,".209",".304",".303","0.095",".276",".299",31.3,1.2,20.4,"94.699737436","91.482675737",14.5,46
"Kiner-Falefa, Isiah",643396,2023,28,361,6,19.4,7.8,".242",".340",".306","0.098",".286",".296",33.5,3.1,39.2,"99.088839688","93.71146918",19.6,44.9
"McNeil, Jeff",643446,2023,31,648,10,10,6,".270",".378",".333","0.108",".314",".296",32.1,1.3,27.4,"95.984354131","92.004150754",13.5,53
"Tauchman, Mike",643565,2023,32,401,8,21.4,14,".252",".377",".362","0.125",".330",".343",37.6,5.5,40,"99.326329764","93.849149016",24.5,41.8
"Albies, Ozzie",645277,2023,26,660,33,16.2,7,".280",".513",".336","0.233",".358",".341",37.4,8.3,39,"98.667615565","93.481568303",20.6,54.6
"Ford, Mike",645801,2023,30,251,16,32.3,9.6,".228",".475",".323","0.247",".343",".311",33.1,17.3,44.6,"101.141524429","94.781977914",30.4,42.7
"Devers, Rafael",646240,2023,26,656,33,19.2,9.5,".271",".500",".351","0.229",".359",".380",30,12.7,55.1,"104.483705833","97.182864659",26.1,52.6
"Naylor, Josh",647304,2023,26,495,17,13.7,6.7,".308",".489",".354","0.181",".354",".342",35.5,8.2,41.2,"100.627346359","94.477601234",19.8,56.5
"Díaz, Aledmys",649557,2023,32,344,4,19.2,4.9,".229",".337",".280","0.108",".268",".275",27.6,2.8,33.5,"97.951582698","93.010438968",22.3,52.8
"Arraez, Luis",650333,2023,26,617,10,5.5,5.7,".354",".469",".393","0.115",".369",".355",44.7,3.5,25.7,"95.658900664","92.009454214",7.9,51
"Jiménez, Eloy",650391,2023,26,489,18,19,6.1,".272",".441",".317","0.169",".325",".314",26,9.3,46.8,"103.173051209","95.996060413",29.7,52
"Torres, Gleyber",650402,2023,26,672,25,14.6,10,".273",".453",".347","0.180",".346",".363",37.3,8,40.3,"99.649800996","94.055057585",21.8,46.8
"Castro, Willi",650489,2023,26,409,9,24.2,8.3,".257",".411",".339","0.154",".327",".303",34.5,6.8,31.8,"98.698827717","93.374549289",27.9,51.6
"Díaz, Yandy",650490,2023,31,600,22,15.7,10.8,".330",".522",".410","0.192",".402",".385",30.5,9.5,54,"104.285177685","97.074568747",18.4,42.6
"De La Cruz, Bryan",650559,2023,26,626,19,22.7,6.4,".257",".411",".304","0.154",".309",".330",41,8.9,42.5,"100.272527091","94.400399818",28.7,50.1
"Rengifo, Luis",650859,2023,26,445,16,18.4,9.2,".264",".444",".339","0.180",".339",".324",29.7,7.7,36.9,"98.941377179","93.617089135",24.5,50.1
"Monasterio, Andruw",655316,2023,26,315,3,21,8.9,".259",".348",".330","0.089",".302",".308",41.3,5.5,33.5,"97.113217523","92.687779124",21.7,42.1
"Chapman, Matt",656305,2023,30,581,17,28.4,10.7,".240",".424",".330","0.184",".328",".336",32.4,17.2,56.4,"103.539639884","96.813201603",31.1,43.3
"Fairchild, Stuart",656413,2023,27,255,5,27.1,9.8,".228",".388",".321","0.160",".312",".312",32.3,7.8,29.7,"97.468722267","92.766466376",33.9,51.1
"Garrett, Stone",656448,2023,27,271,9,30.3,9.6,".269",".457",".343","0.188",".344",".346",37.6,9.6,48.4,"102.21494641","95.483708974",32.6,52.8
"Joe, Connor",656582,2023,30,472,11,23.3,10.6,".247",".421",".339","0.174",".332",".327",37.2,8.3,41.8,"100.015548477","94.249815814",23.6,39.5
"McKinstry, Zach",656716,2023,28,518,9,21.8,8.5,".231",".351",".302","0.120",".289",".314",37.1,7.6,33.5,"97.726678239","92.940971652",20.5,47.3
"Mullins, Cedric",656775,2023,28,455,15,22.2,9.5,".233",".416",".305","0.183",".311",".288",28.1,6.5,37.1,"98.843959934","93.556146126",24.9,49.6
"O'Hearn, Ryan",656811,2023,29,368,14,22.3,4.1,".289",".480",".322","0.191",".339",".321",35.1,10.1,51.5,"101.483905448","95.348954007",23.3,50.7
"Rivera, Emmanuel",656896,2023,27,283,4,19.8,7.8,".261",".358",".314","0.097",".295",".315",35.6,5.9,46.3,"100.267371553","94.647965854",26.7,46.7
"Schwarber, Kyle",656941,2023,30,720,47,29.9,17.5,".197",".474",".343","0.277",".350",".362",34.3,16.4,48.8,"103.398490108","96.18179379",31.5,37.7
"Smith, Pavin",656976,2023,27,228,7,19.7,15.4,".188",".325",".317","0.137",".293",".328",34.9,7.6,41.8,"99.896326164","94.182208207",20.1,40.4
"Thomas, Lane",657041,2023,27,682,28,25.8,5.3,".268",".468",".315","0.200",".334",".319",36.8,9.6,40.7,"100.191573957","94.319062004",23,43.6
"Verdugo, Alex",657077,2023,27,602,13,15.4,7.5,".264",".421",".324","0.157",".322",".331",35.4,5,37.6,"99.116993728","93.701176864",15.6,40.9
"Wong, Connor",657136,2023,27,403,9,33.3,5.5,".235",".385",".287","0.150",".292",".274",34,9.1,37.8,"100.083071271","94.144066723",32.3,52.8
"DeJong, Paul",657557,2023,29,400,14,30.3,5.3,".207",".355",".258","0.148",".266",".277",34.8,6.7,33.2,"97.657692047","92.870460632",35.4,53.2
"Laureano, Ramón",657656,2023,28,404,9,28.2,8.2,".224",".371",".304","0.147",".298",".304",34.7,9.7,35.9,"98.923313496","93.530379634",29,46.8
"Sheets, Gavin",657757,2023,27,344,10,19.2,8.1,".203",".331",".267","0.128",".261",".270",29.7,5.2,32.5,"98.4138068","93.281118675",21.7,47.4
"Olivares, Edward",658668,2023,27,385,12,16.6,5.7,".263",".452",".317","0.189",".329",".335",34.2,7.9,37.7,"99.121503973","93.605326233",22.9,50.7
"Moncada, Yoán",660162,2023,28,357,11,30,5.6,".260",".425",".305","0.165",".315",".315",42.5,10.1,39,"99.983863509","94.177039383",30.7,46.8
"Ohtani, Shohei",660271,2023,28,599,44,23.9,15.2,".304",".654",".412","0.350",".433",".428",35.6,19.7,54.2,"105.748559101","97.769057809",32.3,48.2
"Acuña Jr., Ronald",660670,2023,25,735,41,11.4,10.9,".337",".596",".416","0.259",".428",".461",33.6,15.3,55.2,"106.368689571","98.157029125",18.7,46.2
"Ruiz, Keibert",660688,2023,24,562,18,10.3,5.5,".260",".409",".308","0.149",".310",".322",39.4,5.8,31.9,"97.263733176","92.681495075",14.3,51.1
"Montero, Elehuris",660707,2023,24,307,11,36.2,4.9,".243",".426",".290","0.183",".306",".255",31.8,6.8,44.3,"101.047431818","94.674275852",39.3,53
"Sánchez, Jesús",660821,2023,25,403,14,26.8,9.4,".252",".449",".326","0.197",".333",".349",32.9,12.2,46.3,"103.172158492","95.857175913",30.2,49
"Contreras, William",661388,2023,25,611,17,20.6,10.3,".289",".457",".367","0.168",".357",".332",27.1,9.4,48.7,"103.241329369","96.097846496",28,43.2
"Varsho, Daulton",662139,2023,26,581,20,23.2,7.7,".220",".389",".285","0.169",".293",".302",34.3,7.4,36.1,"99.853027513","94.005486074",24.7,50.1
"Nootbaar, Lars",663457,2023,25,503,14,19.7,14.3,".261",".418",".367","0.157",".344",".357",30.8,8.8,37.8,"100.334219085","94.369985457",18.5,35.5
"Hoerner, Nico",663538,2023,26,688,9,12.1,7.1,".283",".383",".346","0.100",".322",".313",33.2,1.8,33.4,"97.320472852","92.695131651",12.5,45.6
"Riley, Austin",663586,2023,26,715,37,24.1,8.3,".281",".516",".345","0.235",".363",".366",35.2,13.9,49.2,"103.384251814","96.274145591",27.8,48.2
"Madrigal, Nick",663611,2023,26,294,2,8.2,3.4,".263",".352",".311","0.089",".294",".296",29.9,0.8,27.5,"95.88199459","91.943884016",9.4,45
"Larnach, Trevor",663616,2023,26,212,8,34,12.7,".213",".415",".311","0.202",".313",".324",41.6,13.3,49.6,"101.88501386","95.488486549",36.5,41
"Mountcastle, Ryan",663624,2023,26,470,18,22.8,7.9,".270",".452",".328","0.182",".333",".356",35.9,12.1,44.9,"102.167820745","95.45427677",28.3,54.7
"Hayes, Ke'Bryan",663647,2023,26,525,15,19.8,5.3,".271",".453",".309","0.182",".324",".322",34.1,7.4,48.3,"101.67326359","95.450846324",21.2,45.6
"Tucker, Kyle",663656,2023,26,674,29,13.6,11.9,".284",".517",".369","0.233",".372",".386",35.4,10.6,45.9,"100.798373008","94.831132546",18.5,47
"India, Jonathan",663697,2023,26,529,17,20.6,9.8,".244",".407",".338","0.163",".327",".338",37.2,7.7,38.6,"99.676934286","94.0396352",22,38.6
"Raleigh, Cal",663728,2023,26,569,30,27.8,9.5,".232",".456",".306","0.224",".326",".329",36.5,12.7,41,"101.028271404","94.749354873",29.9,49.7
"Fortes, Nick",663743,2023,26,323,6,18.3,5.3,".204",".299",".263","0.095",".251",".264",27.1,3.8,35,"98.518887881","93.393950383",17.1,45.5
"Grisham, Trent",663757,2023,26,555,13,27.7,13.5,".198",".352",".315","0.154",".299",".322",32.8,11.9,40,"100.701927386","94.880503967",28.3,41.6
"Vierling, Matt",663837,2023,26,530,10,21.1,8.3,".261",".388",".329","0.127",".315",".322",32.2,4.7,42.8,"100.577331105","94.490701519",19.4,44.3
"Stephenson, Tyler",663886,2023,26,517,13,26.1,9.1,".243",".378",".317","0.135",".305",".314",33.5,7.6,43.5,"100.030744788","94.357020636",28.4,42.5
"Lowe, Nathaniel",663993,2023,27,724,17,22.8,12.8,".262",".414",".360","0.152",".340",".339",36.7,6.5,41.6,"101.145951991","94.820277484",20.6,43.8
"Happ, Ian",664023,2023,28,691,21,22.1,14.3,".248",".431",".360","0.183",".345",".349",36.7,9,39,"99.676936326","94.121891884",25.3,44.4
"France, Ty",664034,2023,28,665,12,17.6,6.5,".250",".366",".337","0.116",".315",".340",36.9,6.8,38.6,"99.277871319","93.765945224",21.9,53.2
"Lowe, Brandon",664040,2023,28,436,21,27.3,11.5,".231",".443",".328","0.212",".334",".338",32.6,10.7,47.5,"101.419435954","95.219077088",32,51.6
"Bader, Harrison",664056,2023,29,344,7,17.2,4.9,".232",".348",".274","0.116",".271",".288",32.8,5.3,31.7,"97.622516107","92.819025115",24.6,48.5
"Straw, Myles",664702,2023,28,518,1,18.7,8.1,".238",".297",".301","0.059",".268",".273",34,0.5,23.3,"95.141368287","91.593212265",14.1,44
"Isbel, Kyle",664728,2023,26,313,5,18.8,5.4,".240",".380",".282","0.140",".286",".290",32.2,5.5,39.8,"99.280896261","93.847228522",20.8,46.9
"Bohm, Alec",664761,2023,26,611,20,15.4,6.9,".274",".437",".327","0.163",".329",".344",35.1,5.7,41.7,"100.435445021","94.400147213",18.1,49.8
"Wade Jr., LaMonte",664774,2023,29,519,17,18.3,14.6,".256",".417",".373","0.161",".347",".360",33.6,9.1,39.8,"99.530093174","93.945744444",20.8,39.5
"Brown, Seth",664913,2023,30,378,14,26.7,7.9,".222",".405",".286","0.183",".298",".323",32.7,12.2,46.5,"101.550084098","95.093750082",31.3,50.3
"McCarthy, Jake",664983,2023,25,312,2,19.9,8.3,".243",".326",".318","0.083",".289",".294",32,2.3,23.7,"95.717509423","91.881453188",22.6,51.1
"Maton, Nick",665155,2023,26,293,8,24.9,13,".173",".305",".288","0.132",".268",".285",31.8,8.5,31.5,"97.063386705","92.575397771",31.2,45.1
"Peña, Jeremy",665161,2023,25,634,10,20.3,6.8,".263",".381",".324","0.118",".310",".309",32.4,4,35.8,"99.143524796","93.690137489",28.4,53.2
"Tatis Jr., Fernando",665487,2023,24,635,25,22.2,8.3,".257",".449",".322","0.192",".332",".363",31.5,11,49.3,"102.94128633","96.024566651",30.5,54.1
"Guerrero Jr., Vladimir",665489,2023,24,682,26,14.7,9.8,".264",".444",".345","0.180",".340",".380",32.4,11.1,49.2,"104.050992964","96.528144743",23,50.6
"Soto, Juan",665742,2023,24,708,35,18.2,18.6,".275",".519",".410","0.244",".395",".407",28.5,13.1,55.3,"104.484350409","97.215905977",20.5,35.8
"Taveras, Leody",665750,2023,24,554,14,21.1,6.3,".266",".421",".312","0.155",".316",".320",35.2,7.2,43.1,"100.592817638","94.514120854",24.2,49.4
"Cabrera, Oswaldo",665828,2023,24,330,5,21.8,7.6,".211",".299",".275","0.088",".256",".260",27.7,3.5,32.5,"97.733755636","92.964070727",23.5,50.5
"Chisholm Jr., Jazz",665862,2023,25,383,19,30.8,6.8,".250",".457",".304","0.207",".325",".307",25.3,12.2,41.8,"101.207728421","95.01360943",36.2,44.9
"Ruiz, Esteury",665923,2023,24,497,5,19.9,4,".254",".345",".309","0.091",".290",".275",32.7,2.5,20,"93.969654118","91.300618171",25.3,51.9
"Giménez, Andrés",665926,2023,24,616,15,18.2,5.2,".251",".399",".314","0.148",".309",".297",29.9,5.6,27,"96.663934128","92.344201908",25.4,54.6
"Fermin, Freddy",666023,2023,28,235,9,21.3,5.5,".281",".461",".321","0.180",".333",".331",35.1,9.9,42.7,"99.612583571","94.265238631",24.3,54.6
"Jones, Nolan",666134,2023,25,424,20,29.7,12.5,".297",".542",".389","0.245",".395",".362",34.7,15.8,41.3,"102.433112521","95.472742017",31.9,41.6
"Kirilloff, Alex",666135,2023,25,319,11,25.1,8.8,".270",".445",".348","0.175",".343",".337",40.2,7.4,37.7,"98.668669706","93.556002892",27.6,47.3
"Lowe, Josh",666139,2023,25,501,20,24.8,6.2,".292",".500",".335","0.208",".354",".335",36.2,11,39.7,"100.551784971","94.421078622",30.2,53.3
"Moniak, Mickey",666160,2023,25,324,14,35.2,2.8,".279",".494",".306","0.215",".338",".303",38.9,12.9,39.2,"100.288235","94.38207288",38.9,61.7
"Sabol, Blake",666165,2023,25,344,13,34,7,".235",".394",".301","0.159",".303",".281",31,11.2,38.6,"100.063637128","94.216608032",35.6,52.3
"Benson, Will",666181,2023,25,329,11,31.3,12.2,".275",".498",".365","0.223",".369",".321",40.5,10.3,42.2,"100.059735699","94.448386703",31.5,42.8
"Bichette, Bo",666182,2023,25,601,20,19.1,4.5,".306",".475",".339","0.169",".349",".357",38.3,9.7,44.9,"101.736681894","95.184330552",21.1,56.6
"Carlson, Dylan",666185,2023,24,255,5,19.2,10.2,".219",".333",".318","0.114",".293",".317",34.1,5.8,37.6,"98.393567326","93.357659942",22.6,46
"Naylor, Bo",666310,2023,23,230,11,23,13,".237",".470",".339","0.233",".347",".311",37,8.2,30.8,"97.298027397","92.697509448",21.8,44.5
"Julien, Edouard",666397,2023,24,408,16,31.4,15.7,".263",".459",".381","0.196",".366",".343",38.8,13.1,44.9,"100.916636636","94.651510141",29.1,37.6
"Morel, Christopher",666624,2023,24,429,26,31,8.4,".247",".508",".313","0.261",".347",".342",29.5,16,50,"103.542229453","96.326775098",37,49.8
"Castro, Rodolfo",666801,2023,24,256,6,28.9,9,".211",".322",".297","0.111",".277",".267",27.9,7.8,35.1,"99.104106883","93.615443987",32.9,47.6
"García, Adolis",666969,2023,30,632,39,27.7,10.3,".245",".508",".328","0.263",".354",".365",36,16.1,49.7,"102.949539534","96.163808523",31.6,48.6
"Gurriel Jr., Lourdes",666971,2023,29,592,24,17.4,5.6,".261",".463",".309","0.202",".329",".325",35.3,8.4,46,"99.859212133","94.368560668",18.7,49.1
"Julks, Corey",667452,2023,27,323,6,23.2,6.8,".245",".352",".297","0.107",".286",".294",36,4.9,36,"98.704102411","93.406924598",25.4,45.8
"Rooker, Brent",667670,2023,28,526,30,32.7,9.3,".246",".488",".329","0.242",".348",".342",37.3,15.6,49.5,"102.653891351","95.962225864",38.2,46.1
"Arozarena, Randy",668227,2023,28,654,23,23.9,12.2,".254",".425",".364","0.171",".347",".347",31.8,12.3,48.4,"102.055211709","95.651873174",29.1,43
"Pratto, Nick",668472,2023,24,345,7,40,8.4,".232",".353",".307","0.121",".292",".277",40.7,8.1,41.9,"99.593088023","93.891924767",35.3,43.1
"Rogers, Jake",668670,2023,28,365,21,32.3,7.7,".221",".444",".286","0.223",".312",".321",40.3,12.1,45.6,"100.372054766","94.614399346",31.7,45.8
"Bleday, JJ",668709,2023,25,303,10,23.8,13.9,".195",".355",".310","0.160",".297",".300",29.9,6.5,35.3,"98.165226087","93.234953169",28.2,43.6
"Steer, Spencer",668715,2023,25,665,23,20.9,10.2,".271",".464",".356","0.193",".355",".332",35.3,6.8,37.1,"99.167567432","93.741896795",24.1,43.8
"Baddoo, Akil",668731,2023,24,357,11,24.9,11.8,".218",".372",".310","0.154",".299",".301",26.5,6.3,36.8,"99.048422545","93.595535682",25.3,47
"Knizner, Andrew",668800,2023,28,241,10,25.7,5,".241",".424",".287","0.183",".306",".287",26.8,7.9,40.9,"100.838167407","94.587740186",27.3,54.8
"Reynolds, Bryan",668804,2023,28,640,24,21.6,8.3,".263",".460",".330","0.197",".338",".359",36.9,11.1,47.3,"101.022834344","94.957065034",28.2,47.4
"Vientos, Mark",668901,2023,23,233,9,30.5,4.3,".211",".367",".253","0.156",".267",".309",24.2,10.7,51,"103.444965733","96.432401342",36.7,53
"Lewis, Royce",668904,2023,24,239,15,23,8.4,".309",".548",".372","0.239",".393",".349",33.3,11.7,42,"101.84701358","95.239275185",27.3,47.4
"Turang, Brice",668930,2023,23,448,6,21,8.5,".218",".300",".285","0.082",".262",".275",34.3,2.9,27,"96.246595556","92.125077484",21.7,47.9
"Rutschman, Adley",668939,2023,25,687,20,14.7,13.4,".277",".435",".374","0.158",".352",".374",37,7.5,38.6,"99.614450772","93.937278476",15.6,41
"Rojas, Josh",668942,2023,29,350,4,23.1,7.7,".245",".338",".303","0.093",".284",".278",35.6,3.8,28.9,"96.683976983","92.417791379",24.2,44.3
"Melendez, MJ",669004,2023,24,602,16,28.2,10.3,".235",".398",".316","0.163",".310",".326",34.6,11.4,49.6,"101.434950217","95.609327411",34.4,47.9
"Marsh, Brandon",669016,2023,25,472,12,30.5,12.5,".277",".458",".372","0.181",".358",".322",37.7,9.1,48.7,"100.732382538","94.960692423",27.4,42.4
"Langeliers, Shea",669127,2023,25,490,22,29.2,6.9,".205",".413",".268","0.208",".290",".299",30.8,13.3,44.5,"101.929508117","95.365956026",32.1,50.3
"Murphy, Sean",669221,2023,28,438,21,22.4,11.2,".251",".478",".365","0.227",".366",".393",38.1,16.1,45.8,"103.261524161","96.100888462",25.9,45.9
"Senzel, Nick",669222,2023,28,330,13,22.4,7.9,".236",".399",".297","0.163",".302",".297",29.3,4.8,34.1,"98.198786726","93.126818628",21.6,49.4
"Edman, Tommy",669242,2023,28,528,13,15.9,6.6,".248",".399",".307","0.151",".306",".312",27.9,5,38.8,"99.456717727","93.865892803",16.1,45.7
"Smith, Will",669257,2023,28,554,19,16.1,11.4,".261",".438",".359","0.177",".345",".350",37.5,6.7,41.6,"99.645654456","94.001340492",19.5,45.7
"Suwinski, Jack",669261,2023,24,534,26,32.2,14,".224",".454",".339","0.230",".341",".346",34.2,15.8,43.4,"102.173377122","95.316292734",30.1,39
"Espinal, Santiago",669289,2023,28,254,2,14.2,7.1,".248",".335",".310","0.087",".285",".295",33,1,29.4,"96.258875464","92.131124845",17.6,44.3
"Gorman, Nolan",669357,2023,23,464,27,31.9,11.4,".236",".478",".328","0.242",".345",".352",38.8,16.6,48.5,"102.010586077","95.537335212",35.6,49
"Burger, Jake",669394,2023,27,540,34,27.6,5.9,".250",".518",".309","0.268",".349",".359",33.4,16.7,49.6,"105.009725862","96.989580029",34.1,54
"Allen, Nick",669397,2023,24,329,4,15.8,5.2,".221",".287",".263","0.066",".245",".252",29,1.2,26.6,"95.649982295","91.839086803",19.1,49.2
"Schmitt, Casey",669477,2023,24,277,5,23.5,4.7,".206",".324",".255","0.118",".254",".282",32,6.7,34,"99.016028632","93.561277316",27.1,55
"Smith, Josh",669701,2023,25,232,6,23.7,10.8,".185",".328",".304","0.143",".287",".323",30.8,10.6,36.4,"99.426100571","93.805422714",21.3,42.3
"Triolo, Jared",669707,2023,25,209,3,30.1,11.5,".298",".398",".388","0.100",".350",".326",39.5,5.9,33.6,"98.027101167","93.167449076",32.4,43.7
"Hays, Austin",669720,2023,27,566,16,24.9,6.7,".275",".444",".325","0.169",".330",".309",31,8.9,40.1,"100.462787656","94.411352037",28.4,46.6
"Call, Alex",669743,2023,28,439,8,17.8,12.1,".200",".307",".307","0.107",".280",".294",30.5,5.3,30.1,"97.369230205","92.725954777",18.6,40.3
"Lopez, Nicky",670032,2023,28,262,1,15.3,9.9,".231",".307",".326","0.076",".288",".294",32.1,1.1,23.7,"95.31187172","91.719033135",22,47.9
"Raley, Luke",670042,2023,28,406,19,31.5,6.9,".249",".490",".333","0.241",".353",".328",29.3,12.9,45.7,"102.675194071","95.677039912",38.9,51.8
"Short, Zack",670097,2023,28,253,7,26.1,11.1,".204",".339",".292","0.135",".281",".298",33.3,8.9,33.5,"98.045696579","93.141459737",24.9,41.9
"Wallner, Matt",670242,2023,25,254,14,31.5,11,".249",".507",".370","0.258",".377",".375",32.3,18.8,48.1,"104.489305224","96.79268782",36.3,47.1
"Alvarez, Yordan",670541,2023,26,496,31,18.5,13.9,".293",".583",".407","0.290",".415",".436",35.7,18.1,52.2,"104.629318875","96.977658344",22.4,43.7
"Paredes, Isaac",670623,2023,24,571,31,18.2,10.2,".250",".488",".352","0.238",".362",".316",32.4,5.9,28.5,"96.372683866","92.205361059",18.2,45.6
"Walls, Taylor",670764,2023,26,349,8,26.4,12.6,".201",".333",".305","0.132",".287",".277",32.1,3.3,28.8,"95.825872762","91.918126429",27.2,43
"Friedl, TJ",670770,2023,27,556,18,16.2,8.5,".279",".467",".352","0.188",".353",".287",32,3.2,27.6,"96.368739947","92.196228515",18.4,42.2
"Casas, Triston",671213,2023,23,502,24,25.1,13.9,".263",".490",".367","0.227",".367",".369",36.1,13.1,46.6,"102.616692288","95.686960262",28.1,43.6
"Waters, Drew",671221,2023,24,337,8,31.8,8,".228",".377",".300","0.149",".296",".314",38.4,10.1,35.9,"98.74293303","93.391262626",32.5,51.3
"García Jr., Luis",671277,2023,23,482,9,12.4,5.6,".266",".385",".304","0.119",".297",".309",31.9,5.8,36.5,"99.158102245","93.638514796",17.9,50.6
"Harris II, Michael",671739,2023,22,539,18,18.7,4.6,".293",".477",".331","0.184",".345",".356",34.6,10,48.5,"103.586789505","96.131496609",24.4,52.9
"Bailey, Patrick",672275,2023,24,353,7,28.3,5.9,".233",".359",".285","0.126",".282",".312",36.2,10,38.4,"99.385269825","93.890632907",26.2,46.5
"Kelenic, Jarred",672284,2023,23,416,11,31.7,9.9,".253",".419",".327","0.166",".321",".334",38.8,9.5,45.5,"101.460697521","95.139393983",33.8,46.8
"Arias, Gabriel",672356,2023,23,345,10,32.8,8.1,".210",".352",".275","0.142",".276",".305",31,9.9,46.3,"101.9318672","95.322139548",37.7,55.5
"Kirk, Alejandro",672386,2023,24,422,8,10.7,10,".250",".358",".334","0.108",".308",".321",31.9,5.2,38.3,"98.523712317","93.313905535",12.8,41.6
"Diaz, Jordan",672478,2023,22,293,10,23.5,5.8,".221",".364",".273","0.143",".278",".284",29.9,6.4,43.6,"101.524778137","95.000604729",29.9,56
"Moreno, Gabriel",672515,2023,23,380,7,19.7,7.6,".284",".408",".339","0.124",".325",".316",32.6,4.8,41.8,"99.719820735","94.156039559",19.7,42.4
"Garcia, Maikel",672580,2023,23,515,4,22.3,7.4,".272",".358",".323","0.086",".299",".320",36.9,3.9,50.6,"101.538604663","95.500565408",19.5,43.1
"Perdomo, Geraldo",672695,2023,23,495,6,17.4,12.9,".246",".359",".353","0.113",".319",".277",35.4,0.9,19.5,"94.552794268","91.28665535",15.1,39.1
"Marcano, Tucupita",672779,2023,23,220,3,15.9,4.5,".233",".356",".276","0.123",".275",".292",32,5.2,34.9,"97.898414815","93.051435926",15.6,51.8
"Diaz, Yainer",673237,2023,24,377,23,19.6,2.9,".282",".538",".308","0.256",".354",".358",36.9,12.2,43.9,"101.571037778","95.208391603",27.6,58.6
"Robert Jr., Luis",673357,2023,25,595,38,28.9,5,".264",".542",".315","0.278",".358",".347",38,15.5,42.3,"101.844478191","95.05043424",33.5,58.3
"Kim, Ha-Seong",673490,2023,27,626,17,19.8,12,".260",".398",".351","0.138",".330",".312",36.1,4.3,26.7,"96.561670433","92.283861587",17.8,38.9
"Suzuki, Seiya",673548,2023,28,583,20,22.3,10.1,".285",".485",".357","0.200",".358",".357",36.5,10.5,48,"102.157061122","95.610201816",21.3,40.9
"Jung, Josh",673962,2023,25,515,23,29.3,5.8,".266",".467",".315","0.201",".334",".334",41.9,11.9,47.4,"101.620526098","95.373200793",29.7,51.8
"Westburg, Jordan",676059,2023,24,228,3,24.6,7,".260",".404",".311","0.144",".309",".317",38.1,6.5,44.5,"100.977982987","94.800749545",26,48.7
"Noda, Ryan",676116,2023,27,495,16,34.3,15.6,".229",".406",".364","0.177",".342",".334",38.2,13,45,"102.125166441","95.450814851",36.9,42.9
"Burleson, Alec",676475,2023,24,347,8,13,6.6,".244",".390",".300","0.146",".300",".337",36.6,5.9,41,"99.931806194","94.381917566",17.7,52
"Caballero, José",676609,2023,26,280,4,23.6,10,".221",".320",".343","0.099",".305",".296",33.1,3.6,23.7,"94.973345476","91.572536826",23.2,43.2
"Meyers, Jake",676694,2023,27,341,10,25.8,7.6,".227",".382",".296","0.155",".297",".283",34.7,6.3,27.9,"96.65184","92.333391091",27,48.3
"Trejo, Alan",676701,2023,27,227,4,22.5,7,".232",".343",".288","0.111",".277",".278",36.5,4.4,22.6,"94.830734557","91.440444522",21.9,50.6
"McCormick, Chas",676801,2023,28,457,22,25.6,8.8,".273",".489",".353","0.216",".362",".340",38.4,11.1,38.8,"98.933604225","93.594692676",29.4,49.2
"Franco, Wander",677551,2023,22,491,17,14.1,8.6,".281",".475",".344","0.194",".349",".365",35,7.7,43,"99.940366243","94.232389735",14.8,45.2
"Rodríguez, Julio",677594,2023,22,714,32,24.5,6.6,".275",".485",".333","0.210",".347",".338",31.8,11.9,52,"104.082287708","96.812366417",28.3,53.9
"Duran, Ezequiel",677649,2023,24,439,14,27.3,5.2,".276",".443",".324","0.167",".330",".320",36.3,8.7,43.9,"101.553371259","95.026970874",28.5,54
"Thomas, Alek",677950,2023,23,402,9,21.4,4.7,".230",".374",".273","0.144",".278",".291",28.3,5.1,41.6,"99.767087793","94.064693103",25.2,49.1
"Witt Jr., Bobby",677951,2023,23,694,30,17.4,5.8,".276",".495",".319","0.219",".343",".368",34.4,11.6,45.6,"102.080606768","95.411820457",22.8,50.5
"Bae, Jihwan",678225,2023,23,371,2,24.8,8.1,".231",".311",".296","0.080",".272",".266",24.3,2,36.8,"98.940343707","93.542422069",25.4,47.6
"Vargas, Miguel",678246,2023,23,304,7,20.1,12.5,".195",".367",".305","0.172",".295",".305",32,6,31.5,"97.543796","92.819102111",22.3,44.4
"Tovar, Ezequiel",678662,2023,21,615,15,27,4.1,".253",".408",".287","0.155",".298",".290",36.4,8.1,36.2,"99.019446394","93.628807036",31.3,59.7
"Peguero, Liover",678894,2023,22,213,7,31.5,5.2,".237",".374",".280","0.137",".284",".267",27.6,5.2,39.6,"100.157487846","94.198605039",29.4,51.7
"Torkelson, Spencer",679529,2023,23,684,31,25,9.8,".233",".446",".313","0.213",".326",".349",33.2,14.2,50.9,"102.691928356","96.002045502",24.7,46.2
"McLain, Matt",680574,2023,23,403,16,28.5,7.7,".290",".507",".357","0.217",".370",".332",39.6,10.8,42.4,"100.203855242","94.354982348",28,41.9
"Kwan, Steven",680757,2023,25,718,5,10.4,9.7,".268",".370",".340","0.102",".313",".319",37.7,1.1,18.8,"94.063409324","91.031738203",11.2,41.2
"Duran, Jarren",680776,2023,26,362,8,24.9,6.6,".295",".482",".346","0.187",".354",".321",32,5.3,46.3,"102.136277603","95.439128926",24.6,51.5
"Jeffers, Ryan",680777,2023,26,335,14,27.8,9.9,".276",".490",".369","0.214",".369",".336",34.2,11.6,42.7,"101.812058454","95.327122694",29.2,45.4
"Davis, Henry",680779,2023,23,255,7,27.1,9.8,".213",".351",".302","0.138",".287",".290",35,7,41.4,"100.600949494","94.584235478",27,44.5
"Gelof, Zack",680869,2023,23,300,14,27.3,8.7,".267",".504",".337","0.237",".357",".330",38.6,11.1,41.3,"99.898924043","94.270075904",33.7,50.4
"Miller, Owen",680911,2023,26,314,5,19.4,5.4,".261",".371",".303","0.110",".292",".289",34.2,3.4,30.8,"97.106564615","92.584463305",18.4,48.3
"Donovan, Brendan",680977,2023,26,371,11,14.3,8.9,".284",".422",".365","0.138",".345",".356",37.3,5.8,40.6,"99.360461838","93.987172915",14.8,42.8
"Stott, Bryson",681082,2023,25,640,15,15.6,6.1,".280",".419",".329","0.139",".323",".311",36.4,4.7,35.2,"97.379136163","92.802445092",15.3,45
"Carpenter, Kerry",681481,2023,25,459,20,25.1,7,".278",".471",".340","0.193",".347",".338",37.2,10.3,44,"99.813840795","94.326096744",27,52.4
"Outman, James",681546,2023,26,567,23,31.9,12,".248",".437",".353","0.189",".344",".324",38.2,11.1,39.9,"99.962159145","94.027798454",36.6,46
"Alvarez, Francisco",682626,2023,21,423,25,26,8,".209",".437",".284","0.228",".310",".306",28.6,12.8,45.1,"101.730853431","95.157784982",31.8,44.9
"Matos, Luis",682641,2023,21,253,2,13,7.9,".250",".342",".319","0.092",".295",".307",38.6,2,31,"97.615473402","92.870265619",17.2,46.5
"De La Cruz, Elly",682829,2023,21,427,13,33.7,8.2,".235",".410",".300","0.175",".305",".305",30.5,8.6,45.9,"102.817937107","95.774707273",29.7,45.5
"Rodríguez, Endy",682848,2023,23,204,3,24,8.3,".220",".328",".284","0.108",".271",".296",35.5,5.1,36.2,"97.95644029","93.14479073",21.4,46.3
"Abrams, CJ",682928,2023,22,614,18,19.2,5.2,".245",".412",".300","0.167",".306",".304",32.6,6.9,35.9,"98.814933243","93.426357297",22.5,53.5
"Greene, Riley",682985,2023,22,416,11,27.4,8.4,".288",".447",".349","0.159",".344",".366",36.8,11.4,47.3,"103.007318636","95.926317652",28.2,46.8
"Carroll, Corbin",682998,2023,22,645,25,19.4,8.8,".285",".506",".362","0.221",".370",".345",32.7,7.6,40.9,"100.972563211","94.780604736",21.6,45.8
"Henderson, Gunnar",683002,2023,22,622,28,25.6,9,".255",".489",".325","0.234",".346",".346",32.9,11.4,52,"102.730226238","96.062562903",26.4,46.8
"Volpe, Anthony",683011,2023,22,601,21,27.8,8.7,".209",".383",".283","0.174",".290",".308",35.5,9,43,"99.54617672","93.954577957",28.2,47.9
"Baty, Brett",683146,2023,23,389,9,28,7.5,".212",".323",".275","0.111",".266",".300",33.3,7.7,44.3,"101.615153008","95.076203184",31.6,46.1
"Vaughn, Andrew",683734,2023,25,615,21,21,5.9,".258",".429",".314","0.171",".321",".319",30.3,8.4,46.5,"101.661403","95.348849294",24.1,47.5
"Frelick, Sal",686217,2023,23,223,3,16.6,12.6,".246",".351",".341","0.105",".309",".298",29.3,2.5,23.6,"94.342516154","91.339554231",14.6,43.1
"Pasquantino, Vinnie",686469,2023,25,260,9,11.9,9.6,".247",".437",".324","0.190",".327",".349",37.8,7.5,40.3,"99.9938884","94.167852814",17.4,46.5
"Doyle, Brenton",686668,2023,25,431,10,35,5.1,".203",".343",".250","0.140",".257",".258",29.9,8.7,35,"99.107707983","93.693021345",35.8,52.6
"Massey, Michael",686681,2023,25,461,15,21.5,5.2,".229",".381",".274","0.152",".283",".318",38,7.8,39.5,"99.467958364","93.868433587",22.4,52.1
"Brennan, Will",686823,2023,25,455,5,12.5,3.5,".266",".356",".299","0.090",".285",".306",35.8,2.4,29.2,"96.456825397","92.245172918",18.2,56.6
"Wiemer, Joey",686894,2023,24,410,13,28.3,8.8,".204",".362",".283","0.158",".284",".290",28.9,9.1,39.1,"99.675385433","94.031570395",33.6,47.1
"Neto, Zach",687263,2023,22,329,9,23.4,6.1,".225",".377",".308","0.152",".302",".315",33.8,8.8,40.3,"99.587439533","93.888217243",28.7,47.9
"Encarnacion-Strand, Christian",687952,2023,23,241,13,28.6,5.8,".270",".477",".328","0.207",".346",".344",38.6,10.5,48.4,"101.855748701","95.359737582",29.4,52.7
"Walker, Jordan",691023,2023,21,465,16,22.4,8,".276",".445",".342","0.169",".341",".332",33.6,7.5,42.5,"101.884002327","95.105508896",30,51.6
"Colás, Oscar",693049,2023,24,263,5,27,4.6,".216",".314",".257","0.098",".249",".266",28.1,7.9,40.4,"101.394884419","94.790742442",31.8,53.9
"Yoshida, Masataka",807799,2023,29,580,15,14,5.9,".289",".445",".338","0.156",".339",".325",29.5,6.6,40.6,"100.123813246","94.28056556",18.3,43.3
"Peralta, David",444482,2024,36,260,8,20.8,8.5,".267",".415",".335","0.148",".329",".318",36.8,5.5,42.3,"99.478011319","93.91992022",28.1,50.9
"Blackmon, Charlie",453568,2024,37,499,12,17.2,8.6,".256",".412",".329","0.156",".323",".309",34.1,5.3,27.2,"96.083583591","92.106050111",19.2,48
"Solano, Donovan",456781,2024,36,309,8,21,7.1,".286",".417",".343","0.131",".333",".313",37,3.7,37.4,"98.057695046","93.167454908",23.5,47.2
"McCutchen, Andrew",457705,2024,37,515,20,25.8,11.3,".232",".411",".328","0.179",".325",".324",31.9,12,36.9,"99.424962893","93.831123091",28.9,42
"Turner, Justin",457759,2024,39,539,11,17.6,10.9,".259",".383",".354","0.124",".327",".333",40.1,4.6,32.5,"96.702342312","92.434680753",17,45.4
"Santana, Carlos",467793,2024,38,594,23,16.7,10.9,".238",".420",".328","0.182",".326",".333",30.9,7.3,39.9,"99.506124387","94.004167778",23.3,43.3
"Rojas, Miguel",500743,2024,35,337,6,10.1,6.8,".283",".410",".337","0.127",".327",".312",33.2,2.5,27.8,"96.317826471","92.174445609",13.9,46.5
"Pham, Tommy",502054,2024,36,478,9,22.2,7.3,".248",".368",".305","0.120",".297",".321",32.2,7.2,42.7,"101.105935449","94.883209671",22.5,40.5
"Martinez, J.D.",502110,2024,36,495,16,28.5,9.9,".235",".406",".320","0.171",".318",".353",39.3,15,46.1,"101.443240544","95.173257041",31.5,48.5
"Goldschmidt, Paul",502671,2024,36,654,22,26.5,7.2,".245",".414",".302","0.169",".310",".332",34.3,10.8,49.6,"101.892583709","95.666428146",27.4,47.7
"Altuve, Jose",514888,2024,34,682,20,17.4,6.9,".295",".439",".350","0.144",".344",".319",35.4,6.5,31.2,"97.323672581","92.693762581",22.1,51.5
"Marte, Starling",516782,2024,35,370,7,21.9,7.3,".269",".388",".327","0.119",".313",".338",37.1,6.9,42.9,"101.20205624","94.944189",28.4,50.2
"d'Arnaud, Travis",518595,2024,35,341,15,26.1,7,".238",".436",".302","0.198",".319",".323",32.9,10.4,41,"100.537202273","94.672343091",32.8,50.7
"Freeman, Freddie",518692,2024,34,638,22,15.7,12.2,".282",".476",".378","0.194",".365",".368",43.1,9.1,41.8,"100.349133067","94.527301044",20.2,49.4
"Grandal, Yasmani",518735,2024,35,243,9,18.9,9.9,".228",".400",".304","0.172",".308",".327",31.8,9.8,42.8,"100.246108353","94.442007765",20.1,40.9
"Heyward, Jason",518792,2024,34,258,10,20.5,8.5,".211",".412",".288","0.201",".300",".293",29.8,5.7,41.6,"99.992543146","94.178780339",24,49.6
"LeMahieu, DJ",518934,2024,35,228,2,15.4,8.3,".204",".259",".269","0.055",".239",".305",31.8,5.8,37.6,"98.271498488","93.240584302",17.5,44.6
"Rizzo, Anthony",519203,2024,34,375,8,17.3,7.2,".228",".335",".301","0.107",".285",".302",31,4,33.2,"97.798203577","92.909990255",19.3,49.1
"Stanton, Giancarlo",519317,2024,34,459,27,31.2,8.3,".233",".475",".298","0.242",".330",".354",34.8,20.9,55.3,"108.185328759","99.180033333",34.4,46.8
"Perez, Salvador",521692,2024,34,652,27,19.8,6.7,".271",".456",".330","0.185",".335",".361",39.4,12.3,44.8,"101.856275647","95.341857371",27.8,57.8
"Flores, Wilmer",527038,2024,32,242,4,13.6,8.3,".206",".318",".277","0.112",".262",".292",36.6,6,27.6,"95.484386989","91.787573297",13.9,43.9
"Ozuna, Marcell",542303,2024,33,688,39,24.7,10.8,".302",".546",".378","0.244",".395",".404",40.5,15.5,53.4,"103.338991136","96.489686128",31.4,46.8
"Grossman, Robbie",543257,2024,34,245,3,23.7,13.9,".212",".293",".322","0.081",".283",".301",30.3,3.3,27.6,"96.108367632","92.054845855",22.7,36.3
"Higashioka, Kyle",543309,2024,34,263,17,28.1,5.7,".220",".476",".263","0.256",".314",".299",40.2,10.9,37.4,"99.356005116","93.902030409",25.6,46.4
"McCann, James",543510,2024,34,233,8,24,5.6,".234",".388",".279","0.154",".288",".315",38.9,8.8,37.7,"99.207987625","93.644913774",27.6,52.1
"Rendon, Anthony",543685,2024,34,238,0,14.7,9.7,".218",".267",".307","0.049",".264",".299",31.4,2.3,37.1,"97.612997471","92.991806897",12.5,40.1
"Semien, Marcus",543760,2024,33,718,23,14.6,8.9,".237",".391",".308","0.154",".306",".320",33,6.6,35.2,"97.806210919","93.005121934",20.2,50
"Springer, George",543807,2024,34,614,19,18.7,9.8,".220",".371",".303","0.151",".298",".325",29.2,9.3,37.4,"99.896868","94.046929394",25.3,49.1
"Vázquez, Christian",543877,2024,33,315,7,20.6,3.5,".221",".327",".248","0.106",".250",".272",36.1,3.8,36.6,"98.036944138","93.213200991",20.8,51.7
"Vargas, Ildemaro",545121,2024,32,303,1,10.2,6.3,".246",".316",".295","0.070",".271",".286",29.5,1.2,31.9,"97.073438667","92.579283167",12.6,46.4
"Grichuk, Randal",545341,2024,32,279,12,16.5,7.2,".291",".528",".348","0.237",".373",".367",34.3,11,47.6,"102.436633714","95.601048095",20.4,47.3
"Harper, Bryce",547180,2024,31,631,30,21.9,12,".285",".525",".373","0.240",".380",".361",36.1,10.6,48.2,"102.531835097","95.63882949",26.7,52.9
"Díaz, Elias",553869,2024,33,351,6,19.7,5.7,".265",".382",".313","0.117",".303",".281",31,4.7,34.5,"99.032119063","93.543152344",27.8,53.8
"Suárez, Eugenio",553993,2024,32,640,30,27.5,7.7,".256",".469",".319","0.213",".337",".335",40.4,11.4,42.4,"100.570552315","94.463438988",29.1,47.2
"Urshela, Gio",570482,2024,32,461,9,15.6,5,".250",".361",".286","0.111",".281",".307",38.6,5,28.4,"96.696776409","92.394270526",20.3,54.6
"Arenado, Nolan",571448,2024,33,635,16,14.5,6.9,".272",".394",".325","0.122",".314",".298",35.9,3.3,31.6,"96.924147927","92.483246402",17.2,46.8
"Farmer, Kyle",571657,2024,33,242,5,20.2,7.9,".214",".353",".293","0.139",".285",".296",36.3,5.4,29.8,"97.025598571","92.547452202",22,48.5
"Haniger, Mitch",571745,2024,33,423,12,29.8,9.5,".208",".334",".286","0.126",".277",".298",31,9.1,45.9,"101.021551732","95.105264331",32.3,44
"Hernández, Enrique",571771,2024,32,393,12,19.6,6.9,".229",".373",".281","0.144",".285",".289",36,4.8,41.5,"99.326670699","93.89398972",22.9,48.9
"Muncy, Max",571970,2024,33,293,15,26.3,15.4,".232",".494",".358","0.262",".362",".353",32.5,10.9,43.4,"100.775015181","94.752278735",31,40.6
"Singleton, Jon",572138,2024,32,405,13,27.4,11.6,".234",".386",".321","0.152",".312",".314",34.8,8.9,37.2,"99.784248293","93.99841",30.1,40.7
"Taylor, Michael A.",572191,2024,33,300,5,35,7.7,".193",".290",".253","0.097",".242",".269",31.4,11.7,40.1,"100.583164074","94.548357778",39.2,49.3
"Walker, Christian",572233,2024,33,552,26,24.1,10,".251",".468",".335","0.217",".343",".354",35,13.3,48,"103.127969548","96.011102521",25.6,48
"Yastrzemski, Mike",573262,2024,33,474,18,26.2,8,".231",".437",".302","0.206",".319",".304",33,10.5,41,"99.5562712","94.186783411",26.1,44.1
"Contreras, Willson",575929,2024,32,358,15,26.8,12.6,".262",".468",".380","0.206",".370",".367",32.7,11.2,46.8,"103.712134757","96.17214078",35,49.8
"Iglesias, Jose",578428,2024,34,291,4,13.4,4.1,".337",".448",".381","0.111",".362",".316",36.2,2.2,30.6,"96.964592759","92.513387672",15.2,52.5
"Canha, Mark",592192,2024,35,462,7,20.8,11,".242",".346",".344","0.104",".310",".293",31.5,3.3,37.4,"98.159166424","93.219326921",21.8,41.6
"Castellanos, Nick",592206,2024,32,659,23,21.1,6.2,".254",".431",".311","0.177",".321",".337",39,8.1,38.2,"99.266703034","93.738511581",30.1,58
"Drury, Brandon",592273,2024,31,360,4,22.5,7.5,".169",".228",".242","0.059",".217",".264",25.9,3.7,35.6,"99.062132195","93.550623821",24.4,46.7
"Judge, Aaron",592450,2024,32,704,58,24.3,18.9,".322",".701",".458","0.379",".476",".479",40.8,27.1,61,"107.20043567","99.103701521",30.7,42
"Machado, Manny",592518,2024,31,643,29,19.3,7,".275",".472",".325","0.197",".340",".340",33.8,11,48.8,"103.370494128","96.17209183",24.4,51.6
"Pederson, Joc",592626,2024,32,449,23,23.4,12.2,".275",".515",".393","0.240",".391",".378",34.2,13,46.2,"102.648599462","95.864061892",25,44
"Realmuto, J.T.",592663,2024,33,413,14,24.7,6.5,".266",".429",".322","0.163",".326",".340",36.9,10.4,46.6,"101.248653813","94.909982842",26.2,50.5
"Renfroe, Hunter",592669,2024,32,424,15,19.8,8.5,".229",".392",".297","0.163",".302",".294",27.8,6.6,39.4,"100.265103311","94.256549636",23.4,44.4
"Rosario, Eddie",592696,2024,32,319,10,24.1,5,".175",".316",".215","0.141",".230",".264",27.9,5.3,42.5,"99.203116161","94.098201031",27.5,52.9
"Yelich, Christian",592885,2024,32,315,11,18.4,12.7,".315",".504",".406","0.189",".391",".373",32.2,7.9,46.7,"103.017733429","96.008981238",23.1,45.7
"Merrifield, Whit",593160,2024,35,335,4,15.5,10.4,".222",".314",".311","0.092",".283",".300",34.3,2.5,21.6,"94.385287083","91.220749372",18.7,45.4
"Bogaerts, Xander",593428,2024,31,463,11,17.1,6,".264",".381",".307","0.117",".300",".308",32.1,5.1,33.2,"98.125304802","93.133969802",18.3,44.2
"Polanco, Jorge",593871,2024,30,469,16,29.2,9.8,".213",".355",".296","0.142",".287",".310",35.8,8.9,37.2,"99.204331655","93.735130216",28.1,44.8
"Duvall, Adam",594807,2024,35,330,11,30,6.4,".182",".323",".245","0.141",".252",".284",27.8,10.7,36.6,"99.791319515","93.950920683",27.7,49
"Kiermaier, Kevin",595281,2024,34,281,5,30.6,4.3,".197",".313",".237","0.116",".241",".237",27.6,3.9,30,"97.683193765","92.874723706",37.5,54.9
"Profar, Jurickson",595777,2024,31,668,24,15.1,11.4,".280",".459",".380","0.179",".365",".366",31.3,7.2,44.4,"100.952441293","94.862553707",17,45.6
"Báez, Javier",595879,2024,31,289,6,23.9,4.2,".184",".294",".221","0.110",".224",".269",27.7,7.8,40,"100.532651165","94.368542976",30.2,52.4
"Cave, Jake",595909,2024,31,346,7,28.3,5.2,".251",".396",".290","0.145",".295",".281",35.8,5.3,37.1,"98.314485398","93.366757022",28.2,52.6
"Lindor, Francisco",596019,2024,30,689,33,18.4,8.1,".273",".500",".344","0.227",".363",".381",35.4,13.6,47.4,"101.098117236","95.07615815",23.7,48.7
"Slater, Austin",596103,2024,31,212,2,28.3,12.3,".209",".266",".321","0.057",".273",".307",37.2,3.3,37.2,"98.373260169","93.491320256",29.8,43
"Sánchez, Gary",596142,2024,31,280,11,27.1,9.6,".220",".392",".307","0.172",".307",".315",31.4,10.5,44.2,"101.892350698","95.129594012",30.4,40.7
"Kepler, Max",596146,2024,31,399,8,20.1,5.5,".253",".380",".302","0.127",".298",".302",35.4,6.2,36.8,"99.569991319","93.867541875",24.4,52.3
"Candelario, Jeimer",600869,2024,30,463,20,24.6,5.8,".225",".429",".279","0.204",".304",".285",33.9,8.3,34.5,"97.855535823","92.968221397",29.1,51.7
"Urías, Ramón",602104,2024,30,301,11,18.3,7.6,".254",".423",".322","0.169",".325",".331",32.6,8.7,38.5,"98.830197431","93.627220321",26.8,49.6
"Ahmed, Nick",605113,2024,34,228,2,22.4,4.8,".229",".295",".267","0.066",".248",".266",29.7,3,23,"95.399118608","91.729839045",26,54.8
"Bell, Josh",605137,2024,31,603,19,19.9,8.5,".249",".405",".319","0.156",".317",".312",31.4,7.7,40.1,"100.078711292","94.16958744",26.8,48.8
"Betts, Mookie",605141,2024,31,516,19,11,11.8,".289",".491",".372","0.202",".371",".363",39.3,6,39.5,"98.50877402","93.575257103",14.9,40.4
"Caratini, Victor",605170,2024,30,274,8,19.3,8.4,".269",".408",".336","0.139",".324",".325",35.9,5.6,43.1,"100.532909694","94.888518923",23.3,47.2
"Arcia, Orlando",606115,2024,29,602,17,21.3,6.8,".218",".354",".271","0.136",".273",".262",29.9,5.3,37.8,"98.41985743","93.283896472",26.6,49.1
"Hernández, Teoscar",606192,2024,31,652,33,28.8,8.1,".272",".501",".339","0.229",".360",".347",33.8,15,46.8,"102.727395423","95.689116559",34,51.2
"Marte, Ketel",606466,2024,30,583,36,18.2,11.1,".292",".560",".372","0.268",".391",".394",33.7,12.3,53.8,"103.991137178","96.920444406",21.3,48.2
"Nimmo, Brandon",607043,2024,31,663,23,23.8,11.6,".224",".399",".327","0.175",".321",".338",33.7,9.2,47.4,"101.264982933","95.221659687",23.4,44.8
"Turner, Trea",607208,2024,31,539,21,18.2,5,".295",".469",".338","0.174",".349",".323",30.9,6.9,40.7,"99.706063382","94.073107543",26.1,53.7
"Pillar, Kevin",607680,2024,35,314,8,22,5.1,".229",".377",".291","0.148",".293",".279",36.5,3.7,29.7,"96.438782936","92.245806101",24.5,52.4
"Stallings, Jacob",607732,2024,34,281,9,23.1,9.6,".263",".453",".357","0.190",".353",".321",38.9,7.3,34.4,"97.816675843","92.986677006",29.8,45.4
"Ramírez, José",608070,2024,31,682,39,12,7.9,".279",".537",".335","0.258",".364",".333",34,8.6,39.7,"99.642954081","93.982319614",15.2,49.4
"Bregman, Alex",608324,2024,30,634,26,13.6,6.9,".260",".453",".315","0.193",".331",".325",34.9,6.5,40.5,"98.986527952","93.684160984",12.8,44.9
"Gallo, Joey",608336,2024,30,260,10,39.2,12.3,".161",".336",".277","0.175",".276",".286",32.8,13.1,43.4,"100.325545574","94.605556281",39.6,45.3
"Kelly, Carson",608348,2024,29,313,9,17.6,8,".238",".374",".313","0.136",".304",".319",27.3,6.6,39.4,"98.979228142","93.591084867",22.8,45.5
"Seager, Corey",608369,2024,30,533,30,18,9.9,".278",".512",".353","0.234",".365",".391",38.6,15.3,50.7,"103.274395474","96.157523456",23.4,53
"Winker, Jesse",608385,2024,30,508,14,20.9,12.4,".253",".405",".360","0.152",".338",".330",30.1,7.6,37.4,"98.91091179","93.570274815",19.6,43.2
"Jankowski, Travis",608671,2024,33,207,1,21.3,5.8,".200",".242",".266","0.042",".234",".245",25.3,0.7,24.7,"95.346098056","91.700885874",20.7,44.8
"Refsnyder, Rob",608701,2024,33,307,11,25.4,9.1,".283",".471",".359","0.188",".358",".327",32.8,9.8,43.1,"101.623071856","95.034267165",28.1,46.2
"Meneses, Joey",608841,2024,32,313,3,20.1,6.7,".231",".302",".291","0.071",".264",".283",30.8,4.5,39.3,"99.265454911","93.867431839",22.9,50.8
"Andujar, Miguel",609280,2024,29,319,4,13.2,4.1,".285",".377",".320","0.092",".306",".287",26.1,2.7,33.7,"97.864980763","92.955361494",16,50.4
"Swanson, Dansby",621020,2024,30,593,16,24.3,9.1,".242",".390",".312","0.148",".307",".323",32.6,9.2,42.7,"100.210263655","94.404024529",28.7,48.7
"Newman, Kevin",621028,2024,30,311,3,15.4,4.8,".278",".375",".311","0.097",".298",".275",25,1.6,23.4,"95.24854438","91.64158444",17.3,49.2
"Taylor, Chris",621035,2024,33,246,4,30.9,11.4,".202",".300",".298","0.098",".272",".297",42.9,7.1,28.6,"97.10671942","92.58514587",31.3,47.7
"Correa, Carlos",621043,2024,29,367,14,16.6,10.9,".310",".517",".388","0.207",".385",".358",34.4,9.2,44.7,"102.536128244","95.462669198",20.4,44.6
"Taylor, Tyrone",621438,2024,30,345,7,23.2,5.5,".248",".401",".299","0.153",".304",".305",34.9,7.1,35.3,"99.355167983","93.783487975",22.2,49.4
"Buxton, Byron",621439,2024,30,388,18,25.5,5.2,".279",".524",".335","0.245",".366",".355",39.5,13.2,48.1,"102.451274806","95.815194845",32.1,54
"Ward, Taylor",621493,2024,30,663,25,24.6,9.5,".246",".426",".323","0.180",".325",".346",42.1,13,42.6,"100.036939907","94.470984442",25.5,43.2
"Olson, Matt",621566,2024,30,685,29,24.8,10.4,".247",".457",".333","0.210",".339",".341",35.4,12.5,47.4,"102.726279537","95.899543218",26.3,49.7
"Margot, Manuel",622534,2024,29,343,4,15.7,6.1,".238",".337",".289","0.099",".276",".310",30.9,4.9,33.6,"98.859258923","93.482249961",20.6,49.5
"Mateo, Jorge",622761,2024,29,208,5,23.1,4.8,".229",".401",".267","0.172",".286",".278",30.2,4.1,34.9,"99.943727778","94.060455208",23.1,51.7
"Ramírez, Harold",623912,2024,29,246,2,20.3,2,".261",".324",".280","0.063",".265",".256",27.5,3.2,33.9,"98.279194301","93.19999086",31.4,56.2
"Santander, Anthony",623993,2024,29,665,44,19.4,8.7,".235",".506",".308","0.271",".345",".327",35,11.7,41.6,"100.325476894","94.357156511",20,49.7
"Alonso, Pete",624413,2024,29,695,34,24.7,10.1,".240",".459",".329","0.219",".340",".346",30.5,13.2,46.4,"102.785114727","95.699086105",24.7,42.9
"Biggio, Cavan",624415,2024,29,224,5,32.1,10.7,".197",".303",".314","0.106",".285",".260",37.3,2.5,16.9,"92.815215439","90.564125877",23.8,38.2
"Conforto, Michael",624424,2024,31,488,20,24.2,8.6,".237",".450",".309","0.213",".327",".353",33.7,11.9,46,"101.95530559","95.249550592",25.2,44.8
"Frazier, Adam",624428,2024,32,294,4,20.1,7.5,".202",".294",".282","0.092",".261",".290",37.9,2.9,22.8,"95.005808416","91.560763134",18.8,47
"Trevino, Jose",624431,2024,31,234,8,17.5,8.5,".215",".354",".288","0.139",".284",".269",26.9,5.3,35.1,"97.968179176","93.099578353",18.7,40.5
"Gordon, Nick",624503,2024,28,275,8,24.4,4,".227",".369",".258","0.142",".271",".267",34.7,6.2,29.6,"96.567867732","92.321775928",32,59.8
"Soler, Jorge",624585,2024,32,574,21,24.6,11.8,".241",".442",".338","0.201",".340",".352",33.4,12.6,44.1,"101.898357865","95.262490702",28.9,44.5
"Sosa, Edmundo",624641,2024,28,274,7,24.1,4.7,".257",".422",".313","0.165",".318",".307",28.5,8.6,41.4,"100.484249348","94.380628306",31.4,56.8
"Ibáñez, Andy",628451,2024,31,244,5,25.8,6.1,".241",".357",".295","0.116",".287",".270",33.7,4.9,33.1,"97.908149512","93.096095644",30.8,52.8
"Cronenworth, Jake",630105,2024,30,656,17,18,9.3,".241",".390",".324","0.149",".315",".339",35.4,7.8,36.7,"99.527561266","93.904133654",17.1,45
"Anderson, Tim",641313,2024,31,241,0,28.2,2.9,".214",".226",".237","0.012",".208",".235",29.5,1.8,30.1,"96.982041205","92.531306303",30.6,54.6
"Bauers, Jake",641343,2024,28,346,12,34.1,11.3,".199",".361",".301","0.162",".294",".304",38.6,10.3,42.9,"99.96682033","94.377085138",29.1,45.8
"Bellinger, Cody",641355,2024,28,569,18,15.6,7.9,".266",".426",".325","0.160",".322",".302",32.9,6.3,32.9,"97.314029213","92.768351065",22.2,49.8
"Calhoun, Willie",641432,2024,29,254,5,12.2,9.1,".245",".380",".315","0.135",".305",".311",30.2,3,37.7,"98.9731294","93.584500603",13.2,43.6
"Crawford, J.P.",641487,2024,29,451,9,22.6,11.5,".202",".321",".304","0.119",".283",".312",30.2,6.6,37.8,"98.950282708","93.58355108",20.2,41.1
"Fraley, Jake",641584,2024,29,382,5,18.3,6.8,".277",".386",".330","0.109",".314",".290",34.6,3.2,24.7,"95.677326241","91.891008399",21.3,57.9
"Garver, Mitch",641598,2024,33,430,15,30.9,12.3,".172",".341",".286","0.169",".281",".284",32.5,8.5,39.7,"99.983276271","94.254381059",30.8,38.7
"Hampson, Garrett",641658,2024,29,231,0,25.5,6.1,".230",".300",".275","0.070",".255",".250",31.6,4.4,30.4,"96.882247895","92.472205166",22.9,47.6
"Heim, Jonah",641680,2024,29,491,13,18.3,5.3,".220",".336",".267","0.116",".265",".281",29.9,5.9,36.4,"98.507122973","93.44020477",20.7,54.3
"McMahon, Ryan",641857,2024,29,645,20,28.7,10.7,".242",".397",".325","0.155",".315",".327",36.5,11,49.7,"102.62988712","96.057260524",30,46.9
"O'Neill, Tyler",641933,2024,29,473,31,33.6,11.2,".241",".511",".336","0.270",".360",".340",34.6,17.3,48.8,"102.819767874","95.797605236",34.1,44.6
"Smith, Dominic",642086,2024,29,307,6,24.8,9.1,".233",".378",".313","0.145",".306",".308",37.7,10.6,38.7,"98.769074141","93.729740505",25.3,45.3
"Tellez, Rowdy",642133,2024,29,421,13,21.1,7.4,".243",".392",".299","0.149",".301",".305",32.4,8.1,36.5,"100.611958926","94.350585034",21.9,43.3
"Siri, Jose",642350,2024,28,448,18,37.9,6.9,".187",".366",".255","0.179",".271",".298",35.7,14.7,41.6,"100.732893305","94.47103983",41.9,50.9
"Rosario, Amed",642708,2024,28,346,3,21.1,2.6,".280",".380",".306","0.100",".299",".284",33.5,4.6,36.2,"98.559932462","93.290414231",24.6,55.2
"Adames, Willy",642715,2024,28,688,32,25.1,10.8,".251",".462",".331","0.211",".342",".341",38.2,12,40.7,"99.769639045","94.108759136",29.5,49.5
"Estrada, Thairo",642731,2024,28,381,9,19.9,2.6,".217",".343",".247","0.126",".256",".265",30.3,4.8,31.7,"97.31710125","92.678487456",20.5,51.3
"Benintendi, Andrew",643217,2024,29,522,20,18.4,7.9,".229",".396",".289","0.167",".298",".307",36.5,6.3,34.4,"97.17823","92.764984068",21.1,48
"Dubón, Mauricio",643289,2024,29,428,4,12.9,3.7,".269",".361",".296","0.092",".286",".276",30.4,2.8,26.5,"95.977741503","92.011502977",18.8,60.1
"Jansen, Danny",643376,2024,29,324,9,18.8,12.3,".205",".349",".309","0.144",".294",".294",34.1,6.4,29.7,"97.185697545","92.627349132",20.9,40.6
"Kiner-Falefa, Isiah",643396,2024,29,496,8,15.7,3.2,".269",".376",".306","0.107",".299",".289",31.6,2.3,29.7,"96.695719581","92.34866123",14.8,46.1
"McNeil, Jeff",643446,2024,32,472,12,14.4,7.4,".238",".384",".308","0.146",".304",".293",32.2,3.1,31.1,"96.866365393","92.484410197",17.5,55.4
"Tauchman, Mike",643565,2024,33,350,7,20,13.4,".248",".366",".357","0.118",".325",".332",34.9,7.5,41,"99.141927105","93.788317412",22.5,46
"Albies, Ozzie",645277,2024,27,435,10,14.9,6.2,".251",".404",".303","0.153",".307",".308",33.4,6.2,32,"97.095539467","92.617553798",20.5,56.6
"Robles, Victor",645302,2024,27,295,4,18,7.1,".307",".433",".381","0.126",".357",".331",34.8,6.2,28.6,"97.345786105","92.756314603",24.7,54.7
"Devers, Rafael",646240,2024,27,601,28,24.5,11.1,".272",".516",".354","0.244",".364",".366",35.2,13.1,52.6,"104.597925864","97.090537461",30.9,50.9
"Naylor, Josh",647304,2024,27,633,31,16.6,9.2,".243",".456",".320","0.213",".332",".334",30.1,8.5,40.9,"100.815360087","94.680816725",22.4,50.3
"Toro, Abraham",647351,2024,27,364,6,17,5.5,".240",".350",".293","0.110",".283",".297",33.2,4.3,29.6,"97.476845145","92.798620509",17.4,48.1
"Arraez, Luis",650333,2024,27,672,4,4.3,3.6,".314",".392",".346","0.078",".323",".330",40.9,1.6,23.7,"94.838000362","91.449624457",6.9,49.8
"Jiménez, Eloy",650391,2024,27,349,6,20.1,6.3,".238",".336",".289","0.098",".276",".302",25.1,7.8,49,"103.179997795","96.165143031",26.2,50.3
"Torres, Gleyber",650402,2024,27,665,15,20.5,9.8,".257",".378",".330","0.121",".313",".314",38.2,6.3,35.4,"98.295655921","93.36890443",22.9,45.7
"Castro, Willi",650489,2024,27,635,12,23.6,8,".247",".385",".331","0.138",".317",".323",39,7,36.8,"98.851706502","93.501303852",29,51.4
"Díaz, Yandy",650490,2024,32,621,14,15.3,8.1,".281",".414",".341","0.133",".331",".339",28.4,7.7,48.7,"103.441830979","96.263007825",14.2,43.9
"De La Cruz, Bryan",650559,2024,27,622,21,27.3,4.7,".233",".384",".271","0.151",".283",".306",35.6,9.3,41.3,"99.848652919","94.22196445",30.1,53.4
"Rengifo, Luis",650859,2024,27,304,6,14.5,5.3,".300",".417",".347","0.117",".335",".300",30.4,2.5,32.5,"96.9891535","92.548929456",22.3,56.3
"Chapman, Matt",656305,2024,31,647,27,24.4,9.9,".247",".463",".328","0.216",".340",".342",31.3,12.7,48.3,"104.356012981","96.727633301",23.5,44.6
"Fairchild, Stuart",656413,2024,28,233,8,25.8,7.3,".215",".368",".286","0.153",".288",".298",27.6,8,36.8,"98.640738472","93.363702378",35.5,50.2
"Hoskins, Rhys",656555,2024,31,517,26,28.8,10.3,".214",".419",".303","0.205",".313",".306",29.7,12.7,42.2,"99.737434248","94.057895065",26.3,42.8
"Joe, Connor",656582,2024,31,416,9,21.9,10.6,".228",".368",".320","0.140",".305",".279",30.9,4.7,32.7,"97.939201314","92.982890511",25.7,43.1
"McKinstry, Zach",656716,2024,29,325,4,21.2,7.4,".215",".337",".277","0.122",".270",".301",37.8,4.3,32.6,"97.327044","92.860583362",22.1,47.7
"Mullins, Cedric",656775,2024,29,499,18,19.6,8.2,".234",".405",".305","0.171",".310",".289",31.7,4.9,33.4,"97.759606105","92.89369311",19.1,51.4
"O'Hearn, Ryan",656811,2024,30,494,15,14,9.3,".264",".427",".334","0.163",".330",".351",35,6.9,40.1,"99.733150957","94.095787394",18.1,46.7
"Rivera, Emmanuel",656896,2024,28,302,5,22.8,8.6,".238",".343",".312","0.105",".291",".322",33.7,7.9,44.1,"99.97328099","94.404966716",28.3,48.6
"Schwarber, Kyle",656941,2024,31,692,38,28.5,15.3,".248",".485",".366","0.237",".366",".380",31.8,15.6,55.5,"105.154527813","97.529843438",32,39.9
"Thomas, Lane",657041,2024,28,528,15,25.9,8.3,".237",".400",".309","0.163",".309",".311",31.5,7.4,40.6,"100.376555353","94.3557595",23.3,43.8
"Verdugo, Alex",657077,2024,28,621,13,15,7.9,".233",".356",".291","0.123",".283",".307",31.6,5.7,34.9,"98.009613263","93.0881338",15.5,44.7
"Wong, Connor",657136,2024,28,487,13,23.4,5.7,".280",".425",".333","0.145",".330",".291",30.7,6.3,34.5,"98.745018171","93.452738532",28.8,51.6
"DeJong, Paul",657557,2024,30,482,24,32.4,4.8,".227",".427",".276","0.200",".302",".293",36.4,10.2,41.5,"99.999893878","94.174456531",34.9,58
"Laureano, Ramón",657656,2024,29,309,11,31.1,4.9,".259",".437",".311","0.178",".324",".313",38.7,12.6,40.8,"100.254641146","94.492561099",31.8,52.3
"Sheets, Gavin",657757,2024,28,501,10,21.2,8.6,".233",".357",".303","0.124",".291",".312",41.1,5.8,35.3,"98.863415862","93.510571585",23,46.2
"Ohtani, Shohei",660271,2024,29,731,54,22.2,11.1,".310",".646",".390","0.336",".431",".444",37.8,21.5,60.1,"106.727792385","98.772122364",29.8,47.3
"Bruján, Vidal",660644,2024,26,278,2,19.4,9,".222",".319",".303","0.097",".276",".268",29.7,1.5,22.6,"95.193229158","91.616436508",24.4,52
"Acuña Jr., Ronald",660670,2024,26,222,4,23.9,12.2,".250",".365",".351","0.115",".322",".350",31.7,9.4,48.2,"103.064738696","96.113602174",27.5,47
"Ruiz, Keibert",660688,2024,25,485,13,11.1,3.3,".229",".359",".260","0.130",".268",".283",32.2,3.2,25.6,"95.477673333","91.740685858",12.1,52.3
"Montero, Elehuris",660707,2024,25,247,4,22.7,8.1,".205",".304",".267","0.099",".254",".279",27.5,7.6,41.5,"100.877618721","94.67846193",30.3,54.1
"Yepez, Juan",660766,2024,26,249,6,16.9,7.2,".283",".429",".335","0.146",".331",".304",30.3,5.9,35.6,"98.208738602","93.111621613",22.1,50.1
"Sánchez, Jesús",660821,2024,26,537,18,26.1,7.6,".252",".417",".313","0.165",".317",".348",31.8,12.3,51.3,"104.556000571","96.923820315",31.2,53.2
"Contreras, William",661388,2024,26,679,23,20.5,11.5,".281",".466",".365","0.185",".359",".356",29,10,49.5,"103.875480043","96.642602527",27.8,47.4
"Varsho, Daulton",662139,2024,27,513,18,26.7,9.4,".214",".407",".293","0.193",".304",".266",30.2,6.2,34,"98.537583503","93.276618121",27,47.6
"Perkins, Blake",663368,2024,27,434,6,24.9,9.7,".240",".332",".316","0.092",".288",".280",32,3.9,37.7,"97.789208222","93.114376074",27.1,42.4
"Nootbaar, Lars",663457,2024,26,405,12,19.5,12.8,".244",".417",".342","0.173",".331",".358",32.2,9.9,49.5,"102.282162353","95.717855683",19,37.2
"Nevin, Tyler",663527,2024,27,278,7,23,9,".204",".331",".288","0.127",".276",".304",37,8.8,40.8,"99.059252088","93.891727514",25.6,47.3
"Hoerner, Nico",663538,2024,27,641,7,10.3,6.9,".273",".373",".335","0.100",".313",".318",36,1.2,27.6,"95.980926525","91.993965849",11.9,48.4
"Riley, Austin",663586,2024,27,469,19,25.2,7.9,".256",".461",".322","0.205",".338",".367",37.2,15,53.4,"103.77151961","96.882758664",27.5,50.1
"Larnach, Trevor",663616,2024,27,400,15,22.3,10,".259",".434",".338","0.175",".336",".346",36.2,10.1,45.1,"102.375195821","95.54188573",27.9,44.1
"Mountcastle, Ryan",663624,2024,27,507,13,22.5,5.3,".271",".425",".308","0.154",".316",".336",36.2,8.8,45.2,"102.105716923","95.370233104",25.1,56.1
"Hayes, Ke'Bryan",663647,2024,27,396,4,18.9,5.8,".233",".290",".283","0.057",".256",".285",29.9,2.4,42.9,"99.837230137","94.135653938",18.1,44.8
"Tucker, Kyle",663656,2024,27,339,23,15.9,16.5,".289",".585",".408","0.296",".419",".402",40,12.9,44.9,"100.157901947","94.740150044",19,41.8
"India, Jonathan",663697,2024,27,637,15,19.6,12.6,".248",".392",".357","0.144",".333",".354",39.3,7.7,36.5,"98.90319256","93.547150797",19.2,38.3
"Bart, Joey",663698,2024,27,282,13,25.9,7.8,".265",".462",".337","0.197",".347",".336",32.6,9.5,38.7,"100.959040333","94.605861732",26.2,43.7
"Raleigh, Cal",663728,2024,27,628,34,28,11.1,".220",".436",".312","0.216",".323",".347",35.6,15.5,48.1,"102.032071755","95.508789467",31,52.3
"Fortes, Nick",663743,2024,27,335,4,12.2,3.3,".227",".318",".259","0.091",".252",".247",29,1.4,22.6,"95.578582782","91.819744812",13.2,49.3
"Grisham, Trent",663757,2024,27,209,9,27.3,10.5,".190",".385",".290","0.195",".295",".303",25.6,12,46.4,"100.360050339","94.648811864",23.3,37.2
"Vierling, Matt",663837,2024,27,567,16,21.3,7.2,".257",".423",".312","0.166",".317",".313",34.1,7.5,40.9,"100.235830606","94.344722247",19.5,42.8
"Gonzalez, Romy",663853,2024,27,216,6,26.9,5.6,".266",".417",".306","0.151",".311",".317",29.7,8.3,51,"104.214637183","96.826247676",29.2,55.2
"Stephenson, Tyler",663886,2024,27,515,19,22.7,9.3,".258",".444",".338","0.186",".339",".325",33,9.1,43.9,"100.320154503","94.587176774",22.7,43.2
"Rodgers, Brendan",663898,2024,27,539,13,24.5,5.8,".267",".407",".314","0.140",".314",".299",33.1,5.7,44.1,"101.153269243","94.773964417",25.9,49.3
"Lowe, Nathaniel",663993,2024,28,565,16,22.1,12.6,".265",".401",".361","0.136",".337",".332",32.6,5.8,40,"100.432822253","94.330442369",20.6,42.7
"Happ, Ian",664023,2024,29,657,25,25.6,12.2,".243",".441",".341","0.198",".341",".347",37,11.7,45.2,"101.590666318","95.287992294",27.9,45.9
"France, Ty",664034,2024,29,535,13,21.3,7.1,".234",".365",".305","0.131",".296",".306",30.5,7.3,40,"99.663679892","94.004650595",24.2,51.2
"Lowe, Brandon",664040,2024,29,425,21,26.4,7.8,".244",".473",".311","0.229",".335",".344",39.6,12.4,44.7,"101.345776014","94.9549512",32.7,55.3
"Bader, Harrison",664056,2024,30,437,12,21.7,4.8,".236",".373",".284","0.137",".285",".300",33.9,6.4,35.5,"98.685690255","93.420801022",24.5,46.6
"Moore, Dylan",664238,2024,31,441,10,27.9,12,".201",".367",".320","0.166",".306",".299",38.2,8.8,36.3,"98.78016696","93.44884728",24.8,42.4
"Isbel, Kyle",664728,2024,27,426,8,20.7,6.3,".229",".367",".287","0.138",".286",".283",24.8,3.9,36.3,"99.427451293","93.787078878",19.3,46.1
"Bohm, Alec",664761,2024,27,606,15,14.2,6.6,".280",".448",".332","0.168",".335",".345",35.2,6.8,45.6,"100.768220847","94.781662669",17.6,49.7
"Wade Jr., LaMonte",664774,2024,30,401,8,22.4,15.5,".260",".381",".380","0.121",".337",".356",39.6,9.4,44.1,"101.164898115","95.074393169",24.2,40.9
"Brown, Seth",664913,2024,31,400,14,28,6.3,".231",".379",".282","0.148",".289",".298",35.2,8.5,40.6,"100.936577054","94.815981008",29.1,52
"McCarthy, Jake",664983,2024,26,495,8,15.8,6.3,".285",".400",".349","0.115",".329",".314",30.4,2.7,24.5,"95.637290857","91.834529486",17.6,49.3
"Peña, Jeremy",665161,2024,26,650,15,17.1,3.8,".266",".394",".308","0.128",".305",".314",29.2,5.4,38.8,"99.323506707","93.74168435",24.9,54.2
"Tatis Jr., Fernando",665487,2024,25,438,21,21.9,7.3,".276",".492",".340","0.216",".359",".390",33.7,14.6,55.8,"104.418991126","97.109953874",28.1,51.3
"Guerrero Jr., Vladimir",665489,2024,25,697,30,13.8,10.3,".323",".544",".396","0.221",".398",".413",35.1,13.8,54.9,"105.663720766","97.649346073",21.5,48
"Soto, Juan",665742,2024,25,713,41,16.7,18.1,".288",".569",".419","0.281",".421",".464",35.4,19.8,57,"105.650123728","97.994705143",21.5,37.2
"Taveras, Leody",665750,2024,25,529,12,21.2,7.9,".229",".352",".289","0.123",".282",".299",31.5,5.9,35.5,"99.173170874","93.650113205",26.2,48.8
"Amaya, Miguel",665804,2024,25,363,8,17.1,6.3,".232",".357",".288","0.125",".283",".303",33.9,4.8,33.9,"99.101174286","93.708861353",22.5,54
"Cabrera, Oswaldo",665828,2024,25,326,8,19.3,6.4,".247",".365",".296","0.118",".290",".293",34,3.8,34.9,"97.641570336","92.88412097",18.8,47.8
"Cruz, Oneil",665833,2024,25,599,21,30.2,8.5,".259",".449",".324","0.190",".331",".345",32.1,15.7,54.9,"107.199352928","98.547881492",34.1,46.3
"Valdez, Enmanuel",665839,2024,25,223,6,23.8,7.6,".214",".363",".270","0.149",".275",".308",32,9.3,41.8,"99.9120656","94.1331724",22.1,43.9
"Chisholm Jr., Jazz",665862,2024,26,621,24,24.5,8.5,".256",".436",".324","0.180",".327",".317",29.6,9.7,41,"100.122466782","94.443153886",29.3,47.5
"Giménez, Andrés",665926,2024,25,633,9,15.3,4.1,".252",".340",".298","0.088",".281",".301",32.7,2.8,28.5,"96.492499139","92.262342361",22.8,56.4
"Fermin, Freddy",666023,2024,29,368,6,17.9,6.3,".271",".366",".319","0.095",".300",".281",29.2,3.2,33.9,"97.931397537","93.085600262",23,51
"Jones, Nolan",666134,2024,26,297,3,30.6,12.1,".227",".320",".321","0.093",".287",".291",34.3,6,44.4,"100.556302024","94.528500893",25.6,40
"Lowe, Josh",666139,2024,26,387,10,31.8,8.3,".241",".391",".302","0.150",".299",".295",37.9,10.3,46.1,"100.893361034","94.928910905",31.9,51.6
"Fitzgerald, Tyler",666149,2024,26,341,15,31.7,6.5,".280",".497",".334","0.217",".357",".293",39.1,8.3,31.9,"97.5779034","92.79850055",31.2,47.7
"Fletcher, Dominic",666150,2024,26,241,1,24.1,4.6,".206",".256",".252","0.050",".227",".250",38.7,1.8,26.8,"95.808053494","91.934485697",21.2,47.2
"Hamilton, David",666152,2024,26,317,8,25.2,6.9,".248",".395",".303","0.147",".305",".285",38.3,5.6,32.2,"97.714382095","92.969829904",25.6,45.9
"Lux, Gavin",666158,2024,26,487,10,22.6,9,".251",".383",".320","0.132",".310",".319",35,6.1,41.1,"98.995997212","93.691033374",23.3,45.1
"Moniak, Mickey",666160,2024,26,418,14,27.3,5,".219",".380",".266","0.161",".281",".283",31.9,9.4,34.4,"99.494460797","93.816907681",30.6,56.7
"Rortvedt, Ben",666163,2024,26,328,3,26.8,10.4,".228",".303",".317","0.075",".283",".270",30.2,3.5,30.7,"96.9585767","92.49508965",26.7,43
"Adell, Jo",666176,2024,25,451,20,27.9,7.8,".207",".402",".280","0.195",".296",".314",30.5,11.8,44.7,"102.6788005","95.748719749",29.8,49.7
"Benson, Will",666181,2024,26,388,14,39.7,10.3,".187",".376",".274","0.189",".285",".272",36.5,11.5,40.1,"99.756805263","94.123444",39,47.6
"Bichette, Bo",666182,2024,26,336,4,19,6,".225",".322",".277","0.097",".264",".303",31.3,4.5,43.5,"100.896776504","94.778862816",22,56.4
"Carlson, Dylan",666185,2024,25,265,3,28.3,8.3,".209",".277",".287","0.068",".257",".258",30.1,2.5,25.8,"96.530139877","92.297463602",31,48.2
"Naylor, Bo",666310,2024,24,389,13,31.4,7.5,".201",".350",".264","0.149",".269",".263",32.6,8.1,37.7,"98.72815","93.535266567",28.3,46.9
"Julien, Edouard",666397,2024,25,301,8,33.9,11,".199",".323",".292","0.124",".278",".288",38.4,9.8,37.8,"98.889968415","93.491651402",30.9,40.6
"Morel, Christopher",666624,2024,25,611,21,26,10,".196",".346",".288","0.150",".280",".316",27.6,10.3,40.4,"101.221222105","94.784090605",34.1,47
"García, Adolis",666969,2024,31,637,25,27.8,7.1,".224",".400",".284","0.176",".296",".309",33.7,12.5,48.2,"101.827676765","95.435631691",34.3,52.1
"Gurriel Jr., Lourdes",666971,2024,30,553,18,18.3,5.2,".279",".435",".322","0.156",".327",".325",33.8,6.7,40,"99.549348469","93.921850288",20.2,51.1
"Rooker, Brent",667670,2024,29,614,39,28.8,9.6,".293",".562",".365","0.269",".392",".381",38.3,16.7,49.6,"103.25238457","96.193453235",34.1,50.2
"Arozarena, Randy",668227,2024,29,648,20,26.1,11.3,".219",".388",".332","0.169",".320",".322",28.4,8.4,43.5,"100.904108177","94.731331384",29.7,41
"Rogers, Jake",668670,2024,29,337,10,29.4,6.5,".197",".352",".255","0.155",".264",".299",32.9,9.9,41.8,"99.180639906","93.973828585",32.7,47.6
"Bleday, JJ",668709,2024,26,642,20,19.5,10.4,".243",".437",".324","0.194",".330",".322",37.1,8.3,36.2,"98.959573229","93.527316345",26.1,45.3
"Steer, Spencer",668715,2024,26,656,20,20.9,11,".225",".402",".319","0.177",".316",".321",34.2,6.4,39.9,"99.163434247","93.708755492",23.1,44.5
"Reynolds, Bryan",668804,2024,29,692,24,22.5,8.2,".275",".447",".344","0.172",".343",".353",37.5,9.6,45.4,"100.987209316","94.867542484",29.4,50.4
"Martin, Austin",668885,2024,25,257,1,18.3,7.8,".253",".352",".318","0.099",".297",".303",39.4,1.1,33.5,"96.642936413","92.431606902",21.4,45.5
"Vientos, Mark",668901,2024,24,454,27,29.7,7.3,".266",".516",".322","0.250",".356",".333",34.6,14.2,46.6,"102.544746312","95.741575567",34.4,49.9
"Lewis, Royce",668904,2024,25,325,16,22.8,8.6,".233",".452",".295","0.219",".317",".318",36.3,11.2,37.7,"99.690144144","93.856491441",27,51.9
"Turang, Brice",668930,2024,24,619,7,17,8.1,".254",".349",".316","0.095",".294",".302",32,2.4,29.7,"96.869333063","92.521821874",13.8,47.7
"Rutschman, Adley",668939,2024,26,638,19,16.1,9.1,".250",".391",".318","0.141",".309",".320",35.4,6.1,36.6,"98.081119454","93.149039684",17.1,44.5
"Rojas, Josh",668942,2024,30,476,8,22.7,9.7,".225",".336",".304","0.111",".286",".296",35.6,5.7,38.2,"97.946263631","93.225198599",24.4,45.6
"Mitchell, Garrett",669003,2024,25,224,8,31.7,11.2,".255",".469",".342","0.214",".351",".311",34.6,8.7,37,"100.952074833","94.510744",34.8,44.4
"Melendez, MJ",669004,2024,25,451,17,25.1,7.8,".206",".400",".273","0.194",".292",".321",29.1,8.4,45.2,"101.49620396","95.196771409",29.5,52.5
"Marsh, Brandon",669016,2024,26,476,16,32.4,10.5,".249",".419",".328","0.170",".326",".327",40.7,10,47.4,"101.08883194","95.182442734",27.5,41.3
"Stowers, Kyle",669065,2024,26,209,3,35.4,6.2,".208",".333",".268","0.125",".265",".291",36.1,11,51.3,"102.156753559","95.709246525",36.1,54.5
"Langeliers, Shea",669127,2024,26,534,29,27.2,7.7,".224",".450",".288","0.226",".315",".328",35.3,12.8,44,"102.05460686","95.451719446",29.2,49.5
"Campusano, Luis",669134,2024,25,299,8,13.7,6.7,".227",".361",".281","0.134",".282",".298",27.4,4.7,34.2,"98.345403475","93.277557745",20.5,50.9
"Murphy, Sean",669221,2024,29,264,10,25.4,10.2,".193",".352",".284","0.159",".281",".310",25.7,9.6,36.5,"99.757961548","94.022077485",28.4,45.6
"Senzel, Nick",669222,2024,29,267,7,22.8,10.5,".195",".331",".283","0.136",".273",".301",38.6,5.7,26.7,"95.746731264","91.876891724",23.9,47.1
"Wells, Austin",669224,2024,24,414,13,21,11.4,".229",".395",".322","0.166",".315",".341",34.5,9.1,38.9,"99.723567259","94.070969368",27.3,49.3
"Malloy, Justyn-Henry",669234,2024,24,230,8,37,10,".203",".366",".291","0.163",".291",".272",31.9,10.9,37.8,"98.290103167","93.208402605",36.6,43.9
"Smith, Will",669257,2024,29,544,20,19.3,9.4,".248",".433",".327","0.185",".326",".337",38.3,10.9,42,"99.318269153","93.929159392",20.9,46.2
"Suwinski, Jack",669261,2024,25,277,9,28.5,9.7,".182",".324",".264","0.142",".260",".298",28.8,8.9,38.2,"100.854161429","94.49330497",27.4,46.5
"Espinal, Santiago",669289,2024,29,391,9,13.8,6.1,".246",".356",".295","0.110",".285",".295",35,1.9,24.1,"94.957566883","91.492088339",14.8,49
"Miranda, Jose F",669304,2024,26,429,9,15.4,4.2,".284",".441",".322","0.157",".328",".311",33.9,5.9,38.9,"99.359747765","93.786600855",22.5,52.3
"Gorman, Nolan",669357,2024,24,402,19,37.6,8.5,".203",".400",".271","0.197",".290",".307",40.3,16.7,38.6,"100.727790741","94.443953953",38.7,51
"Edwards, Xavier",669364,2024,24,303,1,17.2,10.9,".328",".423",".397","0.095",".359",".300",37.6,1.8,24.3,"95.052217333","91.536547476",16.9,47.5
"Burger, Jake",669394,2024,28,579,29,25.9,5.4,".250",".460",".301","0.210",".325",".339",32.4,12.4,46.8,"103.619986856","96.171144407",30.1,52.4
"Smith, Josh",669701,2024,26,592,13,20.4,7.8,".258",".394",".337","0.136",".323",".309",33.7,3.7,37.1,"98.306997711","93.25999596",21.8,47.1
"Triolo, Jared",669707,2024,26,446,9,26.5,9.4,".216",".315",".296","0.099",".275",".296",38.8,5.4,39.1,"99.388421871","93.892534424",27.4,47.7
"Hays, Austin",669720,2024,28,255,5,23.1,3.5,".255",".396",".303","0.141",".303",".294",30.2,6.7,40.2,"100.415422697","94.347982429",29.1,54.4
"Toglia, Michael",669911,2024,25,458,25,32.1,11.8,".218",".456",".311","0.238",".329",".360",39.2,17.3,50.2,"102.673791797","96.069366471",34.9,45.1
"Lopez, Nicky",670032,2024,29,445,1,15.1,8.3,".241",".294",".312","0.053",".275",".273",30,1.5,16.9,"94.065401402","91.042138226",19.4,48.5
"Raley, Luke",670042,2024,29,455,22,29.7,5.9,".243",".463",".320","0.220",".339",".321",31.5,11.1,41.8,"101.696067615","95.042152538",34.5,51.8
"Wallner, Matt",670242,2024,26,261,13,36.4,9.2,".259",".523",".372","0.264",".385",".359",38.1,17.5,53.2,"104.61196127","96.920236746",38.4,47.8
"Alvarez, Yordan",670541,2024,27,635,35,15,10.9,".308",".567",".392","0.259",".402",".415",35.4,14.5,49.7,"104.097105087","96.703519522",19.9,47.8
"Paredes, Isaac",670623,2024,25,641,19,16.4,11.9,".238",".393",".346","0.155",".327",".309",37,4.5,27.1,"95.875582928","91.952619865",17.2,44.7
"Walls, Taylor",670764,2024,27,252,1,26.6,12.3,".183",".248",".282","0.065",".245",".255",29.9,3.2,24,"95.086734605","91.544710263",25,45.1
"Friedl, TJ",670770,2024,28,341,13,15.2,7.6,".226",".380",".310","0.154",".305",".293",29.9,3.2,31.5,"96.990036","92.527458326",17.9,43.4
"Herrera, Iván",671056,2024,24,259,5,20.5,9.7,".301",".428",".372","0.127",".351",".370",38.2,9,42.1,"100.658165843","94.599725311",24.8,43.6
"Casas, Triston",671213,2024,24,243,13,31.7,12.3,".241",".462",".337","0.221",".342",".328",35.6,13.3,45.2,"101.435410588","95.112485926",32.2,44.5
"Ramos, Heliot",671218,2024,24,518,22,26.1,7.1,".269",".469",".322","0.200",".339",".338",34.3,14.7,47.5,"102.620742924","95.895956716",28.7,50.3
"García Jr., Luis",671277,2024,24,528,18,16.3,5.1,".282",".444",".318","0.162",".328",".335",32.8,8,41.7,"100.167127696","94.249397672",21.3,51.7
"Freeman, Tyler",671289,2024,25,383,7,13.8,7.3,".209",".321",".305","0.112",".283",".307",30.7,3.2,34.6,"98.573015071","93.423975986",16.4,46.9
"Butler, Lawrence",671732,2024,23,451,22,23.9,7.8,".262",".490",".317","0.228",".345",".341",35.1,11.1,47.4,"101.824301046","95.302256275",26.9,47.7
"Harris II, Michael",671739,2024,23,470,16,20,4.9,".264",".418",".304","0.154",".312",".346",33.5,10,47,"103.329018908","96.053474224",25.1,55.1
"Bailey, Patrick",672275,2024,25,448,8,22.3,8.7,".234",".339",".298","0.105",".281",".322",37.9,5.5,43,"100.739347483","94.770639073",23.4,48.1
"Siani, Michael",672279,2024,24,334,2,27.5,6.3,".228",".285",".285","0.057",".257",".246",32.6,2.3,22.6,"95.786961649","91.898789433",29.5,48.9
"Kelenic, Jarred",672284,2024,24,449,15,29.6,7.1,".231",".393",".286","0.162",".294",".311",38.2,9.9,45.2,"100.297571631","94.504780603",33.4,49.9
"Kirk, Alejandro",672386,2024,25,386,5,13.2,9.1,".253",".359",".319","0.106",".297",".329",34.6,6.7,40.9,"99.802023893","94.269440505",15.7,46.6
"Moreno, Gabriel",672515,2024,24,351,5,14.8,11.7,".266",".380",".353","0.114",".325",".328",33.6,6.6,41,"99.887726484","94.221263359",18.5,41.2
"Garcia, Maikel",672580,2024,24,626,7,16.5,6.7,".231",".332",".281","0.101",".270",".305",34.1,3.7,42.8,"100.050927426","94.39492241",15.7,43.4
"Lopez, Otto",672640,2024,25,434,6,17.3,5.8,".270",".377",".313","0.107",".302",".317",30.4,5.1,38.9,"99.482984485","93.902266182",21.9,51.4
"Perdomo, Geraldo",672695,2024,24,388,3,14.9,9.3,".273",".374",".344","0.101",".317",".287",28.9,3.1,25.8,"96.084793623","92.044093913",12.2,40.5
"Pérez, Wenceel",672761,2024,24,425,9,21.6,7.5,".242",".383",".300","0.141",".299",".297",37.7,4.4,30.6,"97.264471429","92.757975085",20.9,46.1
"Sosa, Lenyn",672820,2024,24,369,8,20.9,3.3,".254",".359",".283","0.105",".280",".321",42.2,6.1,41.2,"99.355197445","93.909530839",19.8,52.7
"Diaz, Yainer",673237,2024,25,619,16,17.3,3.9,".299",".441",".325","0.142",".329",".343",35,7.6,47.5,"101.297056214","95.034359505",24,58.8
"Robert Jr., Luis",673357,2024,26,425,14,33.2,6.6,".224",".379",".278","0.155",".285",".283",35.6,9.9,40.7,"101.232868968","94.886076944",36.1,53.1
"Kim, Ha-Seong",673490,2024,28,470,11,16.4,12.3,".233",".370",".330","0.137",".308",".318",36.6,4.8,35.4,"98.621780994","93.412597329",16.1,38
"Suzuki, Seiya",673548,2024,29,585,21,27.4,10.8,".283",".482",".366","0.199",".365",".348",38.8,11.5,49.2,"102.565369326","95.834191408",24.5,39.6
"Westburg, Jordan",676059,2024,25,447,18,21.7,4.9,".264",".481",".312","0.217",".340",".355",37.4,11.8,46.1,"101.801873375","95.272487",29.3,51
"DeLuca, Jonny",676356,2024,25,362,6,21.3,6.6,".217",".331",".278","0.114",".269",".277",32.7,3.9,28,"96.24111608","92.14905868",24,53.8
"Velázquez, Nelson",676369,2024,25,230,8,26.5,8.3,".200",".366",".274","0.166",".280",".307",29.9,8.8,38.1,"99.364038514","93.836443129",35.5,46.5
"Clement, Ernie",676391,2024,28,452,12,9.1,2.4,".263",".408",".284","0.145",".297",".285",34.3,3.8,24.9,"95.659056327","91.830379974",14.4,57
"Burleson, Alec",676475,2024,25,595,21,12.8,5.9,".269",".420",".314","0.151",".319",".333",34.3,6.5,41.7,"99.381927173","94.012155751",19.2,55.7
"Caballero, José",676609,2024,27,483,9,27.5,5.6,".227",".347",".283","0.120",".277",".267",33.8,5.1,25.2,"96.196185563","92.133024917",28.9,50
"Meyers, Jake",676694,2024,28,513,13,22.8,6.8,".219",".360",".286","0.141",".285",".307",34.8,6.9,37,"99.317270058","93.726741906",27,49.1
"McCormick, Chas",676801,2024,29,267,5,27,6.4,".211",".306",".271","0.095",".257",".286",32.2,7.5,32.8,"97.920374118","93.001741775",31.3,53.2
"Schneider, Davis",676914,2024,25,454,13,31.7,10.4,".191",".343",".282","0.152",".277",".293",38,12,38,"98.986742636","93.569243488",30.6,42.5
"Rocchio, Brayan",677587,2024,23,442,8,20.4,10,".206",".316",".298","0.110",".276",".279",36,4,22.3,"95.744136806","91.872068403",24.3,47.9
"Rodríguez, Julio",677594,2024,23,613,20,25.4,6.2,".273",".409",".325","0.136",".321",".345",33.2,10.2,48.4,"103.553687536","96.325344116",30.9,54.3
"Duran, Ezequiel",677649,2024,25,285,3,22.1,4.9,".246",".321",".288","0.075",".270",".257",28.2,3.4,35.9,"98.680111262","93.37676239",24.7,56.4
"Abreu, Wilyer",677800,2024,25,447,15,28,8.9,".253",".459",".322","0.206",".336",".324",33.7,11.2,50.5,"101.945020507","95.552365543",29.6,48.1
"Jiménez, Leo",677870,2024,23,210,4,28.1,5.7,".229",".358",".329","0.129",".308",".313",40.7,8.1,33.3,"97.300784098","92.763416942",27,46.3
"Witt Jr., Bobby",677951,2024,24,709,32,15,8,".332",".588",".389","0.256",".410",".407",35.7,14.3,48.3,"103.972880446","96.499868141",22.3,51.2
"Meadows, Parker",678009,2024,24,298,9,25.5,8.4,".244",".433",".310","0.189",".321",".301",34.7,7.7,32.3,"97.956970619","93.056795751",27,45.5
"Vargas, Miguel",678246,2024,24,237,5,24.1,10.5,".150",".257",".249","0.107",".233",".265",28.9,4.6,26.3,"96.03557","92.025289013",21.6,44.6
"Tovar, Ezequiel",678662,2024,22,695,26,28.8,3.3,".269",".469",".295","0.200",".324",".291",38.5,9,39.8,"99.306485852","93.964016332",33.5,62.3
"Rafaela, Ceddanne",678882,2024,23,571,15,26.4,2.6,".246",".390",".274","0.144",".286",".276",34.9,7.5,36.9,"98.205036294","93.166643181",33,61.9
"Rojas, Johan",679032,2024,23,363,3,19,3.6,".243",".322",".279","0.079",".265",".258",22,2.5,27.4,"97.163679462","92.590351731",22.7,48.8
"Torkelson, Spencer",679529,2024,24,381,10,27.6,8.7,".219",".374",".295","0.155",".295",".285",31.5,6.8,39.7,"99.687498067","94.009349451",26.6,46
"Schuemann, Max",680474,2024,27,459,7,25.9,10.2,".220",".308",".311","0.088",".281",".300",39.5,5.6,37.4,"97.729409209","93.097394065",28.5,42.5
"Palacios, Richie",680700,2024,27,316,5,21.2,14.2,".223",".318",".346","0.095",".303",".322",36.4,3.5,30.3,"96.843483131","92.444278274",24.7,46.7
"Barger, Addison",680718,2024,24,225,7,26.7,6.2,".197",".351",".250","0.154",".262",".294",32.9,8.7,38.3,"100.557905","94.503054898",27.6,46.3
"Kwan, Steven",680757,2024,26,540,14,9.4,9.8,".292",".425",".368","0.133",".349",".337",38.5,2.6,23.7,"95.04543782","91.531639359",8.2,39.1
"Duran, Jarren",680776,2024,27,735,21,21.8,7.3,".285",".492",".342","0.207",".357",".340",33.8,9.3,43.9,"101.928155512","95.341113209",24.8,48.3
"Jeffers, Ryan",680777,2024,27,465,21,20.2,6.9,".226",".432",".300","0.206",".317",".307",31.7,8.3,33.8,"99.008221173","93.57098291",23.6,48.5
"Gelof, Zack",680869,2024,24,547,17,34.4,6.9,".211",".362",".270","0.151",".276",".273",34.4,8.9,37.2,"98.970921935","93.611147032",36.4,51.5
"Donovan, Brendan",680977,2024,27,652,14,12.4,7.2,".278",".417",".342","0.139",".332",".341",36.6,5.5,37.6,"98.552237391","93.418618597",15.1,44.2
"Stott, Bryson",681082,2024,26,571,11,16.3,9.3,".245",".356",".315","0.111",".296",".310",35.3,3.6,30.8,"97.149266143","92.631038831",17,44.1
"Bride, Jonah",681146,2024,28,272,11,20.2,11,".276",".461",".357","0.185",".351",".304",29.9,5.4,33.7,"97.444142826","92.857149348",16.7,38.2
"Cowser, Colton",681297,2024,24,561,24,30.7,9.3,".242",".447",".321","0.205",".331",".333",32.1,13.6,46.1,"101.838992303","95.374243739",30.4,44.5
"O'Hoppe, Logan",681351,2024,24,522,20,29.7,6.3,".244",".409",".303","0.165",".311",".333",42.9,12,46.3,"101.233350982","95.0870388",33.6,52
"Carpenter, Kerry",681481,2024,26,296,18,25.3,7.4,".284",".587",".345","0.303",".390",".379",40.1,17.8,46.4,"100.928032292","94.944129215",30.3,50.5
"Pages, Andy",681624,2024,23,443,13,24.4,6.5,".248",".407",".305","0.159",".310",".324",40.8,10.7,40.1,"100.310081745","94.262423423",26.1,51
"Fry, David",681807,2024,28,392,14,21.4,10.7,".263",".448",".356","0.185",".347",".330",36.9,7.5,37.6,"99.146678031","93.715471417",24.8,49.2
"Schneemann, Daniel",682177,2024,27,221,5,31.7,11.3,".218",".368",".303","0.150",".295",".280",41.3,4.8,38.1,"98.405974921","93.326836825",31.7,49.1
"Marte, Noelvi",682622,2024,22,242,4,31,3.7,".210",".301",".248","0.091",".243",".272",33.5,6.5,36.1,"98.631095256","93.351013935",32.1,54.1
"Alvarez, Francisco",682626,2024,22,342,11,25.1,8.8,".237",".403",".307","0.166",".310",".296",27.2,6.7,42,"101.298215536","94.784205516",29.6,46.1
"De La Cruz, Elly",682829,2024,22,696,25,31.3,9.9,".259",".471",".339","0.212",".349",".330",35.7,12.7,45.7,"102.95535404","95.90272362",33.4,43.4
"Abrams, CJ",682928,2024,23,602,20,21.3,6.6,".246",".433",".314","0.187",".322",".320",33,7,40.7,"99.496479615","93.910198048",24.7,53.3
"Greene, Riley",682985,2024,23,584,24,26.7,11,".262",".479",".348","0.217",".355",".354",39.1,13.4,47.1,"102.088081676","95.54007409",26.8,44.3
"Carroll, Corbin",682998,2024,23,684,22,19,10.7,".231",".428",".322","0.197",".325",".328",27.8,7.2,40.8,"101.055665665","94.755672366",20.3,41.4
"Henderson, Gunnar",683002,2024,23,719,37,22.1,10.8,".281",".529",".364","0.248",".381",".374",34.5,11.2,53.9,"104.002332911","96.835723291",24.4,44.2
"Volpe, Anthony",683011,2024,23,689,12,22.6,6.1,".243",".364",".293","0.121",".287",".278",33.3,3.9,35.4,"98.177841555","93.206482989",22.6,48.1
"Vaughn, Andrew",683734,2024,26,619,19,21.3,6.1,".246",".402",".297","0.156",".304",".320",33.6,9.3,43.3,"100.921632928","94.702971332",22,49.4
"Busch, Michael",683737,2024,26,567,21,28.6,11.1,".248",".440",".335","0.192",".336",".324",36.4,11.3,39.9,"99.992212321","94.35127744",28.4,45.2
"Frelick, Sal",686217,2024,24,524,2,14.9,7.4,".259",".335",".320","0.076",".292",".283",30,0.8,19.5,"94.439757846","91.272403907",12.9,41.5
"Pasquantino, Vinnie",686469,2024,26,554,19,12.8,7.2,".262",".446",".315","0.184",".325",".336",31.9,7.1,46.5,"100.997993151","94.970921142",14.5,47.8
"Doyle, Brenton",686668,2024,26,603,23,25.4,7.6,".260",".446",".317","0.186",".328",".330",37.4,10.5,41.4,"100.983223096","94.67619269",29.8,51.4
"Lee, Korey",686676,2024,25,394,12,31,4.3,".210",".347",".244","0.137",".257",".257",34.1,7.5,37.6,"99.5141412","93.7992936",37.1,58.9
"Massey, Michael",686681,2024,26,356,14,15.7,4.2,".259",".449",".294","0.190",".317",".315",34.4,7.1,36.9,"98.396031151","93.36810777",17.9,52
"Pagés, Pedro",686780,2024,25,218,7,26.6,6,".238",".376",".281","0.138",".286",".283",32,4.9,40.4,"99.177856111","93.608837639",26.1,51
"Brennan, Will",686823,2024,26,353,8,13.6,5.4,".264",".388",".309","0.124",".303",".306",31.1,4.6,32.5,"97.132881418","92.582691388",18.1,54.8
"Neto, Zach",687263,2024,23,602,23,23.3,6.5,".249",".443",".318","0.194",".330",".319",29,8.4,38.8,"100.130832864","94.28058907",27.1,48.9
"Ortiz, Joey",687401,2024,25,511,11,20.2,11,".239",".398",".329","0.159",".319",".307",26.6,4.7,38.4,"99.391509467","93.766433018",17.1,39.4
"Horwitz, Spencer",687462,2024,26,381,12,18.4,11,".265",".433",".357","0.168",".344",".340",37.4,8,36.6,"98.212716794","93.175509618",19.4,46
"Wisely, Brett",689172,2024,25,272,4,23.9,4.8,".238",".345",".278","0.107",".272",".263",29.7,5.3,31.6,"96.94857663","92.51248388",22.5,49.5
"Keith, Colt",690993,2024,22,556,13,19.8,6.5,".260",".380",".309","0.120",".301",".315",34.6,5.6,35.3,"98.472613627","93.330372181",23.2,48.6
"Soderstrom, Tyler",691016,2024,22,213,9,24.9,9.4,".233",".429",".315","0.196",".322",".351",31.4,14.6,49.6,"102.485036087","95.728140219",30.1,48.7
"Winn, Masyn",691026,2024,22,637,15,17.1,6.4,".267",".416",".314","0.149",".315",".295",33.5,3.7,32.7,"98.144268452","93.085870398",19,47
"Crow-Armstrong, Pete",691718,2024,22,410,10,23.9,5.1,".237",".384",".286","0.147",".289",".286",33.3,7.4,36.8,"98.797836565","93.630440766",29.9,60.7
"Gonzales, Nick",693304,2024,25,387,7,19.1,4.7,".270",".398",".311","0.128",".307",".322",34.1,8,36.9,"98.826293958","93.505191185",24.9,56.2
"Chourio, Jackson",694192,2024,20,573,21,21.1,6.8,".275",".464",".327","0.189",".339",".327",33.2,7.8,44.9,"100.832969557","94.831073407",27.1,48.8
"Schanuel, Nolan",694384,2024,22,607,13,17,11.2,".250",".362",".343","0.112",".315",".322",36.4,3.5,25.4,"95.305191333","91.662606993",14.4,41.8
"Loperfido, Joey",694388,2024,25,262,4,36.3,5,".214",".350",".264","0.136",".268",".256",40.7,4,34.7,"97.968544189","93.030415608",35.4,52.4
"Langford, Wyatt",694671,2024,22,557,16,20.6,9.2,".253",".415",".325","0.162",".321",".332",31.3,9.4,43.4,"101.211098854","94.807365599",22.9,42.8
"Wood, James",695578,2024,21,336,9,28.9,11.6,".264",".427",".354","0.163",".342",".354",31.3,10.7,52,"104.677013333","97.028448782",29.6,38.2
"Goodman, Hunter",696100,2024,24,224,13,28.6,3.6,".190",".417",".228","0.227",".274",".280",32.9,12.8,39.6,"100.1496636","94.135665034",31.5,58
"Young, Jacob",696285,2024,24,521,3,19.6,5.8,".256",".331",".316","0.075",".290",".291",28.1,1.6,28.9,"96.872142235","92.486924676",19.3,44.9
"Merrill, Jackson",701538,2024,21,593,24,17,4.9,".292",".500",".326","0.208",".352",".375",39.6,11.3,43.9,"100.811784978","94.735707484",20.5,56.9
"Lipscomb, Trey",702358,2024,24,211,1,19,7.6,".200",".232",".268","0.032",".231",".271",23,0.7,31.6,"97.923016133","92.984215",25.3,50.8
"Holliday, Jackson",702616,2024,20,208,5,33.2,7.2,".189",".311",".255","0.122",".251",".263",27,8.2,45.1,"100.212039508","94.576202541",34.1,46.1
"Yoshida, Masataka",807799,2024,30,421,10,12.4,6.4,".280",".415",".349","0.135",".336",".327",36.3,5.5,37.5,"99.0909025","93.581912866",14.6,45.4
"McCutchen, Andrew",457705,2025,38,551,13,21.4,12.2,".239",".367",".333","0.128",".309",".333",34.5,8.4,42.5,"100.124243278","94.328514568",26.2,45.6
"Santana, Carlos",467793,2025,39,474,11,19.2,11,".219",".325",".308","0.106",".284",".290",31.1,4.9,37.8,"99.228050732","93.64377436",24.3,45
"Rojas, Miguel",500743,2025,36,317,7,14.5,7.6,".262",".397",".318","0.135",".312",".292",34.4,4.1,31.2,"97.377713277","92.731858692",17.9,44.9
"Pham, Tommy",502054,2025,37,449,10,20.9,11.1,".245",".370",".330","0.125",".308",".318",32.7,6.6,47.2,"102.224109934","95.517309701",22.9,42.7
"Goldschmidt, Paul",502671,2025,37,534,10,18.7,6.7,".274",".403",".328","0.129",".316",".329",36.1,8,43.7,"100.708316256","94.748625913",20.5,47.8
"Altuve, Jose",514888,2025,35,654,26,16.7,8.4,".265",".442",".329","0.177",".331",".300",29.8,6.2,30.9,"97.313797857","92.666821705",20.7,50
"Marte, Starling",516782,2025,36,329,9,20.7,6.7,".270",".410",".335","0.140",".326",".315",32.6,7.9,40.4,"100.870151441","94.586623167",26.4,49.7
"d'Arnaud, Travis",518595,2025,36,231,6,32,5.6,".197",".343",".255","0.146",".263",".269",34.3,11.4,37.9,"99.193355143","93.8755725",31.9,54.2
"Freeman, Freddie",518692,2025,35,627,24,20.4,9.6,".295",".502",".367","0.207",".370",".350",36.7,10.4,45.7,"100.776056343","94.869970093",27.3,51.9
"Stanton, Giancarlo",519317,2025,35,281,24,34.2,10.3,".273",".594",".350","0.321",".395",".354",35.7,22.1,55.2,"107.633614026","98.832539221",37.4,41.4
"Perez, Salvador",521692,2025,35,641,30,19.5,4.4,".236",".446",".284","0.210",".311",".357",35.7,14.8,46.7,"102.06590789","95.318358013",26.9,57.4
"Flores, Wilmer",527038,2025,33,463,16,19,7.3,".241",".379",".307","0.138",".302",".282",35.6,4.8,26.9,"96.048525988","92.028912096",20.8,46.7
"Ozuna, Marcell",542303,2025,34,592,21,24.3,15.9,".232",".400",".355","0.168",".334",".354",35.1,11.5,44.6,"101.322693218","94.957629109",25.8,39.4
"Higashioka, Kyle",543309,2025,35,327,11,22,6.1,".241",".403",".291","0.162",".301",".293",39.1,8.6,39.1,"99.057726983","93.733033983",21.9,45
"Semien, Marcus",543760,2025,34,534,15,17.4,9.4,".230",".364",".305","0.134",".295",".318",35.8,6.8,35,"98.284177358","93.274231455",22.6,49
"Springer, George",543807,2025,35,586,32,18.9,11.8,".309",".560",".399","0.251",".408",".404",41.2,16.2,47.6,"102.436288051","95.608566256",26.1,46.2
"Vázquez, Christian",543877,2025,34,214,3,16.4,8.4,".189",".274",".271","0.085",".248",".271",35.7,3.8,27.4,"95.863345443","91.971705669",16.9,42.7
"Grichuk, Randal",545341,2025,33,293,9,20.8,5.8,".228",".401",".273","0.173",".289",".326",33.6,11.7,49.5,"103.732042243","96.384131636",19.8,48.7
"Trout, Mike",545361,2025,33,556,26,32,15.6,".232",".439",".359","0.207",".343",".358",44.4,15.8,49.3,"103.439903451","96.179463887",29.9,38.8
"Harper, Bryce",547180,2025,32,580,27,20.9,12.1,".261",".487",".357","0.226",".361",".368",37.6,12.3,47.5,"102.783123874","95.800004672",30.7,54.2
"Díaz, Elias",553869,2025,34,282,9,25.9,7.4,".205",".339",".271","0.134",".270",".268",30.1,7.6,38.7,"100.068601667","94.206191006",34.1,51.9
"Suárez, Eugenio",553993,2025,33,657,49,29.8,7,".228",".526",".298","0.298",".347",".320",32.8,14.3,47.6,"101.4773033","95.099828471",33.3,50.4
"Arenado, Nolan",571448,2025,34,436,12,11.2,6.4,".237",".377",".289","0.140",".287",".289",31.5,4,32.6,"97.232838983","92.648981303",17.9,49.1
"Farmer, Kyle",571657,2025,34,300,8,22,5.7,".227",".365",".280","0.138",".282",".285",37.6,6.2,35.2,"97.85606783","93.102847062",21.5,48.5
"Hernández, Enrique",571771,2025,33,256,10,26.6,7,".203",".366",".255","0.163",".268",".287",32.9,9.5,37.6,"99.835463571","94.131469762",29,51.1
"Muncy, Max",571970,2025,34,388,19,21.4,16.5,".243",".470",".376","0.227",".366",".374",37.4,13.6,51.5,"101.909755678","95.532473957",23.5,42.4
"Taylor, Michael A.",572191,2025,34,325,9,33.8,7.1,".200",".366",".259","0.166",".270",".271",37.2,10.5,42.9,"101.676094494","95.232601638",37.7,51.3
"Walker, Christian",572233,2025,34,640,27,27.7,6.3,".238",".421",".297","0.183",".310",".314",34.5,12.9,46.1,"102.499785971","95.668558155",30.5,52.2
"Yastrzemski, Mike",573262,2025,34,558,17,19.4,12.9,".233",".403",".333","0.170",".321",".329",35.6,8.5,42.6,"99.919347541","94.459655315",19,41.8
"Contreras, Willson",575929,2025,33,563,20,25.2,7.8,".257",".447",".344","0.190",".344",".358",37.1,13.9,49,"103.153936457","96.033080457",28.9,48.5
"Iglesias, Jose",578428,2025,35,343,3,16.3,7,".229",".294",".298","0.065",".268",".281",27,2,28.5,"96.076090484","92.044981089",17.8,45
"Castellanos, Nick",592206,2025,33,589,17,22.6,5.4,".250",".400",".294","0.150",".300",".302",39,7.6,34.5,"98.623467608","93.407329952",29.9,58.8
"Judge, Aaron",592450,2025,33,679,53,23.6,18.3,".331",".688",".457","0.357",".463",".457",39.4,24.8,58.2,"106.838113247","98.650676124",34.6,43.7
"Machado, Manny",592518,2025,32,678,27,19.3,8.1,".275",".460",".335","0.185",".341",".354",34.8,12.9,51.5,"103.43453","96.416401779",26.1,50
"Pederson, Joc",592626,2025,33,306,9,21.2,11.1,".181",".328",".285","0.147",".276",".315",28.4,9.5,44.8,"101.989422727","95.472364192",25.2,44.3
"Realmuto, J.T.",592663,2025,34,550,12,23.5,6.4,".257",".384",".315","0.127",".307",".316",36.7,8.8,45.5,"101.254721596","94.894975239",24.3,48.6
"Yelich, Christian",592885,2025,33,644,29,25.9,9.9,".264",".452",".343","0.188",".343",".330",31.2,10.3,46.4,"102.370284187","95.465991975",29.2,45.7
"Bogaerts, Xander",593428,2025,32,552,11,17,8.7,".263",".391",".328","0.128",".313",".327",36.7,6.9,39.2,"100.19021209","94.233073607",21.3,41.9
"Polanco, Jorge",593871,2025,31,524,26,15.6,8,".265",".495",".326","0.230",".350",".343",34.3,10.3,45.8,"101.532444745","95.138197245",23.3,46.3
"Profar, Jurickson",595777,2025,32,371,14,15.9,12.9,".245",".434",".353","0.189",".346",".325",27,7.4,40.3,"99.565421094","94.049759844",16.9,44.7
"Báez, Javier",595879,2025,32,436,12,24.8,2.3,".257",".399",".283","0.142",".294",".271",30.2,5.5,39.9,"99.167878141","93.685508232",30.6,55
"Lindor, Francisco",596019,2025,31,732,31,17.9,8.9,".267",".466",".346","0.199",".350",".345",34.6,8.9,44.4,"100.755824319","94.874493626",20.8,47.7
"Story, Trevor",596115,2025,32,654,25,26.9,5,".263",".433",".308","0.170",".320",".311",32.6,9.9,47,"102.418939954","95.643419306",29.3,54.4
"Kepler, Max",596146,2025,32,474,18,19.6,10.1,".216",".391",".300","0.175",".300",".332",34,11.6,44.7,"100.626033742","94.610328405",23.5,48.1
"Urías, Ramón",602104,2025,31,391,11,22.5,6.9,".241",".384",".292","0.143",".292",".290",33.6,8.1,41.8,"99.727267941","94.199624375",26.2,49.1
"Bell, Josh",605137,2025,32,533,22,16.5,10.7,".237",".417",".325","0.180",".324",".359",33.4,12.1,47,"102.549856474","95.682677968",23.6,47
"Betts, Mookie",605141,2025,32,663,20,10.3,9.2,".258",".406",".326","0.148",".318",".330",37.7,5.5,35.8,"98.069345714","93.262709925",15.3,41.2
"Caratini, Victor",605170,2025,31,386,12,16.8,6,".259",".404",".324","0.145",".318",".329",34.7,7.7,40.7,"100.008528662","94.285292852",19.8,46.6
"Arcia, Orlando",606115,2025,30,214,3,22,4.7,".202",".291",".238","0.089",".233",".236",26.1,2.6,33.8,"98.674542078","93.369533182",24.8,54
"Hernández, Teoscar",606192,2025,32,546,25,24.5,4.8,".247",".454",".284","0.207",".315",".324",34,11.5,46.1,"101.752887801","95.144195209",31.9,50.4
"Marte, Ketel",606466,2025,31,556,28,14.9,11.5,".283",".517",".376","0.234",".381",".390",33,13.5,47,"102.65931603","95.815528287",22.5,45.3
"Nimmo, Brandon",607043,2025,32,652,25,21.6,7.7,".262",".436",".324","0.174",".329",".321",29.7,8.8,50.2,"102.56356141","95.897196556",23.8,47.2
"Turner, Trea",607208,2025,32,639,15,16.7,6.7,".304",".457",".355","0.153",".352",".321",34.7,5.8,42.1,"100.109582645","94.284521756",24.8,51.4
"Ramírez, José",608070,2025,32,673,30,11,9.8,".283",".503",".360","0.220",".359",".342",36.4,7,37,"99.107451103","93.765336362",14.9,46.8
"Bregman, Alex",608324,2025,31,495,18,14.1,10.3,".273",".462",".360","0.189",".356",".337",32.9,6.6,44.4,"99.354701257","94.200430932",15,40.6
"Kelly, Carson",608348,2025,30,421,17,19,10.7,".249",".428",".333","0.179",".332",".321",34.8,9.6,40.3,"99.757056939","94.178120819",20.6,44.9
"Seager, Corey",608369,2025,31,445,21,19.6,13,".271",".487",".373","0.216",".365",".400",34.2,15.3,53.6,"103.909205676","96.729058034",27.9,49.9
"Refsnyder, Rob",608701,2025,34,209,9,25.8,11.5,".269",".484",".354","0.215",".359",".338",34.6,12.3,52.3,"102.333693385","95.943907308",25.3,40.9
"Andujar, Miguel",609280,2025,30,341,10,14.4,5,".318",".470",".352","0.152",".354",".298",31.8,4.7,35.4,"98.982146397","93.528504007",17.8,53.5
"Torrens, Luis",620443,2025,29,283,5,19.8,6.7,".226",".345",".284","0.119",".278",".338",35.9,10.7,48.1,"100.939072718","94.984531902",20.7,49.3
"Swanson, Dansby",621020,2025,31,645,24,26,7.3,".244",".417",".300","0.173",".310",".345",36.9,11.7,47.8,"101.168222972","95.031771415",30.5,50.3
"Correa, Carlos",621043,2025,30,584,13,19.3,7.7,".276",".402",".332","0.126",".322",".338",34.6,6.9,45.9,"102.338902322","95.568245592",22.3,46.4
"Taylor, Tyrone",621438,2025,31,341,2,22.3,4.7,".223",".319",".279","0.096",".264",".298",40.6,3.8,35.1,"98.271444237","93.188807331",22.7,49.1
"Buxton, Byron",621439,2025,31,542,35,27.3,7.6,".264",".551",".327","0.287",".367",".350",32.9,17.7,53.8,"103.649870983","96.632317826",31.3,51.8
"Ward, Taylor",621493,2025,31,663,36,26.4,11.3,".228",".475",".317","0.247",".339",".333",34.9,13.7,42.7,"100.944753902","94.843614171",23.8,37.6
"Olson, Matt",621566,2025,31,724,29,24.3,12.6,".272",".484",".366","0.212",".366",".360",37.1,14.4,53.3,"103.816455133","96.735765819",26.2,45.3
"Santander, Anthony",623993,2025,30,221,6,27.6,11.3,".175",".294",".271","0.119",".255",".265",27.6,4.5,41,"100.252058507","94.331401567",24.5,48.5
"Alonso, Pete",624413,2025,30,709,38,22.8,8.6,".272",".524",".347","0.252",".368",".386",38.4,18.9,54.4,"105.076411532","97.45647",25.6,46.3
"Conforto, Michael",624424,2025,32,486,12,24.9,11.5,".199",".333",".305","0.134",".287",".330",34.3,9.7,44,"100.8879832","94.86054311",24.9,45.1
"Frazier, Adam",624428,2025,33,459,7,17.6,5.7,".267",".365",".319","0.098",".300",".279",39.5,2,20.6,"94.597659294","91.299166588",19.7,51.3
"Trevino, Jose",624431,2025,32,302,4,12.9,5,".238",".351",".272","0.113",".271",".278",29,4.5,40.7,"99.163307459","93.735879959",18.4,46.6
"Soler, Jorge",624585,2025,33,315,12,29.8,8.9,".215",".387",".293","0.172",".298",".294",31.9,12.8,42,"101.751590213","95.016723457",30.1,44.5
"Sosa, Edmundo",624641,2025,29,261,11,21.5,3.8,".276",".469",".307","0.193",".332",".290",35.4,6.3,38,"99.677737979","93.987724064",25.7,57.1
"Cronenworth, Jake",630105,2025,31,515,11,20.8,13.4,".246",".377",".367","0.131",".333",".319",31.9,6.2,39,"99.15448481","93.790989905",18.8,42.7
"Bauers, Jake",641343,2025,29,218,7,27.1,14.7,".235",".399",".353","0.164",".333",".354",36,13.7,45.6,"102.321269516","95.787091138",26.4,43.1
"Bellinger, Cody",641355,2025,29,656,29,13.7,8.7,".272",".480",".334","0.208",".347",".323",37.1,7.5,37.9,"98.690370317","93.444149405",18.1,48.3
"Crawford, J.P.",641487,2025,30,654,12,18.7,11.3,".265",".370",".352","0.105",".322",".328",40,4.9,34.7,"98.225449369","93.184882725",20.4,45.1
"Fraley, Jake",641584,2025,30,217,6,22.6,11.5,".241",".382",".332","0.141",".316",".315",39.4,5,34.5,"98.280407465","93.180021915",24.2,47
"Garver, Mitch",641598,2025,34,290,9,27.6,10.3,".209",".343",".297","0.134",".284",".298",31.1,7.9,46.9,"100.635150112","94.896484576",30.7,40.8
"Heim, Jonah",641680,2025,30,433,11,20.3,7.4,".213",".332",".271","0.119",".266",".276",33.3,6.1,35.9,"98.278415548","93.298205016",24.2,49.7
"McMahon, Ryan",641857,2025,30,586,20,32.3,11.9,".214",".381",".312","0.167",".306",".322",35.3,12.1,50.5,"102.856311911","96.350240575",35.2,45.4
"O'Neill, Tyler",641933,2025,30,209,9,24.4,10.5,".199",".392",".292","0.193",".297",".360",34.6,16.5,39.1,"100.510865075","94.485570376",31.4,47.4
"Smith, Dominic",642086,2025,30,225,5,18.7,6.7,".284",".417",".333","0.133",".325",".306",39.2,4.2,35.5,"97.948953012","93.092219394",22.2,49.4
"Tellez, Rowdy",642133,2025,30,312,17,26.6,5.4,".228",".443",".276","0.215",".307",".328",36.8,15.3,46.4,"102.566534381","95.772612919",28.1,44.9
"White, Eli",642201,2025,31,271,10,25.8,4.1,".234",".406",".270","0.172",".290",".310",34.6,9.1,40.4,"100.120268901","94.122021978",26.2,52.9
"Adames, Willy",642715,2025,29,686,30,26.1,11.7,".225",".421",".318","0.196",".321",".327",35.6,12.6,42.8,"99.897786476","94.18327716",29.2,46.7
"Benintendi, Andrew",643217,2025,30,470,20,17.4,8.5,".240",".431",".307","0.191",".317",".317",35.8,11.1,36.9,"98.278448655","93.238830702",24.5,50.3
"Dubón, Mauricio",643289,2025,30,398,7,10.6,6,".241",".355",".289","0.114",".283",".278",31.7,1.2,26.3,"95.584607","91.821087031",15.8,54.2
"Jansen, Danny",643376,2025,30,337,14,25.5,12.5,".215",".399",".321","0.184",".318",".300",35.6,8.8,39,"98.68086","93.598515665",24,43.2
"Kiner-Falefa, Isiah",643396,2025,30,459,2,16.8,3.7,".262",".334",".297","0.072",".279",".262",29.7,1.4,27.5,"95.949940457","91.999728395",15.1,49.1
"McNeil, Jeff",643446,2025,33,462,12,11.9,10.6,".243",".411",".335","0.168",".324",".330",38.9,5.1,32.9,"97.362971437","92.810539654",16.6,52.9
"Tauchman, Mike",643565,2025,34,385,9,22.3,11.7,".263",".400",".356","0.137",".335",".321",35.6,6.8,38.8,"99.55421704","93.9989049",24.3,46.8
"Albies, Ozzie",645277,2025,28,667,16,14.1,8.2,".240",".365",".306","0.125",".295",".299",33.5,4.9,30.7,"96.947639144","92.546234163",20.8,54.1
"Herrera, Jose",645444,2025,28,204,2,23,11.3,".187",".259",".285","0.072",".251",".237",30.8,0.8,22.6,"94.05191082","91.19759124",21.1,38.8
"Devers, Rafael",646240,2025,28,729,35,26.3,15.4,".252",".479",".372","0.227",".365",".367",34.6,16,56.1,"104.005280383","97.028150813",31.6,47.2
"Naylor, Josh",647304,2025,28,604,20,13.7,7.9,".295",".462",".353","0.167",".351",".332",30.8,6.7,41.9,"100.123963879","94.317973693",22.1,53.9
"Toro, Abraham",647351,2025,28,284,7,14.8,4.9,".239",".371",".289","0.132",".286",".302",32,4.5,34.2,"97.83336","92.947994955",20.4,49.6
"Urías, Luis",649966,2025,28,330,8,13.6,9.4,".230",".338",".315","0.108",".293",".300",30.6,3.7,30.2,"96.770464065","92.415126898",13.3,42.2
"Arraez, Luis",650333,2025,28,675,8,3.1,5,".292",".392",".327","0.100",".313",".303",37.1,1.1,16.7,"93.590259064","90.800701323",5.3,49.4
"Torres, Gleyber",650402,2025,28,628,16,16.1,13.5,".256",".387",".358","0.131",".332",".363",38.6,8.2,39,"99.951681689","94.284674897",19.5,40.8
"Castro, Willi",650489,2025,28,454,11,24.4,8.8,".226",".366",".313","0.140",".302",".306",36.6,6.5,37.3,"99.398738493","93.724594674",28.2,52.4
"Díaz, Yandy",650490,2025,33,651,25,14.1,8.8,".300",".482",".366","0.182",".364",".354",29.2,8.3,52.5,"104.837007886","97.11235376",17.9,44.4
"Rengifo, Luis",650859,2025,28,541,9,19.2,6.1,".238",".335",".287","0.097",".275",".302",34.7,5,32.7,"97.798023081","92.967555404",21.9,51.6
"Adams, Riley",656180,2025,29,286,8,38.5,6.3,".186",".308",".252","0.122",".250",".275",31.4,10.5,52.3,"103.494352237","96.418372697",34.6,48.3
"Chapman, Matt",656305,2025,32,535,21,23.6,13.3,".231",".430",".340","0.199",".336",".340",34,9.9,47.6,"102.936609458","95.951665392",25.3,42.4
"Hoskins, Rhys",656555,2025,32,328,12,27.7,11.6,".237",".416",".332","0.179",".324",".314",39.7,10.3,46.4,"100.047500722","94.368500412",27.6,40.4
"McKinstry, Zach",656716,2025,30,511,12,21.7,9,".259",".438",".333","0.179",".333",".305",41.2,6.1,30.5,"96.985648092","92.494690578",22.8,46.7
"Mullins, Cedric",656775,2025,30,498,17,24.1,10,".216",".391",".299","0.175",".302",".282",32.7,6.2,35.9,"98.760333806","93.525071065",23.1,48.3
"O'Hearn, Ryan",656811,2025,31,544,17,20,10.7,".281",".437",".366","0.156",".349",".340",38.2,7.6,42.5,"99.566357446","94.072133569",23.3,46.8
"Schwarber, Kyle",656941,2025,32,724,56,27.2,14.9,".240",".563",".365","0.323",".391",".401",35.3,20.8,59.6,"105.678659216","98.063659265",33.1,41.8
"Smith, Pavin",656976,2025,29,288,8,31.9,14.2,".258",".434",".362","0.176",".348",".319",37,11.7,46.1,"100.556484935","94.576743052",31.8,40.6
"Verdugo, Alex",657077,2025,29,213,0,14.6,6.6,".239",".289",".296","0.050",".264",".306",34.9,3,42.8,"99.887519759","94.267966303",14.4,38.6
"DeJong, Paul",657557,2025,31,208,6,33.7,5.3,".228",".373",".269","0.145",".278",".259",37.3,10.3,39.7,"99.616800317","93.875351032",33.2,57.2
"Laureano, Ramón",657656,2025,30,488,24,24.4,7.2,".281",".512",".342","0.231",".364",".362",37.1,13.9,49.1,"102.249268272","95.596059444",27.4,47.7
"Sheets, Gavin",657757,2025,29,545,19,19.6,8.1,".252",".429",".317","0.177",".323",".340",38.8,9.6,46.5,"101.199157732","94.955729845",23,44.7
"Moncada, Yoán",660162,2025,30,289,12,26,11.1,".234",".448",".336","0.214",".339",".325",37.1,14.3,43.4,"101.202542614","94.864336514",31.4,44.9
"Ohtani, Shohei",660271,2025,30,727,55,25.7,15,".282",".622",".392","0.340",".418",".425",35.9,23.5,58.7,"106.126015352","98.277186118",33.4,45
"Acuña Jr., Ronald",660670,2025,27,412,21,24.8,17.2,".290",".518",".417","0.228",".403",".397",30.9,15.7,52.5,"105.047340254","97.260763686",30.3,46.2
"Ruiz, Keibert",660688,2025,26,267,2,9.7,3,".247",".318",".277","0.071",".262",".287",31.3,2.2,30.9,"96.142920957","92.090094629",12.8,52.8
"Sánchez, Jesús",660821,2025,27,497,14,22.1,8.5,".237",".395",".304","0.158",".304",".323",30.3,11.1,43.4,"102.78171462","95.681017749",25.9,49.2
"Contreras, William",661388,2025,27,659,17,18.2,12.7,".260",".399",".355","0.139",".332",".328",31.6,6.4,48.5,"102.570622124","95.839705166",24.2,46.5
"Varsho, Daulton",662139,2025,28,271,20,28.4,6.3,".238",".548",".284","0.310",".345",".327",36.9,15.9,40.3,"101.929371512","95.29886564",29.8,54.8
"Nootbaar, Lars",663457,2025,27,583,13,20.4,11,".234",".361",".325","0.127",".304",".317",33,10.2,50,"101.938818418","95.520290383",20.9,39.4
"Hoerner, Nico",663538,2025,28,649,7,7.6,6,".297",".394",".345","0.097",".324",".322",36.1,2.4,30.3,"96.704418551","92.414274628",11.2,48.8
"Riley, Austin",663586,2025,28,447,16,28.6,6,".260",".428",".309","0.168",".318",".330",37,15.2,50.2,"104.205844276","96.625096678",29.5,51
"Larnach, Trevor",663616,2025,28,567,17,21.5,9.3,".250",".404",".323","0.154",".317",".318",34.9,7.2,45.7,"101.351578402","95.134984031",29.8,44.5
"Mountcastle, Ryan",663624,2025,28,357,7,27.5,4.2,".250",".367",".286","0.117",".284",".313",37.5,11.7,47.1,"101.733937167","95.313543167",32,57.5
"Hayes, Ke'Bryan",663647,2025,28,570,5,19.5,6.3,".235",".306",".290","0.071",".266",".282",30.6,4.6,42.5,"99.789439561","94.118686822",19.9,44.1
"Tucker, Kyle",663656,2025,28,597,22,14.7,14.6,".266",".464",".377","0.198",".363",".372",37.5,10.8,40.4,"99.768677067","94.192831928",20.2,45.2
"India, Jonathan",663697,2025,28,567,9,18.7,9.5,".233",".346",".323","0.113",".301",".314",33,5.8,36.8,"99.096462296","93.637694783",19.9,40.3
"Bart, Joey",663698,2025,28,332,4,28,12,".249",".340",".355","0.091",".317",".318",35.9,10.4,43.2,"101.710723021","95.09948901",28,40.3
"Raleigh, Cal",663728,2025,28,705,60,26.7,13.8,".247",".589",".359","0.342",".392",".371",35.3,19.5,49.6,"103.037930049","96.182622409",31.5,51.7
"Fortes, Nick",663743,2025,28,242,5,19.4,5.8,".229",".349",".296","0.120",".286",".270",29.9,4.6,37.9,"99.24272869","93.641201726",18.9,47.5
"Grisham, Trent",663757,2025,28,581,34,23.6,14.1,".235",".464",".348","0.229",".353",".370",34.6,14.2,46.4,"101.23838764","95.167728169",22.7,38.9
"Gonzalez, Romy",663853,2025,28,341,9,23.8,5.3,".305",".483",".343","0.178",".352",".344",33.5,12.6,57.3,"104.23239437","97.196095588",29.3,54
"Stephenson, Tyler",663886,2025,28,342,13,33.9,10.8,".231",".421",".316","0.190",".319",".311",42.2,14.5,49.2,"100.887212903","94.951515484",30.6,43.6
"Mangum, Jake",663968,2025,29,428,3,15,4.4,".296",".368",".330","0.072",".307",".276",26.5,2.7,33.4,"97.795184639","92.979726627",18.9,62.1
"Lowe, Nathaniel",663993,2025,29,609,18,26.1,10.2,".228",".381",".307","0.153",".301",".303",33.4,7,41.5,"100.389231563","94.465033629",24.7,44.6
"Happ, Ian",664023,2025,30,663,23,22.8,13.1,".243",".420",".342","0.177",".333",".354",35.7,10.4,44.4,"101.384139763","95.030374418",24.6,43.5
"France, Ty",664034,2025,30,490,7,16.9,4.5,".257",".360",".320","0.103",".302",".328",35.2,7.7,44.2,"100.76941467","94.788930523",21.3,51.8
"Lowe, Brandon",664040,2025,30,553,31,26.9,6.9,".256",".477",".307","0.221",".334",".335",37.6,13,46.6,"101.991060221","95.474542762",33.4,55.5
"Bader, Harrison",664056,2025,31,501,17,27.1,7.8,".277",".449",".347","0.172",".346",".297",33,10.2,40.3,"100.565887134","94.337735112",29,47.9
"Moore, Dylan",664238,2025,32,243,11,33.7,8.2,".201",".374",".267","0.173",".280",".262",34.3,8.6,34.3,"97.881551857","92.946941714",33.3,48.7
"Straw, Myles",664702,2025,30,299,4,16.7,6.4,".262",".367",".313","0.105",".299",".295",36.2,3.9,27.1,"96.079168692","92.074034626",17.3,47
"Isbel, Kyle",664728,2025,28,409,4,18.1,5.6,".255",".353",".301","0.098",".287",".251",26.5,1.6,36.1,"99.661835734","93.907481368",18.2,46.5
"Bohm, Alec",664761,2025,28,504,11,16.3,5.8,".287",".409",".331","0.122",".322",".324",35.6,6.2,46.4,"100.707635803","94.852393109",14.6,48.2
"Lukes, Nathan",664770,2025,30,438,12,13.7,8.7,".255",".407",".323","0.152",".317",".315",30.8,4.8,37,"98.285858221","93.26684546",14,48.9
"Wade Jr., LaMonte",664774,2025,31,242,2,24,11.2,".167",".254",".271","0.087",".241",".281",33.8,4.5,31.8,"98.244666579","93.396152434",22.8,40.9
"McCarthy, Jake",664983,2025,27,222,4,18,4.5,".204",".345",".247","0.141",".256",".286",28.2,5.3,27.6,"96.21972175","92.14488327",21.1,49.4
"Clemens, Kody",665019,2025,29,386,19,24.1,7.5,".213",".434",".281","0.221",".307",".331",35.9,12,48.3,"102.245098819","95.890658268",23.9,48.4
"Peña, Jeremy",665161,2025,27,543,17,17.1,6.4,".304",".477",".363","0.173",".363",".334",30,8.2,42.9,"100.3500578","94.382263083",27.1,51
"Tatis Jr., Fernando",665487,2025,26,691,25,18.7,12.9,".268",".446",".368","0.178",".353",".370",28.9,11,51.8,"103.844166724","96.718358423",27,45.9
"Guerrero Jr., Vladimir",665489,2025,26,680,23,13.8,11.9,".292",".467",".381","0.175",".366",".384",33.7,12.2,50.7,"104.847490968","96.922139153",21.5,42.2
"Soto, Juan",665742,2025,26,715,43,19.2,17.8,".263",".525",".396","0.262",".390",".429",32.9,18.2,55.3,"104.539509412","97.232619389",22.4,35.5
"Cruz, Oneil",665833,2025,26,544,20,32,11.8,".200",".378",".298","0.178",".295",".324",31.5,18,56.6,"107.307978467","98.8072552",34,41.6
"Chisholm Jr., Jazz",665862,2025,27,531,31,27.9,10.9,".242",".481",".332","0.239",".349",".345",32.6,15,43.3,"100.93875057","94.67092819",32.2,47.1
"Giménez, Andrés",665926,2025,26,369,7,17.9,6.8,".210",".313",".285","0.103",".269",".308",32.6,3,27.7,"96.602269237","92.349003755",23.8,51.9
"Narváez, Carlos",665966,2025,26,446,15,24.9,8.5,".241",".419",".306","0.178",".315",".293",30.4,9.1,44.6,"101.53825034","95.342193367",27.7,48.9
"Aranda, Jonathan",666018,2025,27,422,14,25.4,9.7,".316",".489",".393","0.173",".381",".382",42.1,12.9,54.5,"102.687689924","96.267280418",24.9,48.6
"Fermin, Freddy",666023,2025,30,348,5,19,5.5,".250",".338",".296","0.088",".280",".270",28.7,4.2,34.1,"98.499082764","93.418854228",23.6,53.4
"Jones, Nolan",666134,2025,27,403,5,28,9.7,".211",".304",".296","0.093",".270",".300",35.8,8.6,46.7,"101.479686667","95.273598792",27.9,46.4
"Lowe, Josh",666139,2025,27,435,11,25.1,7.6,".220",".366",".283","0.146",".284",".294",34.5,5.9,39.6,"99.41732007","93.945724064",28,54.5
"Fitzgerald, Tyler",666149,2025,27,243,4,28.8,7,".217",".327",".278","0.110",".269",".242",30.5,4.5,27.9,"96.267063288","92.142678904",31.2,52.6
"Lux, Gavin",666158,2025,27,503,5,22.7,11.1,".269",".374",".350","0.105",".322",".299",38.1,3.6,36.9,"97.799033473","93.010295676",21.6,42.7
"Moniak, Mickey",666160,2025,27,461,24,23.9,4.8,".270",".518",".306","0.248",".348",".335",37.6,13.8,45.3,"101.40795773","95.080857415",28.2,56.5
"Adell, Jo",666176,2025,26,573,37,26.4,5.8,".236",".485",".293","0.249",".333",".365",35.1,17.3,50,"104.215712606","96.547484587",28.5,52.6
"Benson, Will",666181,2025,27,253,12,26.5,6.3,".226",".435",".273","0.209",".298",".342",37.3,15.4,53.8,"102.907826588","96.242418757",34.4,52.9
"Bichette, Bo",666182,2025,27,628,18,14.5,6.4,".311",".483",".357","0.172",".361",".353",37.9,7.9,48.8,"101.819073862","95.502667967",18.4,53.1
"Carlson, Dylan",666185,2025,26,241,6,22.4,8.7,".203",".336",".278","0.133",".273",".285",34.8,6.7,30.5,"97.553371852","92.871209136",22.9,45.2
"Naylor, Bo",666310,2025,25,414,14,23.9,10.9,".195",".379",".282","0.184",".289",".292",36.8,9.7,38.3,"99.633649773","94.100167452",22,47.1
"Julien, Edouard",666397,2025,26,208,3,29.3,10.6,".220",".324",".309","0.104",".286",".329",39,12.2,42.3,"100.268172787","94.521132377",26.1,40.3
"Morel, Christopher",666624,2025,26,305,11,35.7,8.2,".219",".396",".289","0.177",".299",".304",33.7,14.8,49.7,"103.283549405","96.313953036",38.9,53.8
"García, Adolis",666969,2025,32,547,19,24.7,5.1,".227",".394",".271","0.167",".286",".304",33.2,11.6,46.7,"101.875197354","95.57270172",30.3,52.2
"Gurriel Jr., Lourdes",666971,2025,31,546,19,13.9,5.7,".248",".418",".295","0.170",".307",".315",37.4,7.2,38.3,"99.058751759","93.630561528",20.2,52.3
"Myers, Dane",667472,2025,29,333,6,23.1,6.9,".235",".326",".291","0.091",".275",".305",34.6,7.8,42,"99.818160261","94.250510655",23.7,45
"Rooker, Brent",667670,2025,30,699,30,22.2,9.3,".262",".479",".335","0.217",".349",".351",39.7,13.7,44.8,"101.348762785","95.08004389",30.8,50
"Arozarena, Randy",668227,2025,30,709,27,26.9,9,".238",".426",".334","0.188",".332",".327",32.6,11.5,50.6,"102.490457934","95.926660471",29.7,44
"Bleday, JJ",668709,2025,27,344,14,26.5,10.5,".212",".404",".294","0.192",".302",".276",29.5,7.8,38.7,"99.544634679","93.986993226",29.8,44.7
"Steer, Spencer",668715,2025,27,568,21,22.7,9,".238",".411",".312","0.173",".316",".293",34.2,7.6,33.2,"97.843391958","93.000497056",25,48
"Reynolds, Bryan",668804,2025,30,654,16,26.5,8.7,".245",".402",".318","0.157",".315",".338",38.4,10.1,46,"101.932535192","95.465817885",29.4,49.6
"Vientos, Mark",668901,2025,25,463,17,24.8,6.5,".233",".413",".289","0.180",".303",".320",33.5,11.5,50.5,"101.904334459","95.670780607",32.5,51.9
"Lewis, Royce",668904,2025,26,403,13,19.9,6.2,".237",".388",".283","0.151",".292",".297",33.2,8.7,40.3,"100.418670671","94.408310906",26.7,51
"Turang, Brice",668930,2025,25,659,18,22.8,10,".288",".435",".359","0.147",".346",".335",35.1,8,47.4,"100.614785374","94.892922904",21,44.3
"Rutschman, Adley",668939,2025,27,365,9,15.6,11,".220",".366",".307","0.146",".298",".325",33.7,7.5,38.6,"99.370985821","93.966094082",14.5,40.6
"Rojas, Josh",668942,2025,31,211,2,22.7,9,".180",".259",".252","0.079",".232",".263",30.6,3.5,36.8,"98.368843714","93.541469143",23.1,46.2
"Marsh, Brandon",669016,2025,27,425,11,25.9,8.9,".280",".443",".342","0.163",".339",".330",39.1,8.4,46.4,"100.6056675","94.960470849",23.2,47.1
"Stowers, Kyle",669065,2025,27,457,25,27.4,10.5,".288",".544",".368","0.256",".386",".375",38,19.1,52,"103.093111727","96.214876787",32.5,54
"Langeliers, Shea",669127,2025,27,522,31,19.5,6.9,".277",".537",".326","0.260",".365",".329",33.4,11.3,44.9,"102.509663298","95.562115",25.1,52.4
"Murphy, Sean",669221,2025,30,337,16,31.2,10.4,".199",".409",".300","0.210",".309",".314",30.2,13.4,43.1,"102.033985426","95.22279861",32.3,47.9
"Wells, Austin",669224,2025,25,448,21,26.3,6.7,".219",".436",".275","0.217",".302",".291",33,10.2,45.2,"101.709094658","95.230029897",27.4,50.7
"Edman, Tommy",669242,2025,30,377,13,16.2,5,".225",".382",".274","0.157",".284",".321",33.3,4.5,39.9,"99.368114861","93.911672648",19.8,48
"Smith, Will",669257,2025,30,436,17,20.4,14.7,".296",".497",".404","0.201",".389",".378",41.7,12.2,47.1,"101.332929281","95.105303022",22.2,38.8
"Espinal, Santiago",669289,2025,30,328,0,11.6,6.4,".243",".282",".292","0.039",".259",".254",31.3,0.7,25.7,"95.861426183","91.96218977",14.1,45.2
"Gorman, Nolan",669357,2025,25,402,14,33.8,11.7,".205",".370",".296","0.165",".292",".296",39.3,9.2,41.1,"100.473005926","94.520283241",34.6,47.4
"Edwards, Xavier",669364,2025,25,619,3,14.2,7.9,".283",".353",".343","0.070",".308",".295",33.6,0.8,29.4,"96.768424561","92.424991053",12.2,49
"Burger, Jake",669394,2025,29,376,16,24.7,3.2,".236",".419",".269","0.183",".295",".324",33.5,13.9,48.5,"103.175129323","95.834832632",29.2,55.1
"Allen, Nick",669397,2025,26,416,0,23.8,7.5,".221",".251",".284","0.030",".245",".252",29.3,0,21.6,"94.907320963","91.457467333",21.5,48.4
"Schmitt, Casey",669477,2025,26,348,12,23.9,7.8,".237",".401",".305","0.164",".307",".328",40.3,9,43.8,"100.706954224","94.593324009",25.8,51.6
"Smith, Josh",669701,2025,27,563,10,17.8,9.8,".251",".366",".335","0.115",".311",".310",33.8,5,31.1,"97.379499592","92.713932653",19.6,45.5
"Triolo, Jared",669707,2025,27,376,7,20.2,10.4,".227",".356",".311","0.129",".296",".310",34.4,6.2,38.2,"99.337682857","93.864443413",24,47.2
"Hays, Austin",669720,2025,29,416,15,25.7,7,".266",".453",".315","0.187",".327",".300",31.9,10.5,38.4,"99.434684493","93.863333745",31.4,52
"Call, Alex",669743,2025,30,322,5,17.1,11.2,".267",".385",".361","0.118",".331",".321",32.4,4.5,28.9,"97.303531852","92.783138698",19.2,38.5
"Toglia, Michael",669911,2025,26,337,11,39.2,8.3,".190",".353",".258","0.163",".265",".271",38.1,10.4,43.2,"100.796186437","94.757682428",37.3,48.9
"Raley, Luke",670042,2025,30,219,4,29.2,8.7,".202",".311",".319","0.109",".291",".312",31.7,10.6,42.3,"101.481510339","95.137145897",40.8,53.9
"Misner, Kameron",670224,2025,27,217,5,31.8,7.4,".213",".345",".273","0.132",".272",".250",27.5,5.3,29.8,"98.404901875","93.313993858",34.4,47.3
"Wallner, Matt",670242,2025,27,392,22,29.1,11.7,".202",".464",".311","0.262",".334",".325",33.9,13.9,45.5,"102.7851575","95.761244395",35.5,50.5
"Paredes, Isaac",670623,2025,26,438,20,17.4,11.4,".254",".458",".352","0.204",".353",".320",37.2,6.3,33.6,"97.968035894","93.068434007",16.4,40.9
"Walls, Taylor",670764,2025,28,317,4,22.1,8.2,".220",".319",".280","0.099",".265",".261",33.5,3.2,26.4,"96.119638571","92.100255905",20.3,45.9
"Friedl, TJ",670770,2025,29,685,14,16.8,11.8,".261",".378",".364","0.117",".333",".300",33.4,2.7,32.1,"97.485236416","92.822655233",17.5,39.2
"Herrera, Iván",671056,2025,25,452,19,18.6,9.5,".284",".464",".373","0.180",".365",".371",33.8,11.1,47.7,"102.882753464","95.975006557",23.3,45.1
"Ramos, Heliot",671218,2025,25,695,21,22.7,7.5,".256",".400",".328","0.144",".319",".320",32.5,8.8,47.4,"102.515755862","95.752323082",25.3,47.8
"Waters, Drew",671221,2025,26,219,1,27.4,5,".243",".316",".288","0.073",".268",".265",35.6,4.1,28.8,"97.434472083","92.746290972",30.3,56.5
"García Jr., Luis",671277,2025,25,526,16,16,5.1,".252",".412",".289","0.160",".300",".339",33.7,9,45.8,"100.772844709","94.823697591",21.7,53.9
"Freeman, Tyler",671289,2025,26,428,2,11.9,7.9,".281",".361",".354","0.080",".319",".325",30.7,2.1,40.4,"99.694809259","94.1276813",12.5,46.1
"Butler, Lawrence",671732,2025,24,630,21,28.4,9.4,".234",".404",".306","0.170",".310",".305",34.4,9.2,44.4,"102.147176546","95.442891289",32.9,47
"Harris II, Michael",671739,2025,24,641,20,20,2.5,".249",".409",".268","0.160",".289",".315",29.6,9.1,43.4,"103.013806132","95.674311175",24.4,57
"Bailey, Patrick",672275,2025,26,452,6,29.4,6.6,".222",".325",".277","0.103",".265",".264",35.3,5.6,36.4,"98.882488071","93.543761039",28.6,49.4
"Arias, Gabriel",672356,2025,25,471,11,34.4,5.7,".220",".363",".274","0.143",".278",".286",33.8,11.3,43.3,"102.355979412","95.517852978",40.5,57.3
"Kirk, Alejandro",672386,2025,26,506,15,11.7,9.5,".282",".421",".348","0.139",".334",".359",34.4,10.1,50.8,"102.169605025","95.726454811",18.5,47.2
"Moreno, Gabriel",672515,2025,25,309,9,17.2,9.4,".285",".433",".353","0.148",".340",".346",39.8,7.1,43.4,"99.634329735","94.171203067",18,44
"Garcia, Maikel",672580,2025,25,666,16,12.6,9.3,".286",".449",".351","0.163",".347",".335",34.5,5.6,45.1,"101.342001641","95.068685362",15,40.1
"Lopez, Otto",672640,2025,26,594,15,13.8,7.4,".246",".368",".305","0.122",".295",".330",32.5,7.1,38.3,"99.900867489","94.042562749",18.9,46.3
"Perdomo, Geraldo",672695,2025,25,720,20,11.5,13.1,".290",".462",".389","0.172",".370",".356",36.2,6.2,31.9,"97.403040156","92.774457856",12,39.7
"Peraza, Oswald",672724,2025,25,265,5,30.2,6.4,".164",".250",".223","0.086",".214",".248",29.7,6.7,38.8,"100.200491975","94.259031543",33.3,52.9
"Canario, Alexander",672744,2025,25,234,6,34.2,7.3,".218",".338",".274","0.120",".270",".295",35.8,12.4,43.8,"101.464192464","94.871333139",39,53.4
"Pérez, Wenceel",672761,2025,25,383,13,22.7,8.1,".244",".430",".308","0.186",".318",".310",37.8,8.8,40.1,"99.315106565","93.97487416",26,49.3
"Sosa, Lenyn",672820,2025,25,544,22,23.3,3.3,".264",".434",".293","0.170",".313",".326",39.2,10.4,43.8,"100.914668265","94.870690765",23.5,51
"Diaz, Yainer",673237,2025,26,567,20,16.8,3.5,".256",".417",".284","0.161",".300",".326",34.9,9.6,42.2,"100.97744942","94.706836942",23.4,59.5
"Robert Jr., Luis",673357,2025,27,431,14,26,9.3,".223",".364",".297","0.141",".289",".321",34.7,10.3,41.6,"101.308583088","94.893475424",31.7,53.3
"Suzuki, Seiya",673548,2025,30,651,32,25.2,10.9,".245",".478",".326","0.233",".343",".352",40.2,16.6,48.7,"102.931278798","95.890233373",23.9,40.6
"Jung, Josh",673962,2025,27,511,14,25.2,5.3,".251",".390",".294","0.139",".298",".304",39.4,8.3,46.7,"100.8140564","94.816045657",25.4,51.1
"Westburg, Jordan",676059,2025,26,352,17,22.7,4.8,".265",".457",".313","0.192",".332",".328",30.1,11.2,43.4,"101.28897176","94.91639",29.4,50.2
"Clement, Ernie",676391,2025,29,588,9,10.4,4.6,".277",".398",".313","0.121",".308",".289",37.1,2.4,26,"95.998970369","92.037389446",14.5,53.8
"Burleson, Alec",676475,2025,26,546,18,14.5,7.1,".290",".459",".343","0.169",".346",".345",34,9.5,43,"101.386484258","95.130209592",17.9,49.3
"Wagaman, Eric",676572,2025,27,514,9,19.5,6.2,".250",".378",".296","0.128",".293",".315",34.4,6.8,46.5,"102.304067053","95.484613553",24.2,45.2
"Caballero, José",676609,2025,28,370,5,26.5,12.7,".236",".347",".339","0.111",".309",".296",36.5,5.9,30.6,"97.838589423","92.958973317",26.7,45
"Meyers, Jake",676694,2025,29,381,3,17.6,8.1,".292",".373",".354","0.081",".323",".325",34.6,5,38.9,"99.285411377","93.81484913",21.2,47.2
"Schneider, Davis",676914,2025,26,227,11,26.4,15.9,".234",".436",".361","0.202",".351",".323",27.9,14,41.1,"100.329632154","94.696231395",28.5,42.7
"Rocchio, Brayan",677587,2025,24,383,5,20.1,5.7,".233",".340",".290","0.107",".278",".295",33.3,3.3,35.5,"98.267840896","93.292344494",24,51.4
"Rodríguez, Julio",677594,2025,24,710,32,21.4,6.2,".267",".474",".324","0.207",".341",".344",31.5,9.8,48,"103.7115726","96.24062626",28.2,55.4
"Duran, Ezequiel",677649,2025,26,219,0,25.1,3.7,".224",".293",".266","0.069",".249",".247",30.3,2.6,30.9,"97.791035753","92.897366027",24.4,54.3
"Abreu, Wilyer",677800,2025,26,417,22,24.2,9.6,".247",".469",".317","0.222",".334",".335",31.9,12.3,44.9,"102.379878333","95.549366836",24,52.1
"Alexander, Blaze",677942,2025,26,266,7,32.3,8.3,".230",".383",".323","0.153",".313",".303",35.8,12.8,43.2,"100.976531667","94.769820208",31,47.4
"Thomas, Alek",677950,2025,25,469,9,26,4.5,".249",".370",".289","0.121",".287",".289",27.7,7.8,39.3,"100.704408917","94.569621821",28.7,52.9
"Witt Jr., Bobby",677951,2025,25,687,23,18.2,7.1,".295",".501",".351","0.206",".360",".365",35.4,12.5,48.5,"103.906232271","96.610542829",23.9,51.1
"Meadows, Parker",678009,2025,25,213,4,26.3,9.9,".215",".330",".291","0.115",".277",".291",36,5.2,30.9,"97.783717273","92.930370153",28.8,44.5
"Vargas, Miguel",678246,2025,25,569,16,17.6,9.8,".234",".401",".316","0.167",".314",".319",36.6,9.4,40.5,"99.545761182","94.110815049",20.6,46.2
"Mead, Curtis",678554,2025,24,264,3,23.9,5.7,".233",".321",".299","0.088",".278",".291",33.7,4.5,34.8,"98.795073295","93.488545114",21.1,48
"Tovar, Ezequiel",678662,2025,23,390,9,25.1,5.4,".253",".400",".294","0.147",".301",".319",43.7,9.3,38.9,"100.45095771","94.346705534",31.4,60.7
"Rafaela, Ceddanne",678882,2025,24,587,16,19.9,4.8,".249",".414",".295","0.165",".307",".305",32.3,9.2,38.7,"99.637036837","93.97214993",26.8,58.9
"Torkelson, Spencer",679529,2025,25,649,31,26,11.1,".240",".456",".333","0.216",".339",".334",39.3,13.5,45.1,"100.7921562","94.776285589",26.9,44.6
"Schuemann, Max",680474,2025,28,213,2,16.4,10.3,".197",".273",".295","0.076",".262",".297",34.9,2.6,32.9,"97.241612703","92.809173741",24.4,45.5
"McLain, Matt",680574,2025,25,577,15,28.9,9.5,".220",".343",".300","0.123",".286",".291",34,7.8,40.7,"99.170988588","93.766255706",28.5,43.2
"Barger, Addison",680718,2025,25,502,21,24.1,7.2,".243",".454",".301","0.211",".322",".331",35.5,11.4,51,"103.716706784","96.416377947",26.1,49.2
"Kwan, Steven",680757,2025,27,693,11,8.7,7.9,".272",".374",".330","0.102",".310",".310",39.7,1.9,19.3,"94.357794321","91.185631109",8.7,41.9
"Duran, Jarren",680776,2025,28,696,16,24.3,8.6,".256",".442",".332","0.186",".335",".326",34.5,9.7,46.8,"103.158389163","96.0558783",29.3,47.2
"Jeffers, Ryan",680777,2025,28,464,9,19.6,10.8,".266",".397",".356","0.131",".333",".323",33.5,6.3,42.1,"100.809316139","94.578274032",21.1,38.9
"Davis, Henry",680779,2025,25,283,7,26.9,6.4,".167",".278",".234","0.111",".229",".293",33,11.5,37.4,"100.464622889","94.376065531",28.9,55.3
"Donovan, Brendan",680977,2025,28,515,10,13,8.2,".287",".422",".353","0.135",".337",".346",40.1,8.8,40.9,"99.946562944","94.337995152",13.4,43.8
"Stott, Bryson",681082,2025,27,560,13,16.3,9.6,".257",".391",".328","0.134",".315",".313",36,5.1,29.5,"97.625702976","92.873358435",16.7,40.4
"Cowser, Colton",681297,2025,25,360,16,35.6,7.5,".196",".385",".269","0.189",".285",".293",32.7,14.1,46,"101.565652323","95.12341401",34.6,42.4
"O'Hoppe, Logan",681351,2025,25,451,19,30.8,5.3,".213",".371",".258","0.158",".273",".301",33.6,13.3,46.9,"101.727337413","95.336562491",32.9,52.2
"Norby, Connor",681393,2025,25,337,8,26.7,5.3,".251",".389",".300","0.138",".300",".307",42,9.4,37.1,"98.764348839","93.549892377",29.3,54.2
"Baldwin, Brooks",681460,2025,24,328,11,26.2,6.4,".240",".407",".290","0.167",".302",".307",36.8,10.9,40.9,"100.405509245","94.668835355",24.6,53.2
"Carpenter, Kerry",681481,2025,27,464,26,22.8,3.9,".252",".497",".291","0.245",".335",".335",37.4,12.6,46.8,"101.150892761","95.204968523",26.2,52.9
"Pages, Andy",681624,2025,24,624,27,21.6,4.6,".272",".461",".313","0.189",".332",".316",38.9,8.4,37.2,"99.313461778","93.746068218",21.5,53.1
"Hernández, Heriberto",681715,2025,25,294,10,26.2,10.5,".266",".438",".347","0.172",".341",".331",29,11,45.4,"101.299416264","95.054874807",35.2,45.2
"Schneemann, Daniel",682177,2025,28,422,12,27.7,9,".206",".354",".283","0.148",".280",".297",32.6,11.5,41.7,"99.967612231","94.233244324",29.6,45.4
"Marte, Noelvi",682622,2025,23,360,14,23.6,4.4,".263",".448",".300","0.185",".321",".304",32,9.1,36.3,"99.982802857","94.081349283",27.1,51.8
"Alvarez, Francisco",682626,2025,23,277,11,26.4,9.7,".256",".447",".339","0.191",".343",".326",32.4,12.1,54.3,"103.450256092","96.632659422",34.6,45.8
"Martínez, Angel",682657,2025,23,484,11,22.7,4.8,".224",".359",".269","0.135",".274",".255",32.2,3.5,29.3,"97.037956154","92.536116469",21.4,54.4
"Ramírez, Agustín",682663,2025,23,585,21,19.3,6.2,".231",".413",".287","0.182",".302",".332",31.1,11,47,"103.943810657","96.283585728",25.5,49.9
"De La Cruz, Elly",682829,2025,23,699,22,25.9,9.6,".264",".440",".336","0.176",".333",".322",32.5,10.3,44.2,"102.291176726","95.4641937",31.7,45.7
"Abrams, CJ",682928,2025,24,635,19,19.7,5.8,".257",".433",".315","0.176",".324",".309",34.4,7.6,39.2,"99.528390349","93.868025131",24.4,50.6
"Greene, Riley",682985,2025,24,655,36,30.7,7,".258",".493",".313","0.235",".343",".332",36.9,17.1,45.5,"102.573683564","95.50996453",30.9,52.6
"Carroll, Corbin",682998,2025,24,642,31,23.8,10.4,".259",".541",".343","0.282",".371",".372",33.5,14.5,49.9,"103.729438309","96.452659346",24.8,48.9
"Henderson, Gunnar",683002,2025,24,651,17,21,9.5,".274",".438",".349","0.164",".339",".341",29.9,8.6,49.2,"102.936564389","96.031023084",25.1,47.6
"Volpe, Anthony",683011,2025,24,596,19,25.2,7.2,".212",".391",".272","0.179",".286",".301",34.6,10.5,41.9,"100.214381212","94.48835443",25.1,45.9
"Baty, Brett",683146,2025,25,432,18,25,7.6,".254",".435",".313","0.181",".324",".334",32.6,12.9,46.9,"102.670454406","95.715246084",27.3,46.7
"Vaughn, Andrew",683734,2025,27,447,14,17.9,6.9,".254",".411",".307","0.157",".311",".349",38.4,12,47.7,"101.722005241","95.420312018",21.7,46.9
"Busch, Michael",683737,2025,27,592,34,23.5,9.5,".261",".523",".343","0.262",".369",".378",41.1,17.1,47.3,"101.692645959","95.541508831",25.1,46.8
"Frelick, Sal",686217,2025,25,594,12,13.5,7.9,".288",".405",".351","0.117",".332",".299",30.7,3.1,27.4,"96.058504215","92.02970778",12.8,44.1
"Pasquantino, Vinnie",686469,2025,27,682,32,15.7,7.2,".264",".475",".323","0.211",".340",".334",33.5,10.8,44.7,"101.339574109","95.022747112",18.2,48
"Canzone, Dominic",686527,2025,27,269,11,21.9,7.4,".300",".481",".358","0.181",".361",".376",37.4,14.5,49.7,"102.981015914","96.069596505",26.4,51.6
"Collins, Isaac",686555,2025,27,441,9,21.1,12.9,".263",".411",".368","0.148",".344",".322",34.4,4.9,38.9,"99.896805357","94.13021853",22.5,43.1
"Crews, Dylan",686611,2025,23,322,10,23.6,7.5,".208",".352",".280","0.144",".279",".307",26.7,9.8,38.7,"101.064556729","94.842214579",30.7,48.1
"Doyle, Brenton",686668,2025,27,538,15,25.7,5.6,".233",".376",".274","0.143",".282",".300",33,10.9,44.6,"101.00400956","94.812165962",29.7,50.4
"Massey, Michael",686681,2025,27,277,3,15.5,3.2,".244",".313",".268","0.069",".254",".265",35.7,4,33,"97.791403604","92.942590407",18.5,54
"Pagés, Pedro",686780,2025,26,389,11,27.5,4.9,".230",".363",".272","0.133",".276",".259",32.7,7.4,36.5,"99.396807402","93.764663583",27.7,51.7
"Lee, Brooks",686797,2025,24,527,16,17.5,5.9,".236",".370",".285","0.134",".286",".289",30.8,5.8,38.5,"98.1525774","93.309491128",24,49.8
"Baldwin, Drake",686948,2025,24,446,19,15.2,8.5,".274",".469",".341","0.195",".351",".353",33.8,11,49.6,"102.167061775","95.60419003",19.5,49.5
"Neto, Zach",687263,2025,24,554,26,26.9,6,".257",".474",".319","0.217",".337",".344",38,14,46.6,"101.775942825","95.420716799",29.1,48.6
"Scott II, Victor",687363,2025,24,463,5,24,9.1,".216",".296",".305","0.080",".274",".287",36,3.7,26,"96.84561594","92.427137782",26.9,49.1
"Ortiz, Joey",687401,2025,26,506,7,14.6,5.3,".230",".317",".276","0.087",".263",".275",27.4,3,32.8,"97.991058051","93.026599357",16,46.8
"Horwitz, Spencer",687462,2025,27,411,11,17.8,10.7,".272",".434",".353","0.162",".344",".326",38.7,8.3,36,"98.063965931","93.094774414",17.8,46.3
"Beck, Jordan",687597,2025,24,588,16,29.6,7.3,".258",".416",".317","0.158",".319",".302",36.9,9.6,38.5,"100.308269611","94.26308585",31.2,47.4
"Hicks, Liam",689414,2025,26,390,6,14.4,11,".247",".346",".346","0.099",".313",".315",39,3.6,27.7,"96.015787174","92.008309275",15.1,37.4
"Ritter, Ryan",690022,2025,24,207,1,29.5,4.8,".241",".337",".296","0.096",".280",".248",30.5,1.5,30.5,"96.732699677","92.401848618",35.4,54.1
"Hassell III, Robert",690987,2025,23,206,3,30.1,3.9,".223",".315",".257","0.092",".252",".273",34.1,8.2,40.7,"99.261806818","93.737415496",28.8,50.9
"Keith, Colt",690993,2025,23,468,13,21.8,10.3,".256",".413",".333","0.157",".326",".341",41.1,9.2,43.7,"100.641926329","94.686217184",22.5,44.9
"Soderstrom, Tyler",691016,2025,23,624,25,22.6,8.8,".276",".474",".346","0.198",".354",".341",34.4,11.4,49.8,"103.023677143","96.015814678",25.4,48.9
"Teel, Kyle",691019,2025,23,297,8,25.9,12.5,".273",".411",".375","0.138",".349",".337",47.8,9.6,37.6,"99.256241023","93.683455455",29.1,44.6
"Walker, Jordan",691023,2025,23,396,6,31.8,7.3,".215",".306",".278","0.091",".260",".278",29,10.9,50,"104.361880756","96.653513613",35.6,49.4
"Winn, Masyn",691026,2025,23,537,9,19,6.3,".253",".363",".310","0.110",".297",".286",31.3,4.8,34.6,"98.797379897","93.446512558",19.6,45.3
"Domínguez, Jasson",691176,2025,22,429,10,26.8,9.6,".257",".388",".331","0.131",".316",".306",28.9,7,49.6,"102.212663185","95.648499111",27.2,50.4
"Caminero, Junior",691406,2025,21,653,45,19.1,6.3,".264",".535",".311","0.271",".357",".346",27.7,14,51.4,"104.467588678","96.871000041",24.7,50.4
"Sanoja, Javier",691594,2025,22,342,6,12,5.6,".243",".396",".287","0.153",".294",".282",31.8,1.8,35,"98.289398881","93.337097491",12.4,46.9
"Crow-Armstrong, Pete",691718,2025,23,647,31,24,4.5,".247",".481",".287","0.234",".323",".321",33.9,13.1,41.6,"100.676597945","94.609790365",28.9,60.1
"Mayo, Coby",691723,2025,23,294,11,28.6,9.2,".217",".388",".299","0.171",".303",".287",33,10.1,36,"99.691533371","93.857359663",30.6,45.3
"Muncy, Max",691777,2025,22,220,9,30.9,4.5,".214",".379",".259","0.165",".277",".267",33.8,10.1,32.4,"99.591026471","93.796838162",32.6,50.2
"House, Brady",691781,2025,22,274,4,28.5,2.9,".234",".322",".252","0.088",".248",".284",36.2,4.3,46.3,"101.278758298","94.962086257",30.9,57.2
"Campbell, Kristian",692225,2025,23,263,6,27.4,11,".223",".345",".319","0.122",".299",".296",30.4,5.1,41.8,"100.531882308","94.411397756",27.3,42.1
"Gonzales, Nick",693304,2025,26,408,5,17.9,5.1,".260",".362",".299","0.102",".289",".291",31.7,4.5,38.8,"99.501335385","94.022817942",24.7,57.4
"Dingler, Dillon",693307,2025,26,469,13,23.5,4.9,".278",".425",".327","0.147",".326",".349",42.3,9.2,45.7,"101.112198405","94.948132515",24.8,48.5
"Chourio, Jackson",694192,2025,21,589,21,20.5,5.1,".270",".463",".308","0.193",".328",".307",34,9.7,42.3,"101.15634963","94.875813411",26,53.4
"Tawa, Tim",694374,2025,26,225,7,28.4,8.9,".201",".347",".274","0.146",".273",".290",31.4,9.3,42.1,"100.696969118","94.668478824",32.5,48.4
"Schanuel, Nolan",694384,2025,23,564,12,12.6,10.5,".264",".389",".353","0.125",".327",".327",38,4.5,29,"96.61346119","92.362165704",15,45.2
"Carter, Evan",694497,2025,22,220,5,18.6,8.6,".247",".392",".336","0.145",".321",".308",34,5.9,34.6,"98.081147895","93.040980197",25.5,44.3
"Langford, Wyatt",694671,2025,23,573,22,26.4,12.9,".241",".431",".344","0.190",".337",".346",35.9,14,48.4,"102.369966744","95.79834863",26.3,43
"Saggese, Thomas",695336,2025,23,295,2,28.1,5.4,".258",".342",".299","0.084",".282",".281",39,5.6,44.1,"99.925035361","94.561153679",26.5,50.3
"Caglianone, Jac",695506,2025,22,232,7,22.4,7.8,".157",".295",".237","0.138",".239",".321",29.7,12,42.4,"102.891404557","95.64711057",26.8,51.3
"Wood, James",695578,2025,22,689,31,32.1,12.3,".256",".475",".350","0.219",".353",".361",36.3,16.4,56.3,"106.446259788","98.230447241",32.9,40.2
"Montgomery, Colson",695657,2025,23,284,21,29.2,8.8,".239",".529",".311","0.290",".355",".341",35.8,14.5,44.5,"103.036108506","95.789749711",31.5,50.7
"Lile, Daylen",695734,2025,22,351,9,16,6,".299",".498",".347","0.199",".360",".348",44.2,5.2,40.1,"99.156241493","93.671687761",18.9,52.2
"Goodman, Hunter",696100,2025,25,579,31,26.3,5.7,".278",".520",".323","0.242",".359",".322",32.8,12.9,46.9,"102.599968608","95.758645633",32,55
"Young, Jacob",696285,2025,25,364,2,17.9,7.4,".231",".287",".296","0.056",".264",".297",27.9,1.9,34.2,"98.260470403","93.325113441",17.4,43.7
"Sweeney, Trey",700242,2025,25,327,6,28.4,8,".195",".290",".257","0.095",".244",".244",28.8,6.8,35.1,"98.832125049","93.46450932",28.1,51
"Rice, Ben",700250,2025,26,530,26,18.9,9.4,".255",".499",".337","0.244",".358",".391",39.3,15.4,56.1,"104.138238152","97.178139076",21.2,43.3
"Quero, Edgar",700337,2025,22,403,5,17.6,7.9,".268",".356",".333","0.088",".307",".290",35.1,3.7,46.3,"99.759928311","94.349440405",21,46.4
"Manzardo, Kyle",700932,2025,24,531,27,25.4,9,".234",".455",".313","0.221",".329",".322",37.1,11.8,43.8,"100.114470588","94.531639086",27.7,48.4
"Anthony, Roman",701350,2025,21,303,8,27.7,13.2,".292",".463",".396","0.171",".376",".372",37.4,15.6,60.3,"103.89544954","97.546625838",29.8,37.4
"Smith, Cam",701358,2025,22,493,9,27.8,8.7,".236",".358",".312","0.122",".298",".304",34.6,6.9,40.8,"100.519229085","94.330406111",28.7,48.4
"Merrill, Jackson",701538,2025,22,483,16,22.4,6.8,".264",".457",".317","0.193",".331",".347",42.6,13,42.9,"100.742734371","94.664461796",27.1,58.4
"Kurtz, Nick",701762,2025,22,489,36,30.9,12.9,".290",".619",".383","0.329",".419",".372",39,18.5,51.1,"104.041792059","96.828915978",35.5,43.1
"Young, Cole",702284,2025,21,257,4,18.3,10.9,".211",".305",".302","0.094",".274",".297",33.3,5.6,31.1,"97.99473618","93.043937232",24.6,44.5
"Durbin, Caleb",702332,2025,25,506,11,9.9,5.9,".256",".387",".334","0.131",".319",".312",29.6,4,26.9,"96.100902887","92.05425549",13,44.5
"Holliday, Jackson",702616,2025,21,649,17,21.6,8.6,".242",".375",".314","0.133",".304",".313",32.4,7.8,40.8,"99.642935225","94.03038741",24.5,47.1
"Simpson, Chandler",802415,2025,24,441,0,9.8,4.5,".295",".345",".326","0.050",".296",".297",29.8,0,17.3,"93.5904715","90.810575972",11.5,48.6
"Kemp, Otto",805249,2025,25,218,8,30.7,5.5,".234",".411",".298","0.177",".308",".310",38.6,12.1,44.7,"100.840276818","94.728175344",34.3,51.3
"Marsee, Jakob",805300,2025,24,234,5,20.5,9.4,".292",".478",".363","0.186",".363",".347",38.9,8.1,41.4,"100.197952716","94.371443168",19.5,43.1
"Meidroth, Chase",805367,2025,23,505,5,14.3,8.9,".253",".320",".329","0.067",".294",".300",26.2,1.6,36.1,"97.686781436","92.976040347",13,38.6
"Alvarez Jr., Nacho",805373,2025,22,208,2,23.6,5.8,".234",".330",".296","0.096",".279",".270",33.1,1.4,26.8,"95.360603857","91.727261",22.2,43
"Wilson, Jacob",805779,2025,23,523,13,7.5,5.2,".311",".444",".355","0.133",".348",".304",32.2,2.2,24.7,"95.136633108","91.576810226",9.6,49.9
"Keaschall, Luke",807712,2025,22,207,4,14,9.2,".302",".445",".382","0.143",".363",".324",38.3,5.2,31.2,"97.107228701","92.654308562",18.5,42
"Shaw, Matt",807713,2025,23,437,13,21.5,8.7,".226",".394",".295","0.168",".300",".302",35.3,7,29.4,"96.793366467","92.432072809",22.5,48
"Yoshida, Masataka",807799,2025,31,205,4,11.7,4.9,".266",".388",".307","0.122",".302",".314",29.2,6.6,44,"100.498389286","94.589775269",15.4,44.5
"Lee, Jung Hoo",808982,2025,26,617,8,11.5,7.6,".266",".407",".327","0.141",".320",".321",34.1,3.7,32,"97.154749061","92.638543988",13.1,44.7
"Williamson, Ben",810938,2025,24,295,1,21.7,5.1,".253",".310",".294","0.057",".269",".269",23.3,3.3,40.5,"99.548201226","93.912783555",21.9,48.1
"Rojas, Miguel",500743,2026,37,252,4,10.7,6.3,".267",".391",".312","0.124",".306",".309",36.2,4.8,36.2,"98.290682475","93.175374851",17,48.8
"Goldschmidt, Paul",502671,2026,38,380,18,22.6,7.6,".252",".452",".313","0.200",".330",".311",35.1,9.9,35.9,"98.632345115","93.426887557",26.4,48.3
"Altuve, Jose",514888,2026,36,573,16,19.9,7.2,".250",".395",".306","0.145",".308",".271",32,4.1,31.3,"96.847195792","92.445465658",22.1,49.2
"Freeman, Freddie",518692,2026,36,657,16,17.7,10,".288",".430",".362","0.142",".348",".363",38.7,8.1,41.3,"99.86901312","94.167362927",23.2,50.1
"Perez, Salvador",521692,2026,36,627,21,19,4,".229",".383",".274","0.154",".285",".316",35.3,10.7,42.7,"100.401931111","94.391887885",25,56.2
"Ozuna, Marcell",542303,2026,35,280,8,28.6,9.6,".203",".327",".286","0.124",".276",".304",38.6,7.7,36.8,"99.258350119","93.737043155",30.1,42.6
"Semien, Marcus",543760,2026,35,547,15,19,8.2,".215",".340",".280","0.125",".276",".300",33.6,5.8,33.3,"97.000149286","92.545980638",23,49.3
"Springer, George",543807,2026,36,517,15,18.4,9.1,".249",".405",".321","0.156",".320",".306",30.4,6.5,38.5,"99.548886216","93.977721355",23.5,48.3
"Vázquez, Christian",543877,2026,35,266,7,19.9,6.8,".207",".322",".261","0.115",".258",".233",31.3,2.1,22.6,"95.312310968","91.672859355",20,48.2
"Vargas, Ildemaro",545121,2026,34,486,9,10.1,5.6,".254",".377",".298","0.123",".295",".297",30.7,3.2,35,"98.067283881","93.061632394",15.2,50.6
"Grichuk, Randal",545341,2026,34,280,15,21.8,3.9,".287",".566",".314","0.279",".370",".335",37.7,11.2,49.8,"102.787849029","95.926782379",24,53
"Trout, Mike",545361,2026,34,634,22,26,16.9,".242",".421",".382","0.179",".354",".381",38,16,46.3,"102.780727771","95.785464011",25.6,39.8
"Harper, Bryce",547180,2026,33,693,29,21.4,15.4,".269",".485",".380","0.216",".375",".379",37.5,10.3,42.8,"101.134831567","94.786960576",30.7,49.9
"Díaz, Elias",553869,2026,35,237,8,24.5,3.8,".234",".404",".266","0.170",".287",".269",32.1,9.6,40.5,"100.965078272","94.585337346",28.2,54.9
"Suárez, Eugenio",553993,2026,34,498,26,33.9,10.4,".212",".433",".307","0.221",".324",".303",37.3,12.5,36.2,"99.429068636","93.792559886",33.8,46
"Arenado, Nolan",571448,2026,35,599,30,20,8.7,".255",".475",".331","0.220",".349",".300",33.7,7,31.3,"96.979032548","92.490308149",24.1,46.4
"Muncy, Max",571970,2026,35,561,29,25,11.6,".252",".490",".348","0.238",".361",".349",35.8,12.9,45.8,"101.023217371","94.921257221",29.2,44.9
"Walker, Christian",572233,2026,35,635,29,23.1,8,".226",".427",".299","0.201",".316",".305",31.9,9.6,40.7,"101.069259249","94.709357676",29.1,50.4
"Yastrzemski, Mike",573262,2026,35,408,12,24,10,".224",".380",".309","0.156",".306",".309",31.3,6.8,43,"99.641426412","94.32237855",23.2,42.6
"Contreras, Willson",575929,2026,34,535,27,25.2,11,".275",".516",".386","0.241",".391",".376",32.2,13.3,44.2,"102.440550191","95.492075032",30.8,48.8
"Judge, Aaron",592450,2026,34,285,18,29.8,15.1,".241",".511",".360","0.270",".372",".396",34,20.9,57.5,"105.082238571","97.706457908",32.8,43.3
"Machado, Manny",592518,2026,33,677,30,21.3,11.2,".217",".407",".303","0.190",".310",".328",32.7,9.7,43.6,"101.077431814","94.870082434",25.3,47.8
"Pederson, Joc",592626,2026,34,432,26,23.6,11.3,".235",".487",".329","0.252",".352",".343",30.9,11.3,50.9,"102.047397007","95.678260401",30,47
"Realmuto, J.T.",592663,2026,35,467,11,21.4,7.9,".205",".331",".283","0.126",".275",".317",35.6,5.7,40,"99.623141132","94.21920959",24.1,46.8
"Yelich, Christian",592885,2026,34,500,12,27,9.8,".235",".378",".315","0.143",".305",".308",29.5,9.6,42.9,"100.380625455","94.534931238",29.6,45.4
"Bogaerts, Xander",593428,2026,33,606,13,18,12.7,".231",".344",".332","0.113",".306",".325",27.9,5.5,42.3,"100.312911827","94.537029735",23.1,41.5
"Hedges, Austin",595978,2026,33,247,6,18.2,10.1,".247",".377",".325","0.130",".313",".280",26.7,4.5,32.4,"97.388293605","92.724417485",24.1,44.5
"Lindor, Francisco",596019,2026,32,469,21,20.3,9.8,".225",".423",".309","0.198",".322",".331",28.8,9,49.5,"100.68996441","95.109438598",25,46
"Story, Trevor",596115,2026,33,266,5,32.3,4.1,".235",".351",".271","0.116",".272",".248",29.3,5.4,36.5,"98.525292771","93.305662831",31.8,55.7
"Sánchez, Gary",596142,2026,33,275,12,21.5,16.7,".209",".422",".349","0.213",".342",".336",29.3,8.4,35.3,"99.561227857","93.850751078",28.5,36.1
"Bell, Josh",605137,2026,33,631,21,19.7,8.2,".255",".419",".319","0.164",".323",".335",33.1,9.6,42,"100.3685028","94.468238022",22.8,48.9
"Betts, Mookie",605141,2026,33,528,23,11,8.9,".257",".454",".326","0.197",".338",".339",40.4,7.8,38,"98.722352796","93.725941924",12.5,41.3
"Caratini, Victor",605170,2026,32,382,7,20.9,8.9,".220",".315",".312","0.095",".285",".306",36.5,6.3,38,"98.339714453","93.569243294",22.9,41.9
"Hernández, Teoscar",606192,2026,33,491,16,27.5,8.6,".267",".425",".334","0.158",".332",".332",33.5,10.7,44.8,"101.503400065","95.079105599",32.6,48
"Marte, Ketel",606466,2026,32,624,22,13.8,8.2,".249",".432",".316","0.183",".323",".349",31.8,9.4,43,"101.876199664","95.156620819",19.7,48.5
"Nimmo, Brandon",607043,2026,33,655,14,22.7,7.8,".260",".405",".324","0.145",".320",".338",34.2,8.9,50.4,"101.759062902","95.658360626",23.9,51.2
"Turner, Trea",607208,2026,33,700,19,21,6.9,".242",".378",".297","0.136",".298",".293",31.7,6,39.3,"98.94390884","93.571458357",27.7,50.5
"Ramírez, José",608070,2026,33,544,12,12.7,11,".235",".368",".320","0.133",".301",".325",35.3,4.1,38.8,"99.346632184","93.830361144",15.3,45.4
"Bregman, Alex",608324,2026,32,702,28,14.5,10.8,".265",".464",".355","0.199",".357",".327",32.8,6.4,37.7,"98.028401406","93.162387221",15.6,41.6
"Kelly, Carson",608348,2026,31,425,10,16.5,9.4,".258",".376",".336","0.118",".320",".311",31.6,5.2,36.1,"98.238746516","93.170265419",19.8,45.4
"Seager, Corey",608369,2026,32,436,20,23.6,10.3,".227",".424",".312","0.197",".320",".350",35.6,14.8,48.9,"102.113554366","95.685271092",32.9,52.6
"Andujar, Miguel",609280,2026,31,254,5,15,4.3,".259",".423",".303","0.164",".314",".298",26.4,4.5,36.3,"99.775366436","94.026464328",18.5,54.2
"Torrens, Luis",620443,2026,30,281,9,21,6.4,".235",".396",".295","0.161",".304",".289",30.5,5.6,40.5,"98.903307959","93.704207026",21.6,48.3
"Swanson, Dansby",621020,2026,32,486,19,23.7,10.5,".213",".397",".297","0.184",".305",".301",28.9,7.3,40.6,"99.322246962","93.934010571",30.4,47.5
"Taylor, Tyrone",621438,2026,32,241,11,17,5.8,".279",".502",".325","0.223",".355",".309",33.7,8.7,34.2,"98.054869667","93.068828659",20.6,48.8
"Buxton, Byron",621439,2026,32,408,25,24.5,7.4,".254",".511",".319","0.257",".355",".343",32.4,15.9,46.7,"101.614948971","95.255176912",31.3,52.7
"Ward, Taylor",621493,2026,32,607,7,21.4,16.3,".225",".311",".359","0.086",".312",".334",35.3,5.1,38.3,"98.776249027","93.58431897",19.5,34.4
"Olson, Matt",621566,2026,32,698,41,24.5,9.2,".251",".502",".321","0.251",".351",".351",32,14.2,52,"103.596081565","96.543594466",25.4,46.9
"Walton, Donovan",622268,2026,32,268,9,17.2,10.4,".261",".448",".358","0.187",".356",".322",39,4.8,31.6,"96.726321868","92.483504451",26.9,50.8
"Mateo, Jorge",622761,2026,31,221,5,31.2,5,".203",".314",".245","0.111",".248",".272",40.7,7.9,35,"98.713200145","93.40706562",32,55.3
"Heineman, Tyler",623168,2026,35,200,1,15,2.5,".175",".220",".223","0.045",".204",".236",27,0.6,11.9,"91.606485493","90.139217234",19.5,56.3
"Alonso, Pete",624413,2026,31,700,43,24.1,11.6,".267",".522",".363","0.255",".379",".402",36.8,15.3,56.2,"104.058997078","97.241695881",26.8,45
"Conforto, Michael",624424,2026,33,314,15,25.5,11.1,".240",".469",".331","0.229",".343",".332",39,11.9,41.5,"100.456929897","94.570717474",26.7,45
"Soler, Jorge",624585,2026,34,361,12,32.7,9.7,".203",".373",".291","0.170",".295",".294",35.1,10.9,42.6,"101.551384059","94.859988762",36.9,47.3
"Sosa, Edmundo",624641,2026,30,250,9,21.6,2.8,".247",".429",".283","0.182",".307",".328",33.7,7.2,39.2,"99.999948444","94.149401444",27.5,61.2
"Cronenworth, Jake",630105,2026,32,425,7,22.8,8.9,".225",".321",".308","0.096",".287",".275",30.7,3.9,29.7,"97.164133824","92.599836434",21.3,45.8
"Bauers, Jake",641343,2026,30,578,26,27,16.3,".266",".484",".389","0.218",".381",".371",38.6,14,51.9,"103.241504938","96.516969938",29.8,40.6
"Bellinger, Cody",641355,2026,30,562,17,15.8,10.5,".264",".429",".338","0.165",".336",".335",38.2,6.6,37.8,"98.486220194","93.510838881",20,47.1
"Crawford, J.P.",641487,2026,31,489,14,19.8,13.1,".221",".352",".335","0.131",".312",".319",32.8,6.3,34.7,"97.972608726","93.060590096",17.2,38.2
"Heim, Jonah",641680,2026,31,390,13,17.9,6.9,".204",".366",".262","0.162",".275",".285",33,5.9,32.3,"97.523598","92.806524966",21.4,49.8
"McMahon, Ryan",641857,2026,31,360,11,29.4,7.8,".213",".357",".279","0.144",".282",".297",32.1,9,44.8,"101.386570182","95.088092055",30.2,45.5
"O'Neill, Tyler",641933,2026,31,260,10,27.7,10.4,".212",".377",".300","0.165",".302",".307",34,8.8,42.8,"100.1054135","94.28693195",31.7,47.2
"Smith, Dominic",642086,2026,31,300,9,16,7.7,".253",".383",".311","0.130",".304",".301",34.4,5.8,32.6,"97.752079911","92.955381652",21.5,48.3
"White, Eli",642201,2026,32,204,6,22.1,5.4,".246",".398",".289","0.152",".300",".269",31.3,6.2,29.3,"97.362570986","92.709488239",26.4,52.4
"Siri, Jose",642350,2026,30,251,10,31.9,6,".241",".417",".296","0.176",".308",".304",33.3,13.2,42.8,"101.222376081","94.841327905",36.9,53.7
"Rosario, Amed",642708,2026,30,244,10,23.4,5.7,".238",".405",".279","0.167",".297",".309",34.7,10.4,39.3,"101.20099","94.834235434",26.7,55.3
"Adames, Willy",642715,2026,30,505,21,27.5,7.3,".230",".424",".289","0.194",".311",".296",36.7,8.9,38.8,"98.797280736","93.451144018",28.9,48.1
"Benintendi, Andrew",643217,2026,31,468,15,23.9,8.3,".240",".413",".302","0.173",".311",".307",36.4,8.6,45.1,"99.117923462","93.899353666",28.3,51.8
"Dubón, Mauricio",643289,2026,31,619,12,11.8,5.7,".276",".399",".321","0.123",".317",".304",36.5,4,29.4,"96.554878032","92.283650542",15.3,53.7
"Jansen, Danny",643376,2026,31,227,8,24.2,7.9,".203",".381",".296","0.178",".300",".267",24,6.2,33.6,"97.458352394","92.765822676",25.7,45
"McNeil, Jeff",643446,2026,34,520,9,11.3,6,".264",".368",".313","0.104",".301",".299",38,1.7,29.5,"96.173945545","92.112438365",15.8,59.2
"Albies, Ozzie",645277,2026,29,683,22,15.4,6.7,".237",".392",".293","0.155",".298",".273",32.3,3.8,27.7,"96.575292846","92.322715692",21.2,56.1
"Devers, Rafael",646240,2026,29,633,37,25.4,10.9,".258",".525",".340","0.267",".367",".342",30.7,12.5,51.6,"103.03671575","96.43028802",29,47.3
"Naylor, Josh",647304,2026,29,650,10,12.2,6.9,".261",".350",".317","0.089",".297",".310",35.4,4.4,35.6,"98.36910393","93.264796654",16.9,51.9
"Arraez, Luis",650333,2026,29,655,6,4.3,5.2,".310",".419",".345","0.109",".331",".307",39.3,1.2,19.4,"94.068574724","91.077369275",7.1,48.6
"Torres, Gleyber",650402,2026,29,420,8,19.3,13.6,".260",".363",".364","0.103",".328",".325",38.4,6.1,32.3,"96.706167857","92.398034014",22.5,42.2
"Castro, Willi",650489,2026,29,477,15,27,8.6,".260",".417",".331","0.157",".330",".309",31.9,8,39.9,"100.348595338","94.260288576",30.8,53.6
"Díaz, Yandy",650490,2026,34,686,22,14.3,8.2,".293",".446",".359","0.153",".350",".346",29.7,7.1,48.1,"102.454762731","95.709031327",14.8,47.5
"Rengifo, Luis",650859,2026,29,354,4,13.8,9.6,".240",".317",".319","0.077",".289",".304",28.4,4.1,34.3,"97.721405038","92.981872644",20.1,48.9
"Monasterio, Andruw",655316,2026,29,347,6,19.6,7.5,".233",".371",".295","0.138",".293",".287",36.8,6.4,31.2,"97.261394919","92.699092996",18.9,47.1
"Chapman, Matt",656305,2026,33,352,7,23,10.5,".235",".368",".324","0.133",".309",".286",25.3,6.6,35.8,"99.903629381","94.013173319",23.1,44.5
"Hill, Derek",656537,2026,30,216,11,31.9,6,".241",".442",".291","0.201",".319",".289",36.1,10.6,33.8,"98.863739672","93.597008182",32.7,51.9
"Hoskins, Rhys",656555,2026,33,317,13,31.5,14.8,".179",".376",".306","0.197",".305",".297",34.1,12.6,41.3,"99.856401548","94.354466347",32.4,42.2
"McKinstry, Zach",656716,2026,31,423,4,16.3,9.9,".199",".294",".288","0.095",".265",".284",37.1,2,22.5,"95.167032583","91.585102086",17,48.2
"Mullins, Cedric",656775,2026,31,502,15,19.3,8.6,".205",".344",".284","0.139",".281",".264",24.4,4.3,33.1,"97.797109518","93.028805106",22.1,49.8
"O'Hearn, Ryan",656811,2026,32,451,18,22,7.8,".265",".440",".330","0.175",".336",".314",33.8,6.8,42.1,"99.097516731","93.913570965",22.5,46.9
"Schwarber, Kyle",656941,2026,33,701,45,31.4,15,".232",".503",".354","0.271",".368",".364",37.3,15.6,49.3,"103.53204776","96.326214481",33.1,44.3
"Thomas, Lane",657041,2026,30,374,11,24.9,11.8,".224",".383",".318","0.159",".313",".311",36.2,6.4,40.9,"99.948774746","94.29288566",22.9,41.3
"Wong, Connor",657136,2026,30,238,4,23.9,7.1,".233",".348",".308","0.115",".295",".281",24.7,4.4,34.8,"99.018654737","93.54581298",24.6,47.9
"Laureano, Ramón",657656,2026,31,206,7,31.6,9.7,".203",".374",".286","0.171",".292",".312",37,14.3,41.2,"99.9726525","94.305977731",31.1,50.5
"Sheets, Gavin",657757,2026,30,419,17,20.3,11.7,".212",".397",".313","0.185",".315",".316",31.1,7.1,38.2,"98.872982","93.475375964",20.9,43.3
"Ohtani, Shohei",660271,2026,31,618,30,24.6,13.1,".275",".512",".377","0.237",".377",".397",38,16.4,52.1,"103.764505323","96.745585269",31.7,46.6
"Acuña Jr., Ronald",660670,2026,28,469,20,22,11.3,".255",".451",".345","0.196",".348",".366",34.7,13,43.5,"102.06326039","95.280739838",29,49.4
"Ruiz, Keibert",660688,2026,27,354,10,10.5,4.5,".280",".443",".316","0.163",".328",".289",33.9,5,36.6,"98.084002838","93.093035608",14.2,52.6
"Sánchez, Jesús",660821,2026,28,315,8,23.8,5.7,".254",".401",".311","0.147",".311",".321",32.2,10.8,45.3,"101.621661682","95.111932864",28.1,53.3
"Contreras, William",661388,2026,28,640,18,14.7,9.5,".270",".417",".341","0.147",".330",".334",33.3,8.5,44.1,"101.24009195","94.956986071",20.7,47.2
"Varsho, Daulton",662139,2026,29,526,12,20.3,7.4,".221",".355",".281","0.134",".281",".283",32,6.9,36.5,"98.36044754","93.211984706",21.9,53.1
"Nootbaar, Lars",663457,2026,28,334,8,21,13.8,".239",".379",".342","0.140",".320",".343",34.9,10.1,49.5,"101.741653981","95.613341163",19.1,37.4
"Hoerner, Nico",663538,2026,29,689,8,8.4,6.2,".263",".350",".316","0.087",".297",".322",36.7,1.4,29.1,"96.122758049","92.086339791",11.8,47.7
"Riley, Austin",663586,2026,29,630,19,31.9,7.6,".219",".364",".290","0.145",".290",".299",34.3,12.4,44.3,"102.087666649","95.389412865",31.9,48.8
"Larnach, Trevor",663616,2026,29,433,13,18.2,10.4,".269",".436",".352","0.167",".347",".327",38,7.5,36.7,"99.019390592","93.514289046",26.8,44.1
"Hayes, Ke'Bryan",663647,2026,29,242,5,19.8,5.4,".141",".225",".194","0.084",".191",".287",36.3,6.9,38.5,"99.502539885","93.92032431",23.4,46.2
"Tucker, Kyle",663656,2026,29,627,17,16.7,12.4,".233",".385",".330","0.152",".318",".331",34.2,6.4,36.3,"98.257582237","93.315781621",20.8,48.5
"Raleigh, Cal",663728,2026,29,530,23,30.9,13.6,".182",".368",".296","0.186",".297",".312",33.3,14.1,40,"100.527092466","94.597682955",31.7,50.4
"Fortes, Nick",663743,2026,29,323,6,13.9,3.7,".258",".376",".304","0.118",".301",".273",25.2,2.4,35.4,"99.012039677","93.533077409",18.3,51.8
"Grisham, Trent",663757,2026,29,484,18,18.4,12.6,".211",".395",".308","0.184",".311",".337",35.7,9.6,45.3,"100.542669759","94.739643825",18.2,39.1
"Vierling, Matt",663837,2026,29,291,5,16.8,6.5,".207",".335",".255","0.128",".258",".304",36.3,5,37.2,"98.761562252","93.539494751",18.2,48
"Stephenson, Tyler",663886,2026,29,468,15,27.4,10.5,".241",".404",".323","0.163",".320",".326",39.9,12.4,44.1,"100.162882887","94.627044841",26.5,45
"Mangum, Jake",663968,2026,30,479,5,19.4,5.2,".276",".363",".331","0.087",".310",".285",27.2,2.3,27.8,"96.465453598","92.286667774",21.4,58.3
"Lowe, Nathaniel",663993,2026,30,429,17,23.1,8.9,".252",".444",".317","0.192",".329",".335",39.3,8.4,41.4,"101.026614056","94.719806842",22,46.1
"Happ, Ian",664023,2026,31,636,24,29.7,12.7,".218",".412",".326","0.194",".325",".313",31.8,11.1,42.2,"100.488835922","94.517880196",30.3,43.6
"France, Ty",664034,2026,31,500,21,21.6,7.4,".295",".502",".363","0.207",".373",".327",38.5,9.1,47.4,"100.873362","95.076991032",28.1,54.3
"Lowe, Brandon",664040,2026,31,655,35,28.7,9.5,".261",".494",".331","0.233",".355",".331",35.1,12.4,45.8,"101.348135373","95.153058955",35.4,50.6
"Straw, Myles",664702,2026,31,330,3,13.3,8.2,".241",".342",".304","0.101",".288",".292",34.5,2.7,25.6,"95.694355242","91.848387984",12.7,40.8
"Isbel, Kyle",664728,2026,29,323,6,22.9,4.6,".224",".323",".268","0.099",".262",".255",24.7,2.6,32.9,"98.475584528","93.388440427",18.2,48.4
"Bohm, Alec",664761,2026,29,629,15,14,7.6,".249",".383",".315","0.134",".309",".327",33.7,6,43.8,"100.305319174","94.542656273",16.6,46
"Lukes, Nathan",664770,2026,31,450,10,14.2,5.6,".277",".387",".327","0.110",".317",".293",30.8,2.5,29.1,"96.384292965","92.230606851",15.9,50.2
"Sullivan, Brett",664954,2026,32,237,7,16.9,5.5,".225",".390",".268","0.165",".285",".281",32.2,3.8,33.3,"96.916041111","92.519100782",17.5,51.7
"McCarthy, Jake",664983,2026,28,596,15,15.9,5,".291",".475",".334","0.184",".349",".321",37.2,5.4,28.1,"97.079708165","92.561288575",21.3,57.3
"Clemens, Kody",665019,2026,30,583,27,21.8,6.7,".239",".460",".298","0.221",".327",".334",33.7,11.3,46.1,"101.037748366","95.114954901",24.4,49.9
"Conine, Griffin",665052,2026,28,323,19,29.4,10.5,".264",".493",".353","0.229",".369",".369",39.7,16.4,49.2,"103.402180421","96.406974974",37.2,48.9
"Peña, Jeremy",665161,2026,28,483,22,24,5,".277",".477",".325","0.200",".347",".326",35,7.2,39.2,"99.832845689","93.995355988",31.8,55.3
"Tatis Jr., Fernando",665487,2026,27,704,25,18.5,9.1,".289",".470",".358","0.181",".358",".379",32.2,12.7,53.9,"104.706101084","97.191219378",25.9,46.1
"Guerrero Jr., Vladimir",665489,2026,27,609,9,13.3,9.2,".260",".356",".332","0.096",".305",".331",28.7,6.9,44.3,"102.693695855","95.562990899",20.1,47.2
"Soto, Juan",665742,2026,27,482,27,13.5,16.2,".275",".515",".393","0.240",".385",".411",32,14,48.1,"102.453819701","96.079954685",20.9,40.7
"Taveras, Leody",665750,2026,27,482,8,25.7,8.5,".219",".345",".288","0.126",".282",".273",28.8,4.1,32.6,"98.966147671","93.538008356",24.3,48.5
"Amaya, Miguel",665804,2026,27,254,6,26.4,9.1,".237",".377",".340","0.140",".324",".295",37.5,7.9,34.2,"97.6572044","93.021388523",27.3,46.9
"Cruz, Oneil",665833,2026,27,419,20,33.2,11.2,".280",".486",".368","0.206",".371",".352",33.2,15.4,53.7,"105.969307193","97.770739031",35.6,42.2
"Chisholm Jr., Jazz",665862,2026,28,532,19,29.5,10.5,".231",".399",".312","0.168",".312",".294",29.9,8.2,42.8,"100.204570455","94.436904935",30.9,45.8
"Fermín, José",665877,2026,27,370,6,13.5,8.1,".248",".355",".309","0.107",".294",".291",34.6,2.1,31.5,"96.327228662","92.213290528",13.9,39.7
"Ruiz, Esteury",665923,2026,27,255,6,32.2,10.2,".216",".366",".333","0.150",".317",".275",39.6,7.5,23.9,"95.310644921","91.745599762",32.4,48.3
"Giménez, Andrés",665926,2026,27,508,9,18.5,3.3,".244",".359",".291","0.115",".286",".276",29.9,3.4,24.9,"95.861947351","91.931251541",24.2,57.9
"Chaparro, Andrés",665953,2026,27,228,13,23.2,11,".263",".525",".360","0.262",".383",".344",29,13.1,44.1,"101.366810548","95.09789131",32.4,49.3
"Narváez, Carlos",665966,2026,27,285,3,31.6,6.7,".161",".226",".241","0.065",".219",".260",35.1,6.6,36.9,"99.444669241","94.185727389",33.2,51.4
"Aranda, Jonathan",666018,2026,28,668,22,24.4,10.3,".274",".434",".358","0.160",".348",".343",38.8,9.9,46,"100.602724528","94.760901038",22.5,46.7
"Fermin, Freddy",666023,2026,31,265,4,21.1,7.9,".203",".315",".274","0.112",".265",".270",35,3.8,29,"96.85415191","92.569154068",26.6,51.8
"Cortes, Carlos",666126,2026,29,381,10,16.5,8.1,".251",".397",".318","0.146",".315",".301",36,6,35.8,"98.824277305","93.581776121",22.1,46.6
"Lowe, Josh",666139,2026,28,343,12,30.6,7.3,".209",".360",".273","0.151",".279",".284",32.9,9,37.1,"99.069517767","93.808854293",32.2,55.9
"Hamilton, David",666152,2026,28,387,4,22.2,8.3,".245",".336",".314","0.091",".293",".276",29.3,3.4,27.9,"96.675573879","92.356657316",21.9,45.3
"Moniak, Mickey",666160,2026,28,436,23,27.5,5,".238",".480",".278","0.242",".322",".279",32,9.6,41.6,"99.875625205","94.179652165",30.3,59
"Adell, Jo",666176,2026,27,660,23,23.8,5.2,".240",".401",".298","0.161",".307",".329",32.2,8.9,44.9,"102.495962813","95.565465638",28.2,53.2
"Bichette, Bo",666182,2026,28,696,18,18.2,7,".260",".390",".312","0.130",".309",".330",37.3,6.4,41.7,"100.748372471","94.697541238",19.5,53.1
"Trammell, Taylor",666211,2026,28,289,8,32.2,10,".192",".341",".285","0.149",".280",".283",28.2,12.3,38,"101.38532275","94.747912063",38.5,48.8
"Julien, Edouard",666397,2026,27,276,3,25.7,14.1,".208",".292",".322","0.084",".287",".338",42.4,7.3,49.7,"100.290529512","94.870091768",23.7,40.9
"García, Adolis",666969,2026,33,259,7,32.4,8.1,".195",".329",".270","0.134",".268",".294",38,9.3,48,"101.568957067","95.459607133",34.6,45.4
"Gurriel Jr., Lourdes",666971,2026,32,201,2,18.9,5,".210",".290",".254","0.080",".243",".273",31.8,4.6,33.8,"97.317038289","92.728770066",24.2,52.8
"Myers, Dane",667472,2026,30,334,8,24.6,11.1,".257",".377",".344","0.120",".324",".309",33.5,4.9,36.3,"98.774903","93.702558844",21.6,43.2
"Rooker, Brent",667670,2026,31,202,10,31.7,9.4,".201",".391",".282","0.190",".294",".312",34.2,15.5,41.9,"101.773379828","95.03524069",38.4,49.7
"Arozarena, Randy",668227,2026,31,670,26,21.6,10.1,".281",".484",".381","0.203",".379",".348",36,8.1,43.5,"100.588190372","94.755039419",26.3,45.9
"Bleday, JJ",668709,2026,28,545,24,22.2,13.2,".217",".416",".324","0.199",".326",".340",39.4,9.5,40.1,"99.80397093","94.061260465",26.5,46.1
"Steer, Spencer",668715,2026,28,384,16,22.4,9.1,".238",".421",".319","0.183",".325",".342",35.5,12.4,39.1,"99.548552583","94.118224167",25.3,45.3
"Vilade, Ryan",668723,2026,27,278,11,23.4,9.4,".245",".429",".321","0.184",".327",".327",29.9,7.1,39.9,"101.456915444","94.922178667",23.6,48.7
"Reynolds, Bryan",668804,2026,31,699,17,23.2,12.7,".261",".424",".365","0.163",".349",".355",38.5,11.2,47.9,"101.857125046","95.370003739",28.2,46.7
"Martin, Austin",668885,2026,27,358,3,19,12.6,".228",".315",".341","0.087",".303",".303",34.2,3,28.3,"96.379876724","92.254509397",20,40
"Vientos, Mark",668901,2026,26,295,13,24.1,5.1,".212",".394",".258","0.182",".283",".304",31.1,9.7,43.7,"100.784554369","94.654892913",31.1,53.9
"Lewis, Royce",668904,2026,27,509,15,25.5,7.5,".227",".380",".287","0.153",".292",".306",33.4,10.7,40.2,"100.584117857","94.480060268",32.8,50.5
"Turang, Brice",668930,2026,26,680,21,25.1,13.2,".268",".450",".366","0.182",".358",".344",38.5,7.7,41.6,"100.345718473","94.59448968",23.1,43.2
"Rutschman, Adley",668939,2026,28,410,13,16.6,9.5,".242",".426",".315","0.184",".323",".327",39.5,7,38.5,"99.111210667","93.73713699",16.3,40.4
"Kreidler, Ryan",668952,2026,28,267,8,22.8,7.9,".218",".379",".286","0.161",".293",".295",26.2,8.2,37.2,"99.404474111","93.790732067",30.4,51.8
"Mitchell, Garrett",669003,2026,27,531,11,31.5,11.3,".262",".416",".354","0.154",".340",".353",31.5,11.7,52.7,"104.76725527","97.131320712",35.8,43.9
"Marsh, Brandon",669016,2026,28,568,18,25,6,".260",".408",".304","0.148",".308",".301",40.8,8,42.6,"99.77357526","94.128250573",24.9,52.1
"Stowers, Kyle",669065,2026,28,512,21,31.4,10.2,".239",".459",".331","0.220",".341",".329",33.2,12.8,56.4,"103.41265375","96.673495417",35.6,53
"Langeliers, Shea",669127,2026,28,467,23,23.3,7.9,".262",".474",".328","0.212",".347",".352",37.3,13.3,43,"102.074391139","95.355812373",28.9,50.4
"Campusano, Luis",669134,2026,27,248,8,21.4,12.1,".265",".433",".363","0.168",".353",".327",37.7,8.1,37.7,"98.81458963","93.52656118",26,46.6
"Wells, Austin",669224,2026,26,388,14,26.5,12.4,".186",".332",".292","0.146",".281",".300",33.8,7.7,42.7,"100.248392609","94.397822435",27.9,46.3
"Jackson, Jeremiah",669236,2026,26,293,10,23.5,3.4,".217",".365",".247","0.148",".264",".282",29.7,8,37.7,"100.146694762","94.308516048",27.8,56.6
"Edman, Tommy",669242,2026,31,331,8,20.2,6.6,".247",".385",".329","0.138",".320",".303",29.4,5.3,32,"98.478885179","93.248303304",23,46.4
"Smith, Will",669257,2026,31,276,10,16.3,12.3,".260",".426",".355","0.166",".345",".389",43.3,12.4,41.2,"99.794320103","94.064249742",16.7,41.6
"Gorman, Nolan",669357,2026,26,302,9,32.5,10.9,".184",".308",".272","0.124",".260",".278",35.1,9.9,42.1,"100.669585581","94.503463216",37.8,49
"Edwards, Xavier",669364,2026,26,595,6,13.9,11.4,".280",".371",".360","0.091",".325",".311",36.3,3.2,28.4,"96.430260463","92.25030956",17.6,43.8
"Burger, Jake",669394,2026,30,620,28,26.9,9,".228",".421",".302","0.193",".316",".314",29.3,12.3,45.3,"102.402481173","95.51435624",34.2,49.6
"Schmitt, Casey",669477,2026,27,409,21,19.8,2.7,".271",".483",".301","0.212",".336",".355",39.4,12.3,44.8,"100.777605742","94.749369773",21.4,53.8
"Smith, Josh",669701,2026,28,243,6,23,10.3,".203",".321",".290","0.118",".275",".276",32.5,6.3,30,"96.888717922","92.448959545",24.3,47.2
"Triolo, Jared",669707,2026,28,362,3,19.9,7.7,".238",".302",".307","0.064",".278",".284",32.9,2.4,32.9,"97.382690726","92.701064274",22.1,45.1
"Lopez, Nicky",670032,2026,31,270,1,16.3,4.4,".270",".312",".322","0.042",".286",".270",28.5,0,22.2,"94.353526632","91.180435053",18.3,52.6
"Raley, Luke",670042,2026,31,287,15,32.4,5.2,".225",".439",".284","0.214",".313",".342",40.1,15.7,47.1,"102.124981786","95.507658563",40.9,54.1
"Alvarez, Yordan",670541,2026,29,691,42,17.2,15.8,".316",".602",".433","0.286",".429",".442",40,16,53.8,"104.94496","97.265576156",19.9,43.6
"Paredes, Isaac",670623,2026,27,659,25,13.4,10.8,".262",".447",".360","0.185",".355",".323",38.7,4.8,29.3,"96.56219225","92.297062688",14.7,43.4
"Walls, Taylor",670764,2026,29,433,2,24.2,10.4,".222",".298",".309","0.076",".278",".251",32.1,2.2,21.9,"95.29496336","91.704933333",22,43.2
"Friedl, TJ",670770,2026,30,272,4,23.2,8.1,".172",".255",".255","0.083",".236",".250",26.9,2.9,28,"96.910295","92.496872453",25,43.2
"Herrera, Iván",671056,2026,26,717,19,19.2,10.6,".241",".382",".353","0.141",".329",".336",31.6,6.2,40.6,"100.671085171","94.557141432",20.8,44.2
"Ramos, Heliot",671218,2026,26,442,13,27.4,7,".245",".411",".305","0.166",".312",".329",34.4,13.8,48.4,"103.254738156","96.13377",29.3,50.4
"García Jr., Luis",671277,2026,26,543,30,17.9,4.6,".277",".521",".309","0.244",".355",".341",33,12.2,46.1,"102.267913349","95.535729017",20.8,52.6
"Freeman, Tyler",671289,2026,27,288,3,11.8,3.8,".247",".314",".317","0.067",".289",".309",30.7,1.3,36,"98.258503889","93.223297037",12.4,50.6
"Butler, Lawrence",671732,2026,25,540,17,25.7,11.3,".237",".393",".325","0.156",".319",".326",30.8,8.6,44.8,"101.710451198","95.129016997",26.7,45.8
"Harris II, Michael",671739,2026,25,621,26,19.2,3.7,".294",".491",".321","0.197",".349",".342",31.9,10.3,47.6,"103.130943957","95.926012511",24.6,56.4
"Peters, Tristan",671976,2026,26,491,12,18.3,7.5,".265",".437",".337","0.172",".340",".314",33.1,5.4,34.1,"98.255124545","93.229307788",23,53.6
"Bailey, Patrick",672275,2026,27,345,10,26.7,8.1,".206",".335",".272","0.129",".271",".307",36.6,7.7,42.4,"100.12206633","94.504192064",26.8,49.6
"Kirk, Alejandro",672386,2026,27,313,10,12.1,10.5,".278",".415",".351","0.137",".333",".308",32.6,3.7,38.8,"99.504610744","93.893597884",15.8,43.5
"Moreno, Gabriel",672515,2026,26,549,16,14.6,11.1,".311",".486",".388","0.175",".380",".363",36.2,7.7,42.2,"99.899212438","94.093065075",15.5,41.1
"Garcia, Maikel",672580,2026,26,344,3,14.5,9.3,".268",".381",".334","0.113",".318",".318",32.8,4.2,40.5,"99.815128538","94.104949115",14.4,38.6
"Lopez, Otto",672640,2026,27,687,11,13,5.8,".305",".437",".349","0.132",".342",".327",30.4,6,40.8,"100.262247259","94.353564593",19.5,46.3
"Perdomo, Geraldo",672695,2026,26,680,9,12.6,14.1,".262",".377",".370","0.115",".336",".333",36.5,3.1,31.9,"96.798958983","92.48396053",11.8,38.8
"Peraza, Oswald",672724,2026,26,370,7,30,4.6,".226",".334",".282","0.108",".276",".272",32.3,6.1,36.2,"99.402264159","93.746132667",30.4,55.4
"Okamoto, Kazuma",672960,2026,30,636,33,28.8,9.3,".232",".452",".310","0.220",".332",".328",35.1,13.1,44.1,"101.291152371","94.970378557",32.8,46.9
"Diaz, Yainer",673237,2026,27,361,14,15.8,3.3,".285",".459",".313","0.174",".334",".312",29.4,6.9,38.8,"99.752823724","94.074011696",22.3,57.4
"Robert Jr., Luis",673357,2026,28,230,11,23.9,10.4,".221",".407",".300","0.186",".311",".321",27.2,9.9,40.4,"101.990246842","95.216749073",28.1,50.3
"Suzuki, Seiya",673548,2026,31,634,26,24.4,12.8,".270",".473",".368","0.203",".366",".340",36.9,10.7,38.9,"100.235200558","94.190827557",23.5,40.2
"Jung, Josh",673962,2026,28,444,12,18,7.9,".299",".462",".365","0.163",".362",".348",41.1,7.2,49.2,"100.183736149","94.6575581",18.5,47.4
"Williams, Alika",675961,2026,27,231,4,21.6,4.3,".270",".428",".307","0.158",".319",".248",30.8,1.2,32.7,"97.052140482","92.554231818",22.4,52.9
"DeLuca, Jonny",676356,2026,27,370,11,21.1,4.6,".266",".429",".300","0.163",".317",".261",28.7,3.6,30.2,"97.922432463","92.971243172",24.9,52.9
"Clement, Ernie",676391,2026,30,621,9,9.3,3.5,".259",".364",".285","0.105",".284",".258",31.5,2,20.8,"93.995982322","91.030114794",15.1,57.4
"Feduccia, Hunter",676439,2026,29,251,3,23.9,11.2,".221",".313",".312","0.092",".286",".312",36.4,7.4,37.9,"99.025957821","93.73099871",22.2,42
"Burleson, Alec",676475,2026,27,670,26,18.1,8.2,".279",".473",".343","0.194",".353",".374",34.6,11.3,50,"102.344379671","95.865822963",22.5,53.6
"Caballero, José",676609,2026,29,456,14,24.3,6.4,".231",".365",".290","0.134",".290",".278",31.7,4.2,25.6,"95.732982153","91.957054306",27.9,51.1
"Young, Jared",676724,2026,30,342,9,18.4,7.3,".266",".429",".330","0.163",".332",".321",30.2,7.7,46.8,"101.896708525","95.331303402",24.4,47.4
"Rocchio, Brayan",677587,2026,25,592,15,14.4,6.4,".253",".391",".313","0.138",".311",".294",34.9,2.9,30,"96.81810991","92.455591951",22.1,50
"Tena, José",677588,2026,25,288,7,31.3,9.4,".222",".370",".302","0.148",".299",".291",30.4,8.3,46.4,"102.541901667","95.570783929",34.3,47.6
"Rodríguez, Julio",677594,2026,25,654,22,22.2,7.2,".247",".401",".307","0.154",".310",".334",31.6,8.8,43.7,"102.316356211","95.508712313",26.5,52
"Duran, Ezequiel",677649,2026,27,597,17,23.6,7.7,".260",".419",".320","0.159",".324",".300",34.1,6,38.8,"99.527392222","93.948516937",26.2,51.8
"Abreu, Wilyer",677800,2026,27,681,24,20.7,10.4,".248",".446",".327","0.198",".335",".346",36.2,12.5,43.5,"100.851443463","94.713825411",24.6,47.5
"Alexander, Blaze",677942,2026,27,289,4,21.8,6.6,".303",".414",".358","0.111",".340",".351",40.8,6.6,48.8,"100.590883438","95.214491406",25.3,56.1
"Witt Jr., Bobby",677951,2026,26,632,18,17.2,10.6,".281",".441",".359","0.160",".345",".378",37.3,11.4,50.3,"103.195144375","96.21586125",24.8,48.6
"Valenzuela, Brandon",678218,2026,25,271,9,25.5,10.7,".222",".372",".307","0.150",".303",".313",37.8,7,38.4,"99.463470941","93.870578639",25.8,49.4
"Vargas, Miguel",678246,2026,26,704,33,17.9,14.3,".250",".474",".363","0.224",".363",".378",39.4,13,43.8,"100.367790769","94.615853953",21,43.9
"Vivas, Jorbit",678391,2026,25,364,3,14.6,11.3,".238",".322",".331","0.084",".298",".292",34.3,3,21.5,"94.277617252","91.318865649",18.1,49.5
"Mead, Curtis",678554,2026,25,329,17,19.1,11.9,".253",".498",".353","0.245",".370",".358",35.6,10.9,42.3,"100.226240455","94.227892192",18.1,40.6
"Tovar, Ezequiel",678662,2026,24,506,13,25.5,5.7,".219",".353",".264","0.134",".270",".281",35.5,7,33.2,"98.504437798","93.327897642",29.3,61.1
"Rafaela, Ceddanne",678882,2026,25,576,16,20.3,3.8,".285",".444",".321","0.159",".332",".285",34.5,5.4,31.9,"96.938008578","92.469893389",24.8,57.7
"Torkelson, Spencer",679529,2026,26,612,26,31.7,11.6,".230",".435",".331","0.205",".337",".314",40.8,12.2,42,"100.004777083","94.454666358",32.4,42.3
"Foscue, Justin",679822,2026,27,247,11,25.1,6.9,".271",".484",".332","0.213",".354",".325",34.1,10.4,42.1,"99.414065","93.903911646",20.3,46.1
"Loftin, Nick",679845,2026,27,426,8,17.1,9.6,".240",".388",".322","0.148",".315",".293",35.9,4.2,29.7,"96.863698054","92.517021275",17.6,40.9
"McLain, Matt",680574,2026,26,496,15,28,9.7,".185",".334",".274","0.149",".272",".293",35.3,9,35.6,"98.618121507","93.445306873",28.4,44.2
"Palacios, Richie",680700,2026,29,399,10,17,11.5,".235",".374",".330","0.139",".316",".306",33.1,4,28.8,"96.521348897","92.287697638",20.7,46.6
"Kwan, Steven",680757,2026,28,637,3,9.7,13.3,".282",".349",".382","0.067",".334",".329",40.6,0.4,10.5,"92.155845128","90.116779572",8.2,35.7
"Duran, Jarren",680776,2026,29,608,20,27.1,6.7,".207",".361",".266","0.154",".274",".301",31.6,9.1,39.9,"101.406714352","94.830670364",33.5,51
"Jeffers, Ryan",680777,2026,29,369,14,17.9,12.5,".256",".461",".353","0.205",".353",".344",35.8,10.2,40.9,"100.699453622","94.550549016",17.3,40.5
"Davis, Henry",680779,2026,26,298,10,21.1,9.4,".172",".313",".272","0.141",".267",".290",27.8,8.6,40.9,"100.662878211","94.625487368",25.6,53
"Gelof, Zack",680869,2026,26,435,22,24.6,7.1,".256",".475",".322","0.219",".346",".323",29.3,10.8,42.8,"100.062189716","94.348921388",29.2,46.7
"Stott, Bryson",681082,2026,28,608,10,16.4,10.2,".256",".401",".334","0.145",".326",".330",35,5.9,37.7,"98.738688539","93.548267397",18.7,41.8
"Rumfield, TJ",681198,2026,26,631,16,13.6,11.4,".300",".453",".390","0.153",".373",".333",37.4,5,27.9,"96.180816261","92.096667739",18.8,48.3
"Cowser, Colton",681297,2026,26,392,13,30.9,11.7,".226",".370",".317","0.144",".307",".315",33,9.4,41.1,"100.438488468","94.32395819",32.6,44.2
"O'Hoppe, Logan",681351,2026,26,275,4,24.7,6.2,".218",".302",".274","0.084",".259",".267",30.5,9.1,35.8,"98.818916667","93.427971774",28.7,51.2
"Norby, Connor",681393,2026,26,383,7,28.2,10.4,".243",".377",".342","0.134",".323",".310",35.3,7.6,36.2,"97.877602857","93.052188969",29,50.6
"Carpenter, Kerry",681481,2026,28,259,13,29,6.9,".208",".416",".276","0.208",".301",".295",35.2,9.6,44,"99.080080759","93.824390955",28.6,50.2
"Gasper, Mickey",681508,2026,30,225,10,17.3,12,".251",".466",".357","0.215",".361",".353",31.8,10.4,37.7,"99.00274974","93.70203817",18.1,38.5
"Pages, Andy",681624,2026,25,574,23,19.7,8.5,".274",".468",".343","0.194",".352",".343",37.4,7.9,42.3,"99.860630297","94.161986015",22.1,47.2
"Hernández, Heriberto",681715,2026,26,505,25,26.5,10.3,".228",".442",".313","0.214",".329",".347",32.1,12.7,48.3,"101.898366943","95.546344841",32.5,45.2
"Fry, David",681807,2026,30,214,8,27.6,13.1,".201",".364",".313","0.163",".304",".271",25.6,6.5,34.4,"97.873392459","92.951842459",28.9,43.8
"Schneemann, Daniel",682177,2026,29,286,7,29.4,8.4,".210",".332",".276","0.122",".272",".292",33.7,8.4,38.4,"98.794739888","93.514708652",31.5,49.7
"Marte, Noelvi",682622,2026,24,201,6,25.9,5,".189",".321",".229","0.132",".242",".237",19.4,5.1,30.2,"98.929259559","93.570955294",27.5,52
"Alvarez, Francisco",682626,2026,24,420,16,30.7,9.3,".233",".399",".311","0.166",".313",".322",32.9,15.4,48,"102.913628049","95.848454472",34.8,45.4
"Martínez, Angel",682657,2026,24,416,18,21.9,3.1,".254",".465",".290","0.211",".326",".299",35.1,7.2,35.5,"98.989455168","93.585370839",20.7,54.3
"Ramírez, Agustín",682663,2026,24,255,5,23.9,10.2,".235",".354",".318","0.119",".300",".285",26.5,4.2,41.6,"102.266998795","95.305171928",29.8,49.1
"Acuña, Luisangel",682668,2026,24,224,2,19.6,4,".229",".276",".261","0.047",".241",".269",24.7,3.5,36.5,"99.237194699","93.747815152",25.8,51.3
"De La Cruz, Elly",682829,2026,24,636,30,27.5,11.3,".283",".515",".365","0.232",".380",".376",36.2,16.3,53.7,"105.414008947","97.793114908",28.1,40.2
"Abrams, CJ",682928,2026,25,654,33,24.2,8.7,".261",".497",".336","0.236",".358",".333",34.2,10.6,40.5,"99.979603803","94.2347827",29.6,51.3
"Greene, Riley",682985,2026,25,592,21,26.5,12,".280",".474",".370","0.194",".366",".369",39.8,14.8,46,"102.260968","95.510780139",29.9,46.1
"Jones, Spencer",682987,2026,25,289,11,36.3,8.7,".245",".429",".313","0.184",".323",".328",43.9,15.9,55.1,"104.238740633","97.083013248",38.7,53.2
"Carroll, Corbin",682998,2026,25,671,22,22.5,10.9,".239",".467",".328","0.228",".341",".341",30.3,12.2,47.6,"101.887905392","95.42745629",27.2,45.6
"Henderson, Gunnar",683002,2026,25,702,24,22.2,9.5,".225",".403",".309","0.178",".313",".322",32.6,7.7,43.3,"100.503316128","94.513387015",23.3,47.5
"Volpe, Anthony",683011,2026,25,246,2,22.8,10.2,".245",".336",".321","0.091",".297",".291",33.3,4.9,37,"98.213619268","93.220690982",25.2,45.9
"Nuñez, Nasim",683083,2026,25,493,1,20.1,9.9,".209",".244",".291","0.035",".251",".268",28.9,0.9,22.2,"95.081777107","91.558154732",21.6,47.1
"Baty, Brett",683146,2026,26,473,11,26.4,9.3,".238",".374",".311","0.136",".304",".321",36.7,10.3,42,"101.4330448","95.001666187",29.3,49.1
"Caissie, Owen",683357,2026,23,330,14,37.3,8.2,".220",".412",".288","0.192",".304",".302",42.6,14.2,44.9,"101.808296322","95.280737126",35.6,46.2
"Vaughn, Andrew",683734,2026,28,331,6,16,10.6,".306",".444",".390","0.138",".368",".329",30.4,5.1,43.5,"99.521519328","94.307560675",19.5,38.3
"Busch, Michael",683737,2026,28,710,20,23.2,13,".242",".393",".352","0.151",".333",".331",34.3,9.1,39.8,"98.887664018","93.612834247",25.7,43.7
"Mesa Jr., Victor",683748,2026,24,262,14,20.2,8.8,".260",".498",".327","0.238",".355",".329",31.9,10.8,42.2,"100.402323596","94.536340734",25.5,55
"Koss, Christian",683766,2026,28,221,4,26.7,4.1,".217",".305",".257","0.088",".251",".235",29.1,4,26.5,"96.216977143","92.149313381",30.1,54.2
"Bazzana, Travis",683953,2026,23,517,15,20.7,10.8,".245",".408",".335","0.163",".328",".299",30,5.2,36.2,"98.286642849","93.307251628",23.2,45.9
"Meckler, Wade",685133,2026,26,337,3,18.7,9.5,".300",".387",".373","0.087",".341",".314",33.9,2.9,33.5,"96.774560086","92.481747662",20.8,44
"Frelick, Sal",686217,2026,26,384,4,9.9,8.1,".230",".319",".295","0.089",".275",".281",27.4,2.3,26.8,"96.291650133","92.170939431",10.1,42.8
"Pasquantino, Vinnie",686469,2026,28,481,17,15.8,10.6,".249",".428",".333","0.179",".331",".338",36.3,9.5,41.7,"99.863712586","94.360170316",15.2,46.5
"Canzone, Dominic",686527,2026,28,533,23,20.6,9,".264",".484",".336","0.220",".354",".359",35.7,12.2,44.9,"102.30065773","95.598142703",26.4,47.3
"Collins, Isaac",686555,2026,28,519,6,23.1,12.3,".213",".321",".320","0.108",".293",".295",29.6,5.2,39.3,"99.734642671","93.971010248",21.8,40.4
"Crews, Dylan",686611,2026,24,443,13,24.2,6.8,".223",".374",".289","0.151",".294",".317",33.9,9.4,43.3,"101.188552703","94.814070441",29.4,51.7
"Doyle, Brenton",686668,2026,28,223,6,32.7,5.4,".233",".362",".275","0.129",".280",".245",26.8,6.7,35.5,"99.562287273","93.941207348",32.5,54.5
"Massey, Michael",686681,2026,28,452,13,16.6,4.6,".274",".430",".305","0.156",".318",".307",36.5,6.2,39,"98.938369885","93.697569454",19.5,53.5
"Sogard, Nick",686765,2026,28,277,5,20.2,11.2,".255",".385",".342","0.130",".325",".311",38.1,4.8,28.6,"96.712474831","92.356740899",20.4,39.9
"Pagés, Pedro",686780,2026,27,211,4,26.5,6.6,".217",".312",".275","0.095",".264",".273",30.9,4.3,37.7,"99.310410149","93.682204776",28.1,49.1
"Lee, Brooks",686797,2026,25,631,24,16.2,5.9,".253",".428",".300","0.175",".316",".281",32.2,4.5,34.2,"97.530784362","92.893899278",20.8,53.4
"Baldwin, Drake",686948,2026,25,615,25,21.5,8.9,".284",".459",".358","0.175",".358",".370",37.5,12.9,50.6,"102.266130048","95.835253771",24.4,51.2
"Grissom, Vaughn",687093,2026,25,474,13,18.4,6.5,".242",".386",".307","0.144",".306",".309",33.5,6.7,35.6,"98.529330819","93.416728622",22.1,48.8
"Rushing, Dalton",687221,2026,25,253,12,29.2,9.1,".246",".460",".328","0.214",".344",".336",35.8,11.9,43.7,"101.8105508","95.071908725",31.8,49.1
"Neto, Zach",687263,2026,25,704,27,30.5,9.9,".239",".436",".330","0.197",".336",".317",38.3,11.9,41.6,"99.89467408","94.293639279",32.9,50.3
"Ortiz, Joey",687401,2026,27,415,9,19.8,8.4,".270",".402",".328","0.132",".321",".297",29.2,4,37.6,"99.747955517","94.078216747",19.9,44.8
"Horwitz, Spencer",687462,2026,28,451,10,16.2,12,".244",".364",".344","0.120",".319",".310",30.3,5.7,30.3,"97.056959177","92.586667152",16.4,40.8
"Gilbert, Drew",687551,2026,25,393,11,18.1,9.9,".238",".394",".330","0.156",".320",".334",36.5,5.9,37.2,"98.388191045","93.199814328",22.4,41.8
"Beavers, Dylan",687637,2026,24,363,9,27.3,9.6,".228",".373",".307","0.145",".302",".295",38.3,8.4,38.3,"99.418492655","93.865557644",25.3,42
"Johnston, Troy",687859,2026,29,449,4,18.5,8.2,".277",".393",".348","0.116",".329",".323",39.7,2.2,36.9,"98.35935121","93.374621342",24.7,52.5
"Encarnacion-Strand, Christian",687952,2026,26,213,11,25.8,5.2,".277",".513",".325","0.236",".358",".332",35.7,14,37.8,"100.754412535","94.581771761",28.6,60
"Hicks, Liam",689414,2026,27,554,18,9.9,10.1,".284",".434",".367","0.150",".352",".319",30.8,3.7,27.1,"96.114190607","92.069028173",11.4,41.7
"Freeland, Alex",690976,2026,24,269,4,27.5,11.9,".234",".325",".327","0.091",".297",".297",34.6,6.2,39.5,"99.359352564","93.907805449",27.7,40.1
"Keith, Colt",690993,2026,24,423,10,19.9,7.6,".258",".406",".322","0.148",".321",".333",38.1,7.6,42.1,"100.101906954","94.295002159",22.3,43.8
"Romo, Drew",691011,2026,24,206,7,22.8,9.7,".144",".294",".240","0.150",".243",".262",26.5,5.9,26.5,"95.617195606","91.855851364",30.2,51.2
"Soderstrom, Tyler",691016,2026,24,453,19,20.1,11.7,".245",".472",".338","0.227",".349",".327",31,9.5,45.4,"101.631681895","95.094575115",22.9,45.9
"Walker, Jordan",691023,2026,24,667,29,26.1,7.5,".269",".466",".327","0.197",".344",".340",32.3,13.2,49.9,"104.782178227","96.841838884",32.3,52.1
"Winn, Masyn",691026,2026,24,532,5,21.8,9,".232",".317",".308","0.085",".283",".297",33,3.3,34.9,"98.548306592","93.333175698",23.7,41.2
"Domínguez, Jasson",691176,2026,23,222,6,21.6,4.5,".225",".368",".267","0.143",".279",".289",30.4,5.6,39.1,"100.452019875","94.3967335",24.8,50.7
"Caminero, Junior",691406,2026,22,702,42,18.4,11.3,".276",".524",".360","0.248",".375",".364",27.1,13.1,49.7,"105.207732408","97.122382367",24.1,44.4
"Sanoja, Javier",691594,2026,23,490,11,8,5.5,".295",".458",".333","0.163",".342",".295",33.5,2.8,32.3,"97.327541304","92.69141843",11.8,52.3
"Crow-Armstrong, Pete",691718,2026,24,726,45,25.8,11.4,".280",".570",".372","0.290",".400",".374",38.1,13.3,48.6,"102.38778711","95.808047982",26.3,50.1
"Karros, Kyle",691720,2026,23,475,13,21.1,11.4,".253",".414",".347","0.161",".336",".334",40.8,8.3,41.1,"100.509474679","94.534265256",24.6,44.2
"Mayo, Coby",691723,2026,24,454,24,30.4,7.9,".228",".461",".297","0.233",".328",".336",34.5,13.5,47.3,"103.504519203","96.350757345",29.6,46.4
"Muncy, Max",691777,2026,23,284,9,32,7.4,".230",".387",".296","0.157",".300",".288",33.3,10.7,43.5,"101.562068929","95.003906131",32.4,50
"House, Brady",691781,2026,23,355,10,25.6,8.2,".247",".397",".313","0.150",".313",".333",31,9.5,47.8,"102.255890517","95.508442857",29.8,50.6
"Mayer, Marcelo",691785,2026,23,245,3,20.8,7.3,".209",".295",".275","0.086",".258",".257",26.7,6.4,35.5,"98.064535176","93.036398353",27.5,48.7
"Mack, Joe",691788,2026,23,330,14,24.8,5.8,".234",".403",".282","0.169",".299",".292",26.9,8.4,38.3,"99.584000631","94.018511081",25.5,48
"Gonzales, Nick",693304,2026,27,608,6,16.3,7.1,".303",".388",".367","0.085",".339",".327",34.4,3.1,34,"97.617289778","92.87303882",22.7,52.5
"Dingler, Dillon",693307,2026,27,607,27,22.9,5.6,".243",".446",".302","0.203",".325",".344",39.1,10.1,43.4,"100.44813399","94.484766322",22.4,48.2
"Chourio, Jackson",694192,2026,22,573,25,23.4,8.2,".291",".487",".351","0.196",".361",".344",33.3,12.3,47,"102.267018667","95.707575064",25.1,47.8
"Guzman, Denzer",694203,2026,22,304,8,25.7,5.6,".219",".336",".266","0.117",".267",".265",34.3,4.8,34.8,"98.32811","93.190886195",27,53.3
"Ballesteros, Moisés",694208,2026,22,352,9,23.3,8.5,".215",".331",".281","0.116",".274",".290",31,8.4,45.2,"100.76211605","94.800704599",28.5,51.1
"Basallo, Samuel",694212,2026,21,399,18,26.6,8,".222",".406",".291","0.184",".303",".318",30.7,12.1,42.8,"102.043554531","95.284916523",31.5,52.9
"Carrigg, Cole",694249,2026,24,372,12,23.9,7.5,".279",".477",".341","0.198",".352",".316",37.2,6.4,37.6,"99.173843115","93.743895615",25.2,53.4
"Tawa, Tim",694374,2026,27,351,11,23.9,7.7,".240",".393",".297","0.153",".302",".315",35.4,10.5,43.8,"100.77373087","94.791945895",28,49
"Gonzalez, Jacob",694378,2026,24,227,7,19.4,5.3,".220",".364",".274","0.144",".282",".305",33.5,4.8,37.3,"98.854108554","93.490033212",21.1,55.5
"Schanuel, Nolan",694384,2026,24,446,7,13,9.4,".276",".385",".351","0.109",".328",".334",36.5,2.4,32.9,"97.253987337","92.679381893",16.4,44.5
"Carter, Evan",694497,2026,23,455,9,25.1,10.3,".194",".315",".288","0.121",".274",".280",28.7,4.8,34.9,"98.726085185","93.426463755",29.1,41.7
"Langford, Wyatt",694671,2026,24,471,17,22.7,11.7,".238",".421",".333","0.183",".333",".319",32.5,7.9,36.4,"99.42584634","93.857821902",25.3,46.5
"Matthews, Brice",694728,2026,24,233,7,31.8,6.9,".201",".332",".255","0.131",".260",".261",30.1,8.5,36.4,"99.48979209","93.878187068",36,46.6
"Caglianone, Jac",695506,2026,23,553,23,26,6,".289",".494",".340","0.205",".360",".357",33.9,13,54.7,"105.528979243","97.619020786",29.4,54.6
"Wood, James",695578,2026,23,623,30,28.7,16.4,".265",".503",".388","0.238",".383",".403",36.7,18.6,58.9,"106.450190888","98.576997389",30.1,37.6
"Jensen, Carter",695600,2026,22,603,27,28.2,10.8,".239",".467",".323","0.228",".341",".318",33,12.7,44.8,"102.069247033","95.57430843",29.7,44.7
"Montgomery, Colson",695657,2026,24,638,31,35.6,8.5,".197",".403",".282","0.206",".300",".294",32.9,12,40.9,"101.158593626","94.756398123",37.4,51.5
"Montgomery, Braden",695731,2026,23,365,6,19.7,10.4,".226",".350",".312","0.124",".298",".325",28.2,4.4,40.9,"100.06983808","94.25030544",30.1,50.4
"Lile, Daylen",695734,2026,23,655,22,19.4,6.1,".246",".429",".296","0.183",".312",".324",37.8,9.6,38,"99.074034958","93.689429833",23.6,55.8
"Osuna, Alejandro",696030,2026,23,233,1,15.9,8.2,".260",".304",".349","0.044",".303",".301",33.9,0.6,29.2,"97.972907439","93.067395828",17.5,48.4
"Goodman, Hunter",696100,2026,26,574,41,30.5,8,".245",".529",".310","0.284",".355",".321",32.2,14.5,44.3,"102.186271792","95.364146098",34,54.6
"Young, Jacob",696285,2026,26,471,10,16.6,7,".252",".390",".318","0.138",".313",".313",36.3,5.7,31.4,"97.660091228","92.883830587",20.8,43.8
"Valdez, Esmerlyn",699013,2026,22,287,17,37.6,14.6,".232",".510",".345","0.278",".368",".332",34.6,19.9,49.3,"102.626347206","95.946204412",40.2,41.3
"Ramírez, Pedro",699393,2026,22,266,6,18.4,7.5,".261",".402",".321","0.141",".315",".284",29.7,4.1,39,"99.586362371","93.950119948",20.2,50.2
"Fernandez, Jose",699912,2026,22,222,3,23,5,".255",".343",".300","0.088",".287",".281",28.5,3.8,38.6,"100.3141396","94.264477919",24.9,45.8
"Rice, Ben",700250,2026,27,667,41,24.3,12.7,".264",".534",".363","0.270",".384",".378",38.4,14.3,48.6,"101.739325556","95.439571618",25.4,43.2
"Quero, Edgar",700337,2026,23,217,3,19.8,8.3,".203",".257",".284","0.054",".251",".282",26.5,2.7,39.1,"99.170153425","94.034440205",21.3,49.4
"Manzardo, Kyle",700932,2026,25,356,13,32,10.1,".215",".378",".306","0.163",".305",".307",34.5,12,41,"98.784676465","93.74206596",30.6,46.5
"Anthony, Roman",701350,2026,22,242,5,27.3,12,".245",".396",".339","0.151",".326",".341",38.4,11.7,46.6,"102.442735205","95.858888345",29,39.7
"Smith, Cam",701358,2026,23,568,21,26.1,7.7,".210",".390",".279","0.180",".293",".316",31.3,11.2,43.5,"101.663413607","95.013701534",29.1,48.5
"Stewart, Sal",701398,2026,22,700,32,22.1,9,".263",".457",".330","0.194",".339",".343",35.4,12.2,41.6,"100.796886111","94.787875589",27,49.6
"Merrill, Jackson",701538,2026,23,664,26,24.1,6.2,".254",".440",".303","0.186",".320",".347",39.8,12.4,48.7,"101.402458194","95.327540397",27.6,56.1
"Church, Nathan",701675,2026,25,470,10,17.2,5.3,".247",".364",".290","0.117",".288",".283",34.2,5.3,30,"96.943636954","92.484705562",20.5,56.2
"Lee, Hao-Yu",701678,2026,23,364,10,23.9,8.2,".264",".424",".322","0.160",".325",".302",34.8,8.5,41.3,"100.217537236","94.379399184",27.2,46.9
"Kurtz, Nick",701762,2026,23,434,21,32.5,18.2,".256",".483",".396","0.227",".381",".374",38.9,18,57.3,"106.18726581","98.206808714",36.9,43.1
"Benge, Carson",701807,2026,23,654,20,21.7,7.6,".282",".430",".346","0.148",".342",".341",38.1,7.3,38.8,"99.519345378","93.954813653",21.4,45.8
"Crawford, Justin",702222,2026,22,465,3,17.6,5.8,".264",".353",".309","0.089",".294",".284",28.6,2,35.1,"98.072316272","93.092773145",17.7,53.3
"Young, Cole",702284,2026,22,638,17,17.1,6.9,".246",".381",".312","0.135",".308",".316",33.1,5.1,37.5,"99.048189106","93.636134222",19.6,48.1
"Durbin, Caleb",702332,2026,26,586,13,13.5,8.7,".248",".378",".332","0.130",".317",".291",29.5,2.7,25,"95.122217783","91.603408774",16.4,46.3
"Holliday, Jackson",702616,2026,22,354,7,23.7,9.6,".229",".340",".300","0.111",".284",".293",36.4,6.4,33.1,"97.252535641","92.656907564",26.9,45
"Clark, Max",703601,2026,21,206,3,20.4,8.7,".272",".417",".350","0.145",".337",".314",35.2,2.1,38,"98.281387353","93.26224",16.7,46
"Bolte, Henry",703607,2026,22,473,11,28.1,8.2,".277",".405",".359","0.128",".341",".317",27.7,8.1,48.6,"104.45817","96.694969321",32.8,50
"DeLauter, Chase",800050,2026,24,559,16,14.7,10.7,".287",".457",".363","0.170",".359",".346",35.1,6.3,46.3,"101.342521401","95.083377367",15,42.3
"Lara, Luis",800325,2026,21,212,1,21.7,8.5,".246",".325",".311","0.079",".286",".293",34.7,3.4,41.5,"98.840899189","93.57850966",17,42.1
"Wetherholt, JJ",802139,2026,23,619,17,16.8,10.3,".242",".365",".339","0.123",".318",".347",34.9,7.4,44.9,"99.375158009","94.023919118",20.2,42
"Simpson, Chandler",802415,2026,25,612,0,7.8,4.2,".306",".356",".333","0.050",".305",".263",25.7,0,13.4,"92.6114076","90.38555626",10.8,48.5
"Antonacci, Sam",803011,2026,23,557,8,14.7,7.7,".277",".396",".370","0.119",".345",".348",38,5,33.6,"97.500539045","92.834841231",14.7,42.5
"Griffin, Konnor",804606,2026,20,339,6,24.2,5.9,".272",".404",".324","0.132",".320",".316",33.6,7,37.5,"100.514009123","94.37599163",28.9,51.8
"Marsee, Jakob",805300,2026,25,616,11,20.5,12.7,".231",".359",".348","0.128",".321",".314",33.5,3.8,34.5,"97.82960178","92.989467585",18,40.9
"Meidroth, Chase",805367,2026,24,643,16,21.9,9.5,".276",".415",".350","0.139",".339",".301",34.1,4.6,34.6,"97.389329665","92.822576483",19.7,42
"Wilson, Jacob",805779,2026,24,337,7,11.6,3.6,".266",".388",".298","0.122",".301",".282",31.4,2.5,27.6,"95.600927914","91.814204116",14.8,55.9
"McGonigle, Kevin",805808,2026,21,707,18,14.1,13.4,".278",".430",".376","0.152",".357",".355",36.3,7.3,37.6,"98.454122638","93.40873561",16.2,42.9
"Eldridge, Bryce",805811,2026,21,448,17,26.6,13.2,".269",".461",".364","0.192",".361",".359",36.7,11.5,52.2,"102.568509037","96.138444275",27.1,43.1
"Ewing, A.J.",805999,2026,21,492,11,25.4,9.3,".252",".376",".324","0.124",".311",".320",35.1,7.5,42.3,"100.034776474","94.356587331",24.6,46.1
"Emerson, Colt",806068,2026,20,241,8,34.4,6.2,".190",".335",".246","0.145",".256",".248",36.2,5,31.2,"97.184861884","92.601587174",34.1,53.6
"Pratt, Cooper",806198,2026,21,266,3,18,9.8,".281",".368",".350","0.087",".320",".315",41.1,3.2,27.4,"96.569258681","92.330532155",21.8,46.4
"Keaschall, Luke",807712,2026,23,620,10,14,9.5,".282",".407",".374","0.125",".348",".321",35,3.8,29.1,"96.573873378","92.291221351",16.9,42.6
"Shaw, Matt",807713,2026,24,202,5,17.3,10.4,".237",".410",".327","0.173",".325",".303",30.8,4.2,34.3,"97.547695362","92.811021022",20.1,45.7
"Yoshida, Masataka",807799,2026,32,297,5,11.1,9.4,".274",".399",".347","0.125",".330",".318",30,3.4,39.9,"99.027488034","93.672635923",15.6,42.6
"Murakami, Munetaka",808959,2026,26,553,35,35.4,16.6,".207",".478",".347","0.271",".356",".351",30.5,20.5,56.8,"104.390023411","97.318357821",42.3,40.7
"Lee, Jung Hoo",808982,2026,27,579,10,9.8,5,".276",".404",".320","0.128",".317",".315",36,2.3,31.5,"96.907185726","92.569166245",12.5,47.7
"Williamson, Ben",810938,2026,25,286,3,18.9,7.7,".238",".318",".302","0.080",".280",".286",30.8,1.9,33.2,"97.971571667","93.035610542",17.6,42.9
"Waldschmidt, Ryan",814439,2026,23,284,3,29.9,7.7,".256",".368",".325","0.112",".309",".297",45.6,6.5,29.8,"97.453410241","92.72670512",31.7,43.6